image,true_class,predicted_class,confidence
C:\Users\siddh\Downloads\plant dataset\New Plant Diseases Dataset(Augmented)\New Plant Diseases Dataset(Augmented)\valid\Potato___Late_blight\e7e39ba3-b9af-4d5f-afb1-aea45e13446a___RS_LB 2876.JPG,Potato___Late_blight,Tomato___Late_blight,0.9877265095710754
C:\Users\siddh\Downloads\plant dataset\New Plant Diseases Dataset(Augmented)\New Plant Diseases Dataset(Augmented)\valid\Tomato___Early_blight\7b32caa4-0d67-4b84-a1bf-cf9dffd7ffe5___RS_Erly.B 6405.JPG,Tomato___Early_blight,Tomato___Late_blight,0.9854661226272583
C:\Users\siddh\Downloads\plant dataset\New Plant Diseases Dataset(Augmented)\New Plant Diseases Dataset(Augmented)\valid\Tomato___Septoria_leaf_spot\2b400c69-36a9-4b78-90a0-3702cd38c896___Matt.S_CG 6876.JPG,Tomato___Septoria_leaf_spot,Tomato___Late_blight,0.9785946011543274
C:\Users\siddh\Downloads\plant dataset\New Plant Diseases Dataset(Augmented)\New Plant Diseases Dataset(Augmented)\valid\Tomato___Early_blight\a3d07302-420d-4b4e-94f2-6694ef9d2088___RS_Erly.B 7652.JPG,Tomato___Early_blight,Tomato___Late_blight,0.9779257774353027
C:\Users\siddh\Downloads\plant dataset\New Plant Diseases Dataset(Augmented)\New Plant Diseases Dataset(Augmented)\valid\Tomato___Bacterial_spot\2bb3c4e6-350a-411b-a1d2-d33f6173b1b9___UF.GRC_BS_Lab Leaf 0258.JPG,Tomato___Bacterial_spot,Tomato___Late_blight,0.9750080108642578
C:\Users\siddh\Downloads\plant dataset\New Plant Diseases Dataset(Augmented)\New Plant Diseases Dataset(Augmented)\valid\Tomato___Early_blight\e330dc16-fdf9-4eee-8b09-88bfb5537180___RS_Erly.B 7601.JPG,Tomato___Early_blight,Tomato___Late_blight,0.959967851638794
C:\Users\siddh\Downloads\plant dataset\New Plant Diseases Dataset(Augmented)\New Plant Diseases Dataset(Augmented)\valid\Potato___healthy\111cd9d8-4d27-4225-be9e-d29b21cf56b9___RS_HL 5419_newGGR.JPG,Potato___healthy,Soybean___healthy,0.9595236778259277
C:\Users\siddh\Downloads\plant dataset\New Plant Diseases Dataset(Augmented)\New Plant Diseases Dataset(Augmented)\valid\Peach___Bacterial_spot\7b23b182-b353-457d-94db-c4ddd6fdcdd8___Rut._Bact.S 0975.JPG,Peach___Bacterial_spot,Peach___healthy,0.956379234790802
C:\Users\siddh\Downloads\plant dataset\New Plant Diseases Dataset(Augmented)\New Plant Diseases Dataset(Augmented)\valid\Tomato___Early_blight\0db67be3-f733-4d15-b7d9-5d075b2cafc7___RS_Erly.B 6401.JPG,Tomato___Early_blight,Tomato___Late_blight,0.9497753977775574
C:\Users\siddh\Downloads\plant dataset\New Plant Diseases Dataset(Augmented)\New Plant Diseases Dataset(Augmented)\valid\Potato___healthy\3a00204c-5e53-4e5d-95a6-f8819031744e___RS_HL 5420_flipLR.JPG,Potato___healthy,Soybean___healthy,0.9429344534873962
C:\Users\siddh\Downloads\plant dataset\New Plant Diseases Dataset(Augmented)\New Plant Diseases Dataset(Augmented)\valid\Corn_(maize)___Cercospora_leaf_spot Gray_leaf_spot\dcfbea5d-0fe7-460b-bd16-3878cef2da71___RS_GLSp 4482.JPG,Corn_(maize)___Cercospora_leaf_spot Gray_leaf_spot,Corn_(maize)___Northern_Leaf_Blight,0.9419571757316589
C:\Users\siddh\Downloads\plant dataset\New Plant Diseases Dataset(Augmented)\New Plant Diseases Dataset(Augmented)\valid\Tomato___Early_blight\3be94535-c405-4f67-99cb-6ffc5f596639___RS_Erly.B 7783.JPG,Tomato___Early_blight,Tomato___Late_blight,0.9387092590332031
C:\Users\siddh\Downloads\plant dataset\New Plant Diseases Dataset(Augmented)\New Plant Diseases Dataset(Augmented)\valid\Potato___Late_blight\969aa93b-46d1-478c-a398-dcb4ed7d27bd___RS_LB 2870.JPG,Potato___Late_blight,Tomato___Late_blight,0.936916708946228
C:\Users\siddh\Downloads\plant dataset\New Plant Diseases Dataset(Augmented)\New Plant Diseases Dataset(Augmented)\valid\Tomato___Early_blight\9305f21d-4558-49ae-b831-a7a1a4d399c2___RS_Erly.B 7417.JPG,Tomato___Early_blight,Tomato___Late_blight,0.9366326928138733
C:\Users\siddh\Downloads\plant dataset\New Plant Diseases Dataset(Augmented)\New Plant Diseases Dataset(Augmented)\valid\Tomato___Septoria_leaf_spot\25f7a39f-7fef-4f5d-af4f-cf21934f516a___JR_Sept.L.S 2493.JPG,Tomato___Septoria_leaf_spot,Tomato___Late_blight,0.9351071715354919
C:\Users\siddh\Downloads\plant dataset\New Plant Diseases Dataset(Augmented)\New Plant Diseases Dataset(Augmented)\valid\Corn_(maize)___Cercospora_leaf_spot Gray_leaf_spot\629273b6-9eaa-4084-b72b-ac856a9ef899___RS_GLSp 4636.JPG,Corn_(maize)___Cercospora_leaf_spot Gray_leaf_spot,Corn_(maize)___Northern_Leaf_Blight,0.9330012798309326
"C:\Users\siddh\Downloads\plant dataset\New Plant Diseases Dataset(Augmented)\New Plant Diseases Dataset(Augmented)\valid\Pepper,_bell___healthy\2ba359a8-68ff-4f4b-9c8d-10cab127b257___JR_HL 8294_flipTB.JPG","Pepper,_bell___healthy","Pepper,_bell___Bacterial_spot",0.9319326281547546
C:\Users\siddh\Downloads\plant dataset\New Plant Diseases Dataset(Augmented)\New Plant Diseases Dataset(Augmented)\valid\Tomato___Septoria_leaf_spot\9604c3d8-1ccd-4aea-8e31-b90ad17bdae1___JR_Sept.L.S 8406.JPG,Tomato___Septoria_leaf_spot,Tomato___Late_blight,0.9309499263763428
C:\Users\siddh\Downloads\plant dataset\New Plant Diseases Dataset(Augmented)\New Plant Diseases Dataset(Augmented)\valid\Tomato___Early_blight\59fbd532-f75e-4c09-be68-3707d1323868___RS_Erly.B 7863_180deg.JPG,Tomato___Early_blight,Tomato___Late_blight,0.9305499196052551
C:\Users\siddh\Downloads\plant dataset\New Plant Diseases Dataset(Augmented)\New Plant Diseases Dataset(Augmented)\valid\Tomato___Target_Spot\eaf057ea-2195-4a6c-9bcf-1f5bcad4b430___Com.G_TgS_FL 9848.JPG,Tomato___Target_Spot,Tomato___Bacterial_spot,0.9288859963417053
C:\Users\siddh\Downloads\plant dataset\New Plant Diseases Dataset(Augmented)\New Plant Diseases Dataset(Augmented)\valid\Corn_(maize)___Cercospora_leaf_spot Gray_leaf_spot\346e5b39-b83e-4b5f-a02b-bc01fc230842___RS_GLSp 4311.JPG,Corn_(maize)___Cercospora_leaf_spot Gray_leaf_spot,Corn_(maize)___Northern_Leaf_Blight,0.9246509075164795
C:\Users\siddh\Downloads\plant dataset\New Plant Diseases Dataset(Augmented)\New Plant Diseases Dataset(Augmented)\valid\Tomato___Early_blight\b24f8f98-4bfe-4605-85f5-738fc09e58fe___RS_Erly.B 6406.JPG,Tomato___Early_blight,Tomato___Late_blight,0.9238124489784241
C:\Users\siddh\Downloads\plant dataset\New Plant Diseases Dataset(Augmented)\New Plant Diseases Dataset(Augmented)\valid\Tomato___Tomato_Yellow_Leaf_Curl_Virus\88048288-a940-4ca0-8cd2-26aaf09ef008___YLCV_GCREC 2319.JPG,Tomato___Tomato_Yellow_Leaf_Curl_Virus,Tomato___Spider_mites Two-spotted_spider_mite,0.9193742871284485
C:\Users\siddh\Downloads\plant dataset\New Plant Diseases Dataset(Augmented)\New Plant Diseases Dataset(Augmented)\valid\Tomato___Leaf_Mold\a639c56d-f9e3-4f22-b21b-5a19e027d30b___Crnl_L.Mold 9108.JPG,Tomato___Leaf_Mold,Tomato___Late_blight,0.9190186262130737
C:\Users\siddh\Downloads\plant dataset\New Plant Diseases Dataset(Augmented)\New Plant Diseases Dataset(Augmented)\valid\Tomato___Early_blight\0bd357fe-1e54-4c65-979c-e894e0b8a3aa___RS_Erly.B 8328.JPG,Tomato___Early_blight,Tomato___Late_blight,0.9172236323356628
C:\Users\siddh\Downloads\plant dataset\New Plant Diseases Dataset(Augmented)\New Plant Diseases Dataset(Augmented)\valid\Tomato___Target_Spot\6681f454-b2c1-4209-9a2f-f09b4aeace5d___Com.G_TgS_FL 0006.JPG,Tomato___Target_Spot,Tomato___Spider_mites Two-spotted_spider_mite,0.916338324546814
C:\Users\siddh\Downloads\plant dataset\New Plant Diseases Dataset(Augmented)\New Plant Diseases Dataset(Augmented)\valid\Tomato___Early_blight\a3d07302-420d-4b4e-94f2-6694ef9d2088___RS_Erly.B 7652_flipTB.JPG,Tomato___Early_blight,Tomato___Late_blight,0.9129157066345215
C:\Users\siddh\Downloads\plant dataset\New Plant Diseases Dataset(Augmented)\New Plant Diseases Dataset(Augmented)\valid\Tomato___Early_blight\c6e96373-484c-45da-b043-0a294a59ad2c___RS_Erly.B 7401.JPG,Tomato___Early_blight,Tomato___Late_blight,0.9093291759490967
C:\Users\siddh\Downloads\plant dataset\New Plant Diseases Dataset(Augmented)\New Plant Diseases Dataset(Augmented)\valid\Tomato___Early_blight\b24f8f98-4bfe-4605-85f5-738fc09e58fe___RS_Erly.B 6406_flipTB.JPG,Tomato___Early_blight,Tomato___Late_blight,0.9086424708366394
C:\Users\siddh\Downloads\plant dataset\New Plant Diseases Dataset(Augmented)\New Plant Diseases Dataset(Augmented)\valid\Tomato___Septoria_leaf_spot\2b400c69-36a9-4b78-90a0-3702cd38c896___Matt.S_CG 6876_flipTB.JPG,Tomato___Septoria_leaf_spot,Tomato___Late_blight,0.9065400958061218
C:\Users\siddh\Downloads\plant dataset\New Plant Diseases Dataset(Augmented)\New Plant Diseases Dataset(Augmented)\valid\Potato___Late_blight\b64e4518-147a-4a75-9f9b-33db8902aa12___RS_LB 3202_flipTB.JPG,Potato___Late_blight,Tomato___Late_blight,0.9063587784767151
C:\Users\siddh\Downloads\plant dataset\New Plant Diseases Dataset(Augmented)\New Plant Diseases Dataset(Augmented)\valid\Potato___Late_blight\19323229-6fdc-4231-bd3e-a46ddcff2111___RS_LB 3196_flipTB.JPG,Potato___Late_blight,Tomato___Late_blight,0.9029967784881592
C:\Users\siddh\Downloads\plant dataset\New Plant Diseases Dataset(Augmented)\New Plant Diseases Dataset(Augmented)\valid\Corn_(maize)___Cercospora_leaf_spot Gray_leaf_spot\87e9e4cd-55fd-4437-9f93-84cd25e744c2___RS_GLSp 4504.JPG,Corn_(maize)___Cercospora_leaf_spot Gray_leaf_spot,Corn_(maize)___Northern_Leaf_Blight,0.9027118682861328
C:\Users\siddh\Downloads\plant dataset\New Plant Diseases Dataset(Augmented)\New Plant Diseases Dataset(Augmented)\valid\Potato___Late_blight\9c230647-02da-4948-9c52-dfc87bb1d34a___RS_LB 4593.JPG,Potato___Late_blight,Tomato___Late_blight,0.9013809561729431
C:\Users\siddh\Downloads\plant dataset\New Plant Diseases Dataset(Augmented)\New Plant Diseases Dataset(Augmented)\valid\Tomato___Early_blight\d7f1e802-0b8e-4cba-88b4-e61328322cac___RS_Erly.B 8222_flipTB.JPG,Tomato___Early_blight,Tomato___Late_blight,0.9012975692749023
C:\Users\siddh\Downloads\plant dataset\New Plant Diseases Dataset(Augmented)\New Plant Diseases Dataset(Augmented)\valid\Corn_(maize)___Cercospora_leaf_spot Gray_leaf_spot\1424a06a-f143-4ca4-bee1-dbbc1663b5d0___RS_GLSp 4681.JPG,Corn_(maize)___Cercospora_leaf_spot Gray_leaf_spot,Corn_(maize)___Northern_Leaf_Blight,0.8972302079200745
C:\Users\siddh\Downloads\plant dataset\New Plant Diseases Dataset(Augmented)\New Plant Diseases Dataset(Augmented)\valid\Tomato___Septoria_leaf_spot\0aa486df-97b6-4764-89a9-d193e16aabbb___Keller.St_CG 1931.JPG,Tomato___Septoria_leaf_spot,Tomato___Late_blight,0.896932065486908
C:\Users\siddh\Downloads\plant dataset\New Plant Diseases Dataset(Augmented)\New Plant Diseases Dataset(Augmented)\valid\Apple___healthy\0c55b379-c6e7-4b89-959f-abc506fed437___RS_HL 5927.JPG,Apple___healthy,Soybean___healthy,0.8952682614326477
C:\Users\siddh\Downloads\plant dataset\New Plant Diseases Dataset(Augmented)\New Plant Diseases Dataset(Augmented)\valid\Grape___Esca_(Black_Measles)\3e51515a-b053-40b7-a967-dd718bb4bab5___FAM_B.Msls 3809.JPG,Grape___Esca_(Black_Measles),Apple___Cedar_apple_rust,0.8936827778816223
"C:\Users\siddh\Downloads\plant dataset\New Plant Diseases Dataset(Augmented)\New Plant Diseases Dataset(Augmented)\valid\Pepper,_bell___Bacterial_spot\65a84ec0-79dc-4ae3-bfce-81c3f4b50a08___JR_B.Spot 8858_flipTB.JPG","Pepper,_bell___Bacterial_spot","Pepper,_bell___healthy",0.8936021327972412
C:\Users\siddh\Downloads\plant dataset\New Plant Diseases Dataset(Augmented)\New Plant Diseases Dataset(Augmented)\valid\Tomato___Early_blight\2bdecb58-7e31-4129-83ff-125b7a31c0f6___RS_Erly.B 9506.JPG,Tomato___Early_blight,Tomato___Late_blight,0.8921889066696167
C:\Users\siddh\Downloads\plant dataset\New Plant Diseases Dataset(Augmented)\New Plant Diseases Dataset(Augmented)\valid\Tomato___Septoria_leaf_spot\2365ce1e-195c-4cf9-a38d-927f0faa489a___JR_Sept.L.S 2725.JPG,Tomato___Septoria_leaf_spot,Tomato___Late_blight,0.8913906216621399
C:\Users\siddh\Downloads\plant dataset\New Plant Diseases Dataset(Augmented)\New Plant Diseases Dataset(Augmented)\valid\Tomato___Early_blight\f6ddeb19-8aa3-40f5-8b60-b2f404f13407___RS_Erly.B 7705_flipTB.JPG,Tomato___Early_blight,Tomato___Late_blight,0.8912384510040283
C:\Users\siddh\Downloads\plant dataset\New Plant Diseases Dataset(Augmented)\New Plant Diseases Dataset(Augmented)\valid\Grape___Leaf_blight_(Isariopsis_Leaf_Spot)\df76a644-9808-4446-8c18-578b46ff56a5___FAM_L.Blight 1594.JPG,Grape___Leaf_blight_(Isariopsis_Leaf_Spot),Grape___Black_rot,0.8900822997093201
C:\Users\siddh\Downloads\plant dataset\New Plant Diseases Dataset(Augmented)\New Plant Diseases Dataset(Augmented)\valid\Potato___Late_blight\e7e39ba3-b9af-4d5f-afb1-aea45e13446a___RS_LB 2876_flipTB.JPG,Potato___Late_blight,Tomato___Late_blight,0.888948917388916
C:\Users\siddh\Downloads\plant dataset\New Plant Diseases Dataset(Augmented)\New Plant Diseases Dataset(Augmented)\valid\Corn_(maize)___Cercospora_leaf_spot Gray_leaf_spot\3c53ba48-cb78-4803-b01c-7d10ea13284c___RS_GLSp 4611.JPG,Corn_(maize)___Cercospora_leaf_spot Gray_leaf_spot,Corn_(maize)___Northern_Leaf_Blight,0.8864870667457581
C:\Users\siddh\Downloads\plant dataset\New Plant Diseases Dataset(Augmented)\New Plant Diseases Dataset(Augmented)\valid\Corn_(maize)___Cercospora_leaf_spot Gray_leaf_spot\cb07e000-acb9-44cc-abda-a4549ebe6037___RS_GLSp 4417.JPG,Corn_(maize)___Cercospora_leaf_spot Gray_leaf_spot,Corn_(maize)___Northern_Leaf_Blight,0.8840144276618958
C:\Users\siddh\Downloads\plant dataset\New Plant Diseases Dataset(Augmented)\New Plant Diseases Dataset(Augmented)\valid\Potato___Late_blight\cba4be0b-2554-4a9e-8dd0-94cbb2467388___RS_LB 3335_flipTB.JPG,Potato___Late_blight,Tomato___Late_blight,0.8795790672302246
C:\Users\siddh\Downloads\plant dataset\New Plant Diseases Dataset(Augmented)\New Plant Diseases Dataset(Augmented)\valid\Tomato___healthy\2e485f1d-5aa5-4d56-8733-9625ed4d000c___GH_HL Leaf 344_newPixel25.JPG,Tomato___healthy,Apple___Cedar_apple_rust,0.8769882917404175
C:\Users\siddh\Downloads\plant dataset\New Plant Diseases Dataset(Augmented)\New Plant Diseases Dataset(Augmented)\valid\Tomato___Early_blight\03b7a13c-f5c0-44c4-beed-443841670e9a___RS_Erly.B 8225.JPG,Tomato___Early_blight,Tomato___Late_blight,0.875643253326416
C:\Users\siddh\Downloads\plant dataset\New Plant Diseases Dataset(Augmented)\New Plant Diseases Dataset(Augmented)\valid\Tomato___Tomato_Yellow_Leaf_Curl_Virus\d9df9ccb-0f9f-4f52-ac50-eda73b4804c8___YLCV_NREC 2414.JPG,Tomato___Tomato_Yellow_Leaf_Curl_Virus,Tomato___Spider_mites Two-spotted_spider_mite,0.8749926686286926
C:\Users\siddh\Downloads\plant dataset\New Plant Diseases Dataset(Augmented)\New Plant Diseases Dataset(Augmented)\valid\Apple___Cedar_apple_rust\b20f66dd-3447-4d83-96d8-b63d03741f47___FREC_C.Rust 3621_180deg.JPG,Apple___Cedar_apple_rust,Tomato___Late_blight,0.8744420409202576
C:\Users\siddh\Downloads\plant dataset\New Plant Diseases Dataset(Augmented)\New Plant Diseases Dataset(Augmented)\valid\Grape___Black_rot\fb6ca3d8-29bc-4103-b309-82aa6d7b1b0b___FAM_B.Rot 0648_flipLR.JPG,Grape___Black_rot,Grape___Esca_(Black_Measles),0.873845636844635
C:\Users\siddh\Downloads\plant dataset\New Plant Diseases Dataset(Augmented)\New Plant Diseases Dataset(Augmented)\valid\Tomato___Early_blight\beeaf08d-f961-4bd9-8612-a162500a83f6___RS_Erly.B 9407_flipTB.JPG,Tomato___Early_blight,Tomato___Late_blight,0.8737937808036804
C:\Users\siddh\Downloads\plant dataset\New Plant Diseases Dataset(Augmented)\New Plant Diseases Dataset(Augmented)\valid\Tomato___Early_blight\51708fa7-4619-4957-bfc6-8e422ee23a99___RS_Erly.B 7630_180deg.JPG,Tomato___Early_blight,Tomato___Late_blight,0.8720189929008484
C:\Users\siddh\Downloads\plant dataset\New Plant Diseases Dataset(Augmented)\New Plant Diseases Dataset(Augmented)\valid\Potato___Late_blight\f3ee2886-4ada-4287-94b6-c4c93005b887___RS_LB 4352_flipTB.JPG,Potato___Late_blight,Tomato___Late_blight,0.8719373345375061
C:\Users\siddh\Downloads\plant dataset\New Plant Diseases Dataset(Augmented)\New Plant Diseases Dataset(Augmented)\valid\Potato___Late_blight\d71490c0-7315-4301-b9cd-19de9357a2f7___RS_LB 3203.JPG,Potato___Late_blight,Tomato___Late_blight,0.869857907295227
C:\Users\siddh\Downloads\plant dataset\New Plant Diseases Dataset(Augmented)\New Plant Diseases Dataset(Augmented)\valid\Tomato___Early_blight\17d051ce-efe1-486e-b5ed-b71b1317a9f0___RS_Erly.B 9614.JPG,Tomato___Early_blight,Tomato___Late_blight,0.8691730499267578
C:\Users\siddh\Downloads\plant dataset\New Plant Diseases Dataset(Augmented)\New Plant Diseases Dataset(Augmented)\valid\Tomato___Leaf_Mold\fb0dbb23-b3fb-406f-bb7a-c5e0d45207d3___Crnl_L.Mold 8948.JPG,Tomato___Leaf_Mold,Tomato___Late_blight,0.8676105737686157
C:\Users\siddh\Downloads\plant dataset\New Plant Diseases Dataset(Augmented)\New Plant Diseases Dataset(Augmented)\valid\Tomato___Early_blight\801083ae-26f9-4a9a-9e9a-f73fb18b67e5___RS_Erly.B 7363_180deg.JPG,Tomato___Early_blight,"Pepper,_bell___Bacterial_spot",0.8662211894989014
C:\Users\siddh\Downloads\plant dataset\New Plant Diseases Dataset(Augmented)\New Plant Diseases Dataset(Augmented)\valid\Corn_(maize)___Cercospora_leaf_spot Gray_leaf_spot\9c78e47a-8ed7-4b8f-8230-499e2d135a0a___RS_GLSp 4335.JPG,Corn_(maize)___Cercospora_leaf_spot Gray_leaf_spot,Corn_(maize)___Northern_Leaf_Blight,0.8645359873771667
C:\Users\siddh\Downloads\plant dataset\New Plant Diseases Dataset(Augmented)\New Plant Diseases Dataset(Augmented)\valid\Tomato___Early_blight\74b3c6cf-a35b-481b-aa22-7483a52bff76___RS_Erly.B 7792.JPG,Tomato___Early_blight,Peach___healthy,0.8639472126960754
C:\Users\siddh\Downloads\plant dataset\New Plant Diseases Dataset(Augmented)\New Plant Diseases Dataset(Augmented)\valid\Blueberry___healthy\5cfe4558-e726-4213-ab56-309927d660a5___RS_HL 0681_newPixel25.JPG,Blueberry___healthy,Apple___Cedar_apple_rust,0.8619861602783203
C:\Users\siddh\Downloads\plant dataset\New Plant Diseases Dataset(Augmented)\New Plant Diseases Dataset(Augmented)\valid\Corn_(maize)___Cercospora_leaf_spot Gray_leaf_spot\57e4abec-e203-4574-85f8-bc321b0e0ac3___RS_GLSp 4662.JPG,Corn_(maize)___Cercospora_leaf_spot Gray_leaf_spot,Corn_(maize)___Northern_Leaf_Blight,0.8597714900970459
C:\Users\siddh\Downloads\plant dataset\New Plant Diseases Dataset(Augmented)\New Plant Diseases Dataset(Augmented)\valid\Apple___Apple_scab\43712608-0fa2-4be2-91a0-242aca469cb4___FREC_Scab 2985.JPG,Apple___Apple_scab,"Pepper,_bell___Bacterial_spot",0.8568513989448547
C:\Users\siddh\Downloads\plant dataset\New Plant Diseases Dataset(Augmented)\New Plant Diseases Dataset(Augmented)\valid\Tomato___Early_blight\9302786b-4392-4e54-a7a1-c6c39043caaf___RS_Erly.B 8329.JPG,Tomato___Early_blight,Tomato___Late_blight,0.8548603057861328
C:\Users\siddh\Downloads\plant dataset\New Plant Diseases Dataset(Augmented)\New Plant Diseases Dataset(Augmented)\valid\Tomato___Early_blight\20459a26-c07a-4592-baf8-6d4172c23cec___RS_Erly.B 8358.JPG,Tomato___Early_blight,Tomato___Late_blight,0.8545918464660645
C:\Users\siddh\Downloads\plant dataset\New Plant Diseases Dataset(Augmented)\New Plant Diseases Dataset(Augmented)\valid\Tomato___Early_blight\4803a0a5-ac23-431f-b792-d60a25a268bd___RS_Erly.B 9508_180deg.JPG,Tomato___Early_blight,Tomato___Late_blight,0.853041410446167
C:\Users\siddh\Downloads\plant dataset\New Plant Diseases Dataset(Augmented)\New Plant Diseases Dataset(Augmented)\valid\Apple___Black_rot\56d05ee6-f6d5-4c34-838e-4ff2c0592d5d___JR_FrgE.S 2822_new30degFlipLR.JPG,Apple___Black_rot,Apple___Apple_scab,0.8528946042060852
C:\Users\siddh\Downloads\plant dataset\New Plant Diseases Dataset(Augmented)\New Plant Diseases Dataset(Augmented)\valid\Tomato___Early_blight\c9fa82b3-776c-4a44-8309-a6faf88898e3___RS_Erly.B 7498_flipTB.JPG,Tomato___Early_blight,Tomato___Late_blight,0.8503081798553467
C:\Users\siddh\Downloads\plant dataset\New Plant Diseases Dataset(Augmented)\New Plant Diseases Dataset(Augmented)\valid\Tomato___Early_blight\a278a40a-bb25-4210-b646-2d232245851a___RS_Erly.B 7719_180deg.JPG,Tomato___Early_blight,Tomato___Late_blight,0.84585040807724
C:\Users\siddh\Downloads\plant dataset\New Plant Diseases Dataset(Augmented)\New Plant Diseases Dataset(Augmented)\valid\Tomato___Early_blight\c9fa82b3-776c-4a44-8309-a6faf88898e3___RS_Erly.B 7498_180deg.JPG,Tomato___Early_blight,Tomato___Late_blight,0.8457183241844177
C:\Users\siddh\Downloads\plant dataset\New Plant Diseases Dataset(Augmented)\New Plant Diseases Dataset(Augmented)\valid\Tomato___Early_blight\54e98d19-a7a0-44d8-a004-1eaee5f3610b___RS_Erly.B 7348.JPG,Tomato___Early_blight,Tomato___Late_blight,0.8428410887718201
C:\Users\siddh\Downloads\plant dataset\New Plant Diseases Dataset(Augmented)\New Plant Diseases Dataset(Augmented)\valid\Tomato___Leaf_Mold\64a9cc36-cb5c-450d-9c5f-b89d3897e52c___Crnl_L.Mold 8637.JPG,Tomato___Leaf_Mold,Tomato___Late_blight,0.8420335054397583
C:\Users\siddh\Downloads\plant dataset\New Plant Diseases Dataset(Augmented)\New Plant Diseases Dataset(Augmented)\valid\Grape___Black_rot\68083fb3-c433-43d8-a509-7435803558fc___FAM_B.Rot 3185_flipLR.JPG,Grape___Black_rot,Grape___Esca_(Black_Measles),0.8386766314506531
C:\Users\siddh\Downloads\plant dataset\New Plant Diseases Dataset(Augmented)\New Plant Diseases Dataset(Augmented)\valid\Tomato___Septoria_leaf_spot\1a2ce36b-89e9-43ea-9e54-b2da024c08fc___JR_Sept.L.S 8532_flipTB.JPG,Tomato___Septoria_leaf_spot,Tomato___Tomato_mosaic_virus,0.8376473784446716
C:\Users\siddh\Downloads\plant dataset\New Plant Diseases Dataset(Augmented)\New Plant Diseases Dataset(Augmented)\valid\Tomato___Target_Spot\51178287-3a49-45be-b574-77edaf6d78b0___Com.G_TgS_FL 9847.JPG,Tomato___Target_Spot,Tomato___Bacterial_spot,0.8372339010238647
C:\Users\siddh\Downloads\plant dataset\New Plant Diseases Dataset(Augmented)\New Plant Diseases Dataset(Augmented)\valid\Peach___Bacterial_spot\b90453b9-4f6f-4370-b74b-1848b898661a___Rutg._Bact.S 1793.JPG,Peach___Bacterial_spot,Tomato___Late_blight,0.8367581367492676
C:\Users\siddh\Downloads\plant dataset\New Plant Diseases Dataset(Augmented)\New Plant Diseases Dataset(Augmented)\valid\Tomato___Tomato_Yellow_Leaf_Curl_Virus\ec12e6e6-f334-4532-8e5a-63a77c0533c0___YLCV_NREC 0077.JPG,Tomato___Tomato_Yellow_Leaf_Curl_Virus,Tomato___Spider_mites Two-spotted_spider_mite,0.8367313146591187
C:\Users\siddh\Downloads\plant dataset\New Plant Diseases Dataset(Augmented)\New Plant Diseases Dataset(Augmented)\valid\Corn_(maize)___Cercospora_leaf_spot Gray_leaf_spot\3b264c40-1333-4dbe-bf91-0cc2bb183167___RS_GLSp 9365.JPG,Corn_(maize)___Cercospora_leaf_spot Gray_leaf_spot,Corn_(maize)___Northern_Leaf_Blight,0.8364031910896301
C:\Users\siddh\Downloads\plant dataset\New Plant Diseases Dataset(Augmented)\New Plant Diseases Dataset(Augmented)\valid\Tomato___Early_blight\397ffe67-e784-44d5-ae1a-d1e2990c041b___RS_Erly.B 7637.JPG,Tomato___Early_blight,Tomato___Bacterial_spot,0.8358020782470703
C:\Users\siddh\Downloads\plant dataset\New Plant Diseases Dataset(Augmented)\New Plant Diseases Dataset(Augmented)\valid\Tomato___Early_blight\bef16984-17c5-4796-9496-85808dfa3a56___RS_Erly.B 9405_180deg.JPG,Tomato___Early_blight,Tomato___Late_blight,0.8346736431121826
C:\Users\siddh\Downloads\plant dataset\New Plant Diseases Dataset(Augmented)\New Plant Diseases Dataset(Augmented)\valid\Grape___Black_rot\30e108e7-3a95-401f-a815-11397d206839___FAM_B.Rot 0548_flipLR.JPG,Grape___Black_rot,Grape___Esca_(Black_Measles),0.8345012664794922
C:\Users\siddh\Downloads\plant dataset\New Plant Diseases Dataset(Augmented)\New Plant Diseases Dataset(Augmented)\valid\Soybean___healthy\56943b4a-17b1-405e-844f-2242848026f9___RS_HL 4318.JPG,Soybean___healthy,"Pepper,_bell___healthy",0.833387553691864
C:\Users\siddh\Downloads\plant dataset\New Plant Diseases Dataset(Augmented)\New Plant Diseases Dataset(Augmented)\valid\Tomato___Septoria_leaf_spot\bcc93571-9b93-4943-9cee-dddc79bd4d92___Keller.St_CG 1844.JPG,Tomato___Septoria_leaf_spot,Tomato___Late_blight,0.8297095894813538
C:\Users\siddh\Downloads\plant dataset\New Plant Diseases Dataset(Augmented)\New Plant Diseases Dataset(Augmented)\valid\Corn_(maize)___Northern_Leaf_Blight\94c9fcc4-a643-4a7e-b56e-5a952bb7c791___RS_NLB 3999_flipTB.JPG,Corn_(maize)___Northern_Leaf_Blight,Corn_(maize)___Cercospora_leaf_spot Gray_leaf_spot,0.8287867903709412
C:\Users\siddh\Downloads\plant dataset\New Plant Diseases Dataset(Augmented)\New Plant Diseases Dataset(Augmented)\valid\Tomato___Early_blight\18a21f42-8794-4665-8174-b0ccd3758af8___RS_Erly.B 7650.JPG,Tomato___Early_blight,Tomato___Late_blight,0.82746422290802
C:\Users\siddh\Downloads\plant dataset\New Plant Diseases Dataset(Augmented)\New Plant Diseases Dataset(Augmented)\valid\Tomato___Early_blight\d5690b72-b319-457e-a837-0e38915aab55___RS_Erly.B 7347.JPG,Tomato___Early_blight,Tomato___Late_blight,0.8268970847129822
C:\Users\siddh\Downloads\plant dataset\New Plant Diseases Dataset(Augmented)\New Plant Diseases Dataset(Augmented)\valid\Tomato___Early_blight\859a134c-51f7-4294-bd1a-78140d775bca___RS_Erly.B 8327_180deg.JPG,Tomato___Early_blight,Tomato___Late_blight,0.8266819715499878
C:\Users\siddh\Downloads\plant dataset\New Plant Diseases Dataset(Augmented)\New Plant Diseases Dataset(Augmented)\valid\Peach___Bacterial_spot\9ed7e95e-cff3-474d-921d-2df7694521b4___Rut._Bact.S 0999.JPG,Peach___Bacterial_spot,Peach___healthy,0.8243289589881897
C:\Users\siddh\Downloads\plant dataset\New Plant Diseases Dataset(Augmented)\New Plant Diseases Dataset(Augmented)\valid\Tomato___Early_blight\76e4e737-6526-4007-923f-5b6c1e9951ed___RS_Erly.B 7759.JPG,Tomato___Early_blight,Tomato___Late_blight,0.8242715001106262
C:\Users\siddh\Downloads\plant dataset\New Plant Diseases Dataset(Augmented)\New Plant Diseases Dataset(Augmented)\valid\Corn_(maize)___Cercospora_leaf_spot Gray_leaf_spot\5cbbb4b8-88cc-4d5f-907a-505a2a831b8a___RS_GLSp 4599.JPG,Corn_(maize)___Cercospora_leaf_spot Gray_leaf_spot,Corn_(maize)___Northern_Leaf_Blight,0.823664128780365
C:\Users\siddh\Downloads\plant dataset\New Plant Diseases Dataset(Augmented)\New Plant Diseases Dataset(Augmented)\valid\Potato___Early_blight\1082eee1-189d-4e0f-96b5-8b1393be4c4c___RS_Early.B 8743_180deg.JPG,Potato___Early_blight,Tomato___Late_blight,0.8225325345993042
C:\Users\siddh\Downloads\plant dataset\New Plant Diseases Dataset(Augmented)\New Plant Diseases Dataset(Augmented)\valid\Tomato___Early_blight\beeaf08d-f961-4bd9-8612-a162500a83f6___RS_Erly.B 9407.JPG,Tomato___Early_blight,Tomato___Late_blight,0.8220563530921936
C:\Users\siddh\Downloads\plant dataset\New Plant Diseases Dataset(Augmented)\New Plant Diseases Dataset(Augmented)\valid\Potato___Late_blight\b0945b27-3331-4f03-b1c9-1465e12577aa___RS_LB 4355_flipTB.JPG,Potato___Late_blight,Tomato___Late_blight,0.821629524230957
C:\Users\siddh\Downloads\plant dataset\New Plant Diseases Dataset(Augmented)\New Plant Diseases Dataset(Augmented)\valid\Tomato___Septoria_leaf_spot\1fea28dc-c071-4373-af8c-97e8d0646044___JR_Sept.L.S 2596.JPG,Tomato___Septoria_leaf_spot,Tomato___Late_blight,0.8205243945121765
C:\Users\siddh\Downloads\plant dataset\New Plant Diseases Dataset(Augmented)\New Plant Diseases Dataset(Augmented)\valid\Tomato___Septoria_leaf_spot\1eb51af9-a622-4f97-a47b-b7474771d414___JR_Sept.L.S 2455.JPG,Tomato___Septoria_leaf_spot,Tomato___Late_blight,0.8194006085395813
C:\Users\siddh\Downloads\plant dataset\New Plant Diseases Dataset(Augmented)\New Plant Diseases Dataset(Augmented)\valid\Tomato___Septoria_leaf_spot\9875f865-913e-4afa-a0f7-31395c7eab75___Matt.S_CG 2470.JPG,Tomato___Septoria_leaf_spot,Tomato___Late_blight,0.8187441825866699
C:\Users\siddh\Downloads\plant dataset\New Plant Diseases Dataset(Augmented)\New Plant Diseases Dataset(Augmented)\valid\Tomato___Septoria_leaf_spot\fd774721-5f04-4293-b462-8301952d140a___Matt.S_CG 6372.JPG,Tomato___Septoria_leaf_spot,Tomato___Bacterial_spot,0.8181551694869995
C:\Users\siddh\Downloads\plant dataset\New Plant Diseases Dataset(Augmented)\New Plant Diseases Dataset(Augmented)\valid\Cherry_(including_sour)___Powdery_mildew\233b15f8-3605-4c36-884f-a5689e202c75___FREC_Pwd.M 5135_flipLR.JPG,Cherry_(including_sour)___Powdery_mildew,Apple___Apple_scab,0.8178502917289734
C:\Users\siddh\Downloads\plant dataset\New Plant Diseases Dataset(Augmented)\New Plant Diseases Dataset(Augmented)\valid\Grape___Esca_(Black_Measles)\3c4c6822-92f2-44cf-b1bc-503ec376213d___FAM_B.Msls 4385.JPG,Grape___Esca_(Black_Measles),Grape___Black_rot,0.8175715804100037
C:\Users\siddh\Downloads\plant dataset\New Plant Diseases Dataset(Augmented)\New Plant Diseases Dataset(Augmented)\valid\Apple___Apple_scab\43712608-0fa2-4be2-91a0-242aca469cb4___FREC_Scab 2985_270deg.JPG,Apple___Apple_scab,"Pepper,_bell___Bacterial_spot",0.8172454833984375
C:\Users\siddh\Downloads\plant dataset\New Plant Diseases Dataset(Augmented)\New Plant Diseases Dataset(Augmented)\valid\Potato___Late_blight\dd55ba8d-a425-4b06-9996-bbf315d71e6e___RS_LB 2737_180deg.JPG,Potato___Late_blight,Tomato___Late_blight,0.8164477348327637
C:\Users\siddh\Downloads\plant dataset\New Plant Diseases Dataset(Augmented)\New Plant Diseases Dataset(Augmented)\valid\Potato___Early_blight\1082eee1-189d-4e0f-96b5-8b1393be4c4c___RS_Early.B 8743_flipTB.JPG,Potato___Early_blight,Tomato___Late_blight,0.8153640627861023
C:\Users\siddh\Downloads\plant dataset\New Plant Diseases Dataset(Augmented)\New Plant Diseases Dataset(Augmented)\valid\Apple___healthy\946b311a-cb67-46d4-8c8b-0d91ebd456f3___RS_HL 5809.JPG,Apple___healthy,Soybean___healthy,0.8141451478004456
C:\Users\siddh\Downloads\plant dataset\New Plant Diseases Dataset(Augmented)\New Plant Diseases Dataset(Augmented)\valid\Tomato___Septoria_leaf_spot\11971add-1e25-4f5c-8a7e-2fa5ae46cfc6___Matt.S_CG 0740.JPG,Tomato___Septoria_leaf_spot,Tomato___Tomato_mosaic_virus,0.8120953440666199
C:\Users\siddh\Downloads\plant dataset\New Plant Diseases Dataset(Augmented)\New Plant Diseases Dataset(Augmented)\valid\Potato___Late_blight\9631fd8f-244c-4047-98e4-aecc907624c1___RS_LB 4573.JPG,Potato___Late_blight,"Pepper,_bell___Bacterial_spot",0.8116879463195801
C:\Users\siddh\Downloads\plant dataset\New Plant Diseases Dataset(Augmented)\New Plant Diseases Dataset(Augmented)\valid\Tomato___Leaf_Mold\447ca40f-8640-43d7-b7af-3372e8afbfba___Crnl_L.Mold 8870.JPG,Tomato___Leaf_Mold,Tomato___Late_blight,0.8107613325119019
C:\Users\siddh\Downloads\plant dataset\New Plant Diseases Dataset(Augmented)\New Plant Diseases Dataset(Augmented)\valid\Tomato___Tomato_Yellow_Leaf_Curl_Virus\d60ed6a3-2260-4fdf-a41c-8c021c1ef714___YLCV_GCREC 2057.JPG,Tomato___Tomato_Yellow_Leaf_Curl_Virus,Tomato___Spider_mites Two-spotted_spider_mite,0.8097618222236633
C:\Users\siddh\Downloads\plant dataset\New Plant Diseases Dataset(Augmented)\New Plant Diseases Dataset(Augmented)\valid\Tomato___Septoria_leaf_spot\14c31d28-ae56-42b8-9ff7-9012d414b74f___Keller.St_CG 1847.JPG,Tomato___Septoria_leaf_spot,Tomato___Late_blight,0.8080436587333679
C:\Users\siddh\Downloads\plant dataset\New Plant Diseases Dataset(Augmented)\New Plant Diseases Dataset(Augmented)\valid\Tomato___Early_blight\d0efac0c-12e0-4481-bf88-a99d9407b31b___RS_Erly.B 6466_flipTB.JPG,Tomato___Early_blight,Tomato___Late_blight,0.806942343711853
C:\Users\siddh\Downloads\plant dataset\New Plant Diseases Dataset(Augmented)\New Plant Diseases Dataset(Augmented)\valid\Potato___Late_blight\d7fdf2fa-8a55-4ff5-86a2-ca73c5883e93___RS_LB 4665.JPG,Potato___Late_blight,Tomato___Late_blight,0.8069304823875427
C:\Users\siddh\Downloads\plant dataset\New Plant Diseases Dataset(Augmented)\New Plant Diseases Dataset(Augmented)\valid\Potato___Late_blight\82e0f1d2-e996-427b-9216-6b46aedbc07f___RS_LB 4880_flipTB.JPG,Potato___Late_blight,Potato___healthy,0.8068551421165466
C:\Users\siddh\Downloads\plant dataset\New Plant Diseases Dataset(Augmented)\New Plant Diseases Dataset(Augmented)\valid\Tomato___Early_blight\5688c1fd-cd1f-4fb5-9e0b-d12c0c095023___RS_Erly.B 9511_flipTB.JPG,Tomato___Early_blight,Tomato___Late_blight,0.8053681254386902
C:\Users\siddh\Downloads\plant dataset\New Plant Diseases Dataset(Augmented)\New Plant Diseases Dataset(Augmented)\valid\Strawberry___Leaf_scorch\bfde826a-4ff5-49e0-b6b8-f3a14f4c7eeb___RS_L.Scorch 9990.JPG,Strawberry___Leaf_scorch,Apple___Cedar_apple_rust,0.8043476343154907
C:\Users\siddh\Downloads\plant dataset\New Plant Diseases Dataset(Augmented)\New Plant Diseases Dataset(Augmented)\valid\Tomato___Early_blight\dc6eeebe-ebc4-406c-b5df-f4861f491db8___RS_Erly.B 9615_flipTB.JPG,Tomato___Early_blight,Tomato___Late_blight,0.8037786483764648
C:\Users\siddh\Downloads\plant dataset\New Plant Diseases Dataset(Augmented)\New Plant Diseases Dataset(Augmented)\valid\Grape___Black_rot\de422312-2639-46bf-86f4-e8f81a97f296___FAM_B.Rot 0646.JPG,Grape___Black_rot,Grape___Esca_(Black_Measles),0.8031331896781921
C:\Users\siddh\Downloads\plant dataset\New Plant Diseases Dataset(Augmented)\New Plant Diseases Dataset(Augmented)\valid\Corn_(maize)___Northern_Leaf_Blight\17cc72b5-9af2-4988-8b4d-f79a4054e26d___RS_NLB 3968.JPG,Corn_(maize)___Northern_Leaf_Blight,Corn_(maize)___Cercospora_leaf_spot Gray_leaf_spot,0.8026907444000244
C:\Users\siddh\Downloads\plant dataset\New Plant Diseases Dataset(Augmented)\New Plant Diseases Dataset(Augmented)\valid\Potato___healthy\1b434c52-7be4-40c4-90d5-13220f1a3eba___RS_HL 5418_180deg.JPG,Potato___healthy,Soybean___healthy,0.8024867177009583
C:\Users\siddh\Downloads\plant dataset\New Plant Diseases Dataset(Augmented)\New Plant Diseases Dataset(Augmented)\valid\Tomato___Early_blight\113562f3-fe24-4b28-9ec8-7ca432bded47___RS_Erly.B 9402.JPG,Tomato___Early_blight,Tomato___Late_blight,0.8018326759338379
C:\Users\siddh\Downloads\plant dataset\New Plant Diseases Dataset(Augmented)\New Plant Diseases Dataset(Augmented)\valid\Tomato___Septoria_leaf_spot\b70775c5-59bc-4204-af05-a420ef373667___JR_Sept.L.S 2693.JPG,Tomato___Septoria_leaf_spot,Tomato___Late_blight,0.8005703687667847
C:\Users\siddh\Downloads\plant dataset\New Plant Diseases Dataset(Augmented)\New Plant Diseases Dataset(Augmented)\valid\Tomato___Septoria_leaf_spot\dc826047-4bb2-4a30-8e3c-410919bb3aaa___Matt.S_CG 0904.JPG,Tomato___Septoria_leaf_spot,Tomato___Bacterial_spot,0.8002367615699768
C:\Users\siddh\Downloads\plant dataset\New Plant Diseases Dataset(Augmented)\New Plant Diseases Dataset(Augmented)\valid\Tomato___Late_blight\12125c80-42e3-4970-bb92-524262c337fa___GHLB_PS Leaf 8.1 Day 7.jpg,Tomato___Late_blight,Corn_(maize)___Common_rust_,0.8000454902648926
C:\Users\siddh\Downloads\plant dataset\New Plant Diseases Dataset(Augmented)\New Plant Diseases Dataset(Augmented)\valid\Tomato___Early_blight\591ec786-c9bb-4054-be3a-055f0dbecbd2___RS_Erly.B 7416_flipTB.JPG,Tomato___Early_blight,Tomato___Late_blight,0.7999954223632812
C:\Users\siddh\Downloads\plant dataset\New Plant Diseases Dataset(Augmented)\New Plant Diseases Dataset(Augmented)\valid\Tomato___Septoria_leaf_spot\115872f2-53a2-4ed9-a394-01882a0d30db___Keller.St_CG 1914.JPG,Tomato___Septoria_leaf_spot,Tomato___Late_blight,0.799770712852478
C:\Users\siddh\Downloads\plant dataset\New Plant Diseases Dataset(Augmented)\New Plant Diseases Dataset(Augmented)\valid\Grape___Esca_(Black_Measles)\f00e2241-138e-4e78-a990-94f234376d8b___FAM_B.Msls 4019.JPG,Grape___Esca_(Black_Measles),Grape___Black_rot,0.7994126677513123
C:\Users\siddh\Downloads\plant dataset\New Plant Diseases Dataset(Augmented)\New Plant Diseases Dataset(Augmented)\valid\Tomato___Early_blight\2419fd79-cda0-4ba4-be14-31c92a2e91dd___RS_Erly.B 8255.JPG,Tomato___Early_blight,Tomato___Late_blight,0.799146294593811
C:\Users\siddh\Downloads\plant dataset\New Plant Diseases Dataset(Augmented)\New Plant Diseases Dataset(Augmented)\valid\Tomato___Early_blight\11922494-321b-4742-afbe-f6db6a8b4005___RS_Erly.B 9392.JPG,Tomato___Early_blight,"Pepper,_bell___Bacterial_spot",0.798041820526123
C:\Users\siddh\Downloads\plant dataset\New Plant Diseases Dataset(Augmented)\New Plant Diseases Dataset(Augmented)\valid\Tomato___Early_blight\4803a0a5-ac23-431f-b792-d60a25a268bd___RS_Erly.B 9508_flipTB.JPG,Tomato___Early_blight,Tomato___Late_blight,0.7965483665466309
C:\Users\siddh\Downloads\plant dataset\New Plant Diseases Dataset(Augmented)\New Plant Diseases Dataset(Augmented)\valid\Tomato___Leaf_Mold\df78e8cb-8fc5-4682-ab5c-f265b4e8d97e___Crnl_L.Mold 8619.JPG,Tomato___Leaf_Mold,Tomato___Late_blight,0.7950747609138489
C:\Users\siddh\Downloads\plant dataset\New Plant Diseases Dataset(Augmented)\New Plant Diseases Dataset(Augmented)\valid\Potato___Late_blight\f9bd5093-1f62-4d00-bb66-7f65ce5c412b___RS_LB 2854_flipTB.JPG,Potato___Late_blight,Potato___healthy,0.7949447631835938
C:\Users\siddh\Downloads\plant dataset\New Plant Diseases Dataset(Augmented)\New Plant Diseases Dataset(Augmented)\valid\Tomato___Early_blight\11922494-321b-4742-afbe-f6db6a8b4005___RS_Erly.B 9392_180deg.JPG,Tomato___Early_blight,"Pepper,_bell___Bacterial_spot",0.7934942841529846
C:\Users\siddh\Downloads\plant dataset\New Plant Diseases Dataset(Augmented)\New Plant Diseases Dataset(Augmented)\valid\Tomato___Septoria_leaf_spot\22e12bfe-129c-4afe-bfd3-6cb467b1dd7f___Matt.S_CG 0794.JPG,Tomato___Septoria_leaf_spot,Tomato___Bacterial_spot,0.7934314012527466
C:\Users\siddh\Downloads\plant dataset\New Plant Diseases Dataset(Augmented)\New Plant Diseases Dataset(Augmented)\valid\Apple___Cedar_apple_rust\0fbdccdc-fb96-475a-92bb-65734592c895___FREC_C.Rust 3619_270deg.JPG,Apple___Cedar_apple_rust,Tomato___Late_blight,0.7932454347610474
C:\Users\siddh\Downloads\plant dataset\New Plant Diseases Dataset(Augmented)\New Plant Diseases Dataset(Augmented)\valid\Corn_(maize)___Cercospora_leaf_spot Gray_leaf_spot\86d512cb-65b5-401d-8b98-43cd03dbe815___RS_GLSp 9332.JPG,Corn_(maize)___Cercospora_leaf_spot Gray_leaf_spot,Corn_(maize)___Northern_Leaf_Blight,0.791251540184021
C:\Users\siddh\Downloads\plant dataset\New Plant Diseases Dataset(Augmented)\New Plant Diseases Dataset(Augmented)\valid\Tomato___Early_blight\468dba17-366a-422f-b3b6-061261942b0d___RS_Erly.B 7853_180deg.JPG,Tomato___Early_blight,Potato___Late_blight,0.7904583215713501
C:\Users\siddh\Downloads\plant dataset\New Plant Diseases Dataset(Augmented)\New Plant Diseases Dataset(Augmented)\valid\Tomato___Target_Spot\0fccb8d0-3f91-442c-8d74-6dbfb163f8a9___Com.G_TgS_FL 8365_newPixel25.JPG,Tomato___Target_Spot,Tomato___healthy,0.7895472645759583
C:\Users\siddh\Downloads\plant dataset\New Plant Diseases Dataset(Augmented)\New Plant Diseases Dataset(Augmented)\valid\Tomato___Leaf_Mold\5232c7a2-7f94-4e6e-b47a-6264e1e49ff8___Crnl_L.Mold 7161.JPG,Tomato___Leaf_Mold,Tomato___Late_blight,0.7893615961074829
C:\Users\siddh\Downloads\plant dataset\New Plant Diseases Dataset(Augmented)\New Plant Diseases Dataset(Augmented)\valid\Tomato___Early_blight\dc6eeebe-ebc4-406c-b5df-f4861f491db8___RS_Erly.B 9615_180deg.JPG,Tomato___Early_blight,Tomato___Late_blight,0.7890329957008362
C:\Users\siddh\Downloads\plant dataset\New Plant Diseases Dataset(Augmented)\New Plant Diseases Dataset(Augmented)\valid\Tomato___Target_Spot\c1ba6ffc-85be-4774-80cf-ff0cd7d53d5e___Com.G_TgS_FL 0018.JPG,Tomato___Target_Spot,Tomato___Spider_mites Two-spotted_spider_mite,0.7887263298034668
C:\Users\siddh\Downloads\plant dataset\New Plant Diseases Dataset(Augmented)\New Plant Diseases Dataset(Augmented)\valid\Tomato___Leaf_Mold\f80ea01a-c910-4f53-b415-9b327dc51402___Crnl_L.Mold 6804.JPG,Tomato___Leaf_Mold,Tomato___Spider_mites Two-spotted_spider_mite,0.786039412021637
C:\Users\siddh\Downloads\plant dataset\New Plant Diseases Dataset(Augmented)\New Plant Diseases Dataset(Augmented)\valid\Potato___Late_blight\c3134b97-50a1-4aa2-937d-1e15405b9803___RS_LB 4565_180deg.JPG,Potato___Late_blight,Tomato___Late_blight,0.7854372262954712
C:\Users\siddh\Downloads\plant dataset\New Plant Diseases Dataset(Augmented)\New Plant Diseases Dataset(Augmented)\valid\Strawberry___healthy\f3b01730-9365-4b94-a477-9b95d959ccd8___RS_HL 4555_new30degFlipLR.JPG,Strawberry___healthy,Apple___Apple_scab,0.7853529453277588
C:\Users\siddh\Downloads\plant dataset\New Plant Diseases Dataset(Augmented)\New Plant Diseases Dataset(Augmented)\valid\Corn_(maize)___Cercospora_leaf_spot Gray_leaf_spot\f435553d-4d3b-48a8-b13e-7639d330a001___RS_GLSp 4447.JPG,Corn_(maize)___Cercospora_leaf_spot Gray_leaf_spot,Corn_(maize)___Northern_Leaf_Blight,0.7819761633872986
C:\Users\siddh\Downloads\plant dataset\New Plant Diseases Dataset(Augmented)\New Plant Diseases Dataset(Augmented)\valid\Corn_(maize)___Cercospora_leaf_spot Gray_leaf_spot\b50e4d92-099f-4213-b5b8-0f76afa10124___RS_GLSp 4675.JPG,Corn_(maize)___Cercospora_leaf_spot Gray_leaf_spot,Corn_(maize)___Northern_Leaf_Blight,0.7809420228004456
"C:\Users\siddh\Downloads\plant dataset\New Plant Diseases Dataset(Augmented)\New Plant Diseases Dataset(Augmented)\valid\Pepper,_bell___Bacterial_spot\35ef7246-60e5-4bcc-bc1f-020eac1eacc2___JR_B.Spot 3298.JPG","Pepper,_bell___Bacterial_spot",Apple___Black_rot,0.7788845300674438
C:\Users\siddh\Downloads\plant dataset\New Plant Diseases Dataset(Augmented)\New Plant Diseases Dataset(Augmented)\valid\Grape___Black_rot\e13ec918-8b43-4054-8194-ef145e75f7ab___FAM_B.Rot 3444.JPG,Grape___Black_rot,Grape___Esca_(Black_Measles),0.7784794569015503
C:\Users\siddh\Downloads\plant dataset\New Plant Diseases Dataset(Augmented)\New Plant Diseases Dataset(Augmented)\valid\Tomato___Early_blight\29645def-a571-4442-8f95-d7ebf71befde___RS_Erly.B 7751_flipTB.JPG,Tomato___Early_blight,"Pepper,_bell___Bacterial_spot",0.7778443098068237
C:\Users\siddh\Downloads\plant dataset\New Plant Diseases Dataset(Augmented)\New Plant Diseases Dataset(Augmented)\valid\Tomato___Early_blight\a138ec63-9d5e-4c6d-97d6-da0159c93c0a___RS_Erly.B 7744_flipTB.JPG,Tomato___Early_blight,Tomato___Late_blight,0.775969386100769
C:\Users\siddh\Downloads\plant dataset\New Plant Diseases Dataset(Augmented)\New Plant Diseases Dataset(Augmented)\valid\Tomato___Early_blight\1dad664e-ec73-474e-aaf9-a832ca212e3f___RS_Erly.B 7533.JPG,Tomato___Early_blight,Tomato___Late_blight,0.7750556468963623
"C:\Users\siddh\Downloads\plant dataset\New Plant Diseases Dataset(Augmented)\New Plant Diseases Dataset(Augmented)\valid\Pepper,_bell___healthy\7ec579ba-10b2-473e-825f-8a4254d98ded___JR_HL 7901.JPG","Pepper,_bell___healthy","Pepper,_bell___Bacterial_spot",0.7746224403381348
C:\Users\siddh\Downloads\plant dataset\New Plant Diseases Dataset(Augmented)\New Plant Diseases Dataset(Augmented)\valid\Peach___Bacterial_spot\afcce0ff-9842-4cb9-839e-3387e4f292cb___Rut._Bact.S 3403.JPG,Peach___Bacterial_spot,Apple___Black_rot,0.7725970149040222
C:\Users\siddh\Downloads\plant dataset\New Plant Diseases Dataset(Augmented)\New Plant Diseases Dataset(Augmented)\valid\Cherry_(including_sour)___healthy\945405b7-e207-4cb2-a618-ac8a78c67c9f___JR_HL 9653.JPG,Cherry_(including_sour)___healthy,Soybean___healthy,0.7717466950416565
C:\Users\siddh\Downloads\plant dataset\New Plant Diseases Dataset(Augmented)\New Plant Diseases Dataset(Augmented)\valid\Tomato___Target_Spot\2761adc9-bf8f-4362-87a6-7619ecf0dbbe___Com.G_TgS_FL 9681.JPG,Tomato___Target_Spot,Tomato___Spider_mites Two-spotted_spider_mite,0.7712969183921814
C:\Users\siddh\Downloads\plant dataset\New Plant Diseases Dataset(Augmented)\New Plant Diseases Dataset(Augmented)\valid\Corn_(maize)___Cercospora_leaf_spot Gray_leaf_spot\cf1a5200-6ba7-4b6f-af28-969e47db1c7e___RS_GLSp 4660.JPG,Corn_(maize)___Cercospora_leaf_spot Gray_leaf_spot,Corn_(maize)___Northern_Leaf_Blight,0.7710856795310974
C:\Users\siddh\Downloads\plant dataset\New Plant Diseases Dataset(Augmented)\New Plant Diseases Dataset(Augmented)\valid\Corn_(maize)___Cercospora_leaf_spot Gray_leaf_spot\ac871be5-33e2-4fda-995a-8818e8cb7fa2___RS_GLSp 4663 copy 2.jpg,Corn_(maize)___Cercospora_leaf_spot Gray_leaf_spot,Corn_(maize)___Northern_Leaf_Blight,0.7704623341560364
C:\Users\siddh\Downloads\plant dataset\New Plant Diseases Dataset(Augmented)\New Plant Diseases Dataset(Augmented)\valid\Tomato___Leaf_Mold\8955f58d-9250-4070-9a6e-ebac0f4e473c___Crnl_L.Mold 9037_180deg.JPG,Tomato___Leaf_Mold,Tomato___Late_blight,0.7704277038574219
C:\Users\siddh\Downloads\plant dataset\New Plant Diseases Dataset(Augmented)\New Plant Diseases Dataset(Augmented)\valid\Potato___Late_blight\d71490c0-7315-4301-b9cd-19de9357a2f7___RS_LB 3203_180deg.JPG,Potato___Late_blight,Tomato___Late_blight,0.769874095916748
C:\Users\siddh\Downloads\plant dataset\New Plant Diseases Dataset(Augmented)\New Plant Diseases Dataset(Augmented)\valid\Tomato___Septoria_leaf_spot\1f11a23b-8dd3-4fc8-82cf-235cfcdaf5b2___Matt.S_CG 2783_flipTB.JPG,Tomato___Septoria_leaf_spot,Tomato___Late_blight,0.7691099047660828
C:\Users\siddh\Downloads\plant dataset\New Plant Diseases Dataset(Augmented)\New Plant Diseases Dataset(Augmented)\valid\Tomato___Septoria_leaf_spot\7ace174c-153c-42d2-9b51-212f42774d9d___Matt.S_CG 0898.JPG,Tomato___Septoria_leaf_spot,Tomato___Bacterial_spot,0.7689576745033264
C:\Users\siddh\Downloads\plant dataset\New Plant Diseases Dataset(Augmented)\New Plant Diseases Dataset(Augmented)\valid\Tomato___Bacterial_spot\3503743b-11b3-47f0-8713-2ad330226745___UF.GRC_BS_Lab Leaf 9129.JPG,Tomato___Bacterial_spot,Tomato___Late_blight,0.7688286304473877
C:\Users\siddh\Downloads\plant dataset\New Plant Diseases Dataset(Augmented)\New Plant Diseases Dataset(Augmented)\valid\Potato___Late_blight\feefc118-4434-4ffb-afbb-02fb292f72b6___RS_LB 2874.JPG,Potato___Late_blight,Tomato___Late_blight,0.7684047818183899
C:\Users\siddh\Downloads\plant dataset\New Plant Diseases Dataset(Augmented)\New Plant Diseases Dataset(Augmented)\valid\Tomato___Septoria_leaf_spot\ef3dc681-0b48-4453-aa1f-1f898b86df8c___Keller.St_CG 1958.JPG,Tomato___Septoria_leaf_spot,Tomato___Late_blight,0.7664923071861267
"C:\Users\siddh\Downloads\plant dataset\New Plant Diseases Dataset(Augmented)\New Plant Diseases Dataset(Augmented)\valid\Pepper,_bell___healthy\0de13a24-e542-45a2-be5a-8db7d8d858db___JR_HL 5982.JPG","Pepper,_bell___healthy",Peach___healthy,0.7662106156349182
C:\Users\siddh\Downloads\plant dataset\New Plant Diseases Dataset(Augmented)\New Plant Diseases Dataset(Augmented)\valid\Corn_(maize)___Cercospora_leaf_spot Gray_leaf_spot\e4be1210-e9dc-44d0-8674-2dc7ecac0acc___RS_GLSp 4659.JPG,Corn_(maize)___Cercospora_leaf_spot Gray_leaf_spot,Corn_(maize)___Northern_Leaf_Blight,0.765739381313324
C:\Users\siddh\Downloads\plant dataset\New Plant Diseases Dataset(Augmented)\New Plant Diseases Dataset(Augmented)\valid\Raspberry___healthy\7144dcc1-87b5-4c76-9200-965dde6bc779___Mary_HL 9171_180deg.JPG,Raspberry___healthy,Tomato___Tomato_mosaic_virus,0.7622818350791931
C:\Users\siddh\Downloads\plant dataset\New Plant Diseases Dataset(Augmented)\New Plant Diseases Dataset(Augmented)\valid\Tomato___Leaf_Mold\50a47a28-bbe5-43fb-a2b9-f13c3805de0c___Crnl_L.Mold 6572.JPG,Tomato___Leaf_Mold,Tomato___Tomato_mosaic_virus,0.7617023587226868
C:\Users\siddh\Downloads\plant dataset\New Plant Diseases Dataset(Augmented)\New Plant Diseases Dataset(Augmented)\valid\Tomato___Leaf_Mold\735f7469-96ea-4e79-9865-72883d3c16db___Crnl_L.Mold 8998_flipTB.JPG,Tomato___Leaf_Mold,Tomato___Late_blight,0.7606979012489319
C:\Users\siddh\Downloads\plant dataset\New Plant Diseases Dataset(Augmented)\New Plant Diseases Dataset(Augmented)\valid\Peach___Bacterial_spot\fc0d4251-63fc-4139-a5ca-ed895306c6ca___Rutg._Bact.S 2310.JPG,Peach___Bacterial_spot,Tomato___Late_blight,0.7598020434379578
C:\Users\siddh\Downloads\plant dataset\New Plant Diseases Dataset(Augmented)\New Plant Diseases Dataset(Augmented)\valid\Cherry_(including_sour)___Powdery_mildew\6a221f6f-ab5e-4c89-960e-b59e0bed138c___FREC_Pwd.M 5134_flipLR.JPG,Cherry_(including_sour)___Powdery_mildew,Apple___Apple_scab,0.7580047845840454
C:\Users\siddh\Downloads\plant dataset\New Plant Diseases Dataset(Augmented)\New Plant Diseases Dataset(Augmented)\valid\Grape___Black_rot\26c24a0b-568c-407b-90b6-7335ac631f8a___FAM_B.Rot 0536_flipLR.JPG,Grape___Black_rot,Grape___Esca_(Black_Measles),0.7579692602157593
C:\Users\siddh\Downloads\plant dataset\New Plant Diseases Dataset(Augmented)\New Plant Diseases Dataset(Augmented)\valid\Tomato___Tomato_Yellow_Leaf_Curl_Virus\97280284-3cd9-41f9-84de-73cdcdaa2f58___UF.GRC_YLCV_Lab 01508.JPG,Tomato___Tomato_Yellow_Leaf_Curl_Virus,Tomato___Late_blight,0.7571192979812622
C:\Users\siddh\Downloads\plant dataset\New Plant Diseases Dataset(Augmented)\New Plant Diseases Dataset(Augmented)\valid\Tomato___Septoria_leaf_spot\ba03e414-81d2-44ec-ab16-bf279266d531___Matt.S_CG 2697.JPG,Tomato___Septoria_leaf_spot,Tomato___Bacterial_spot,0.7563273906707764
C:\Users\siddh\Downloads\plant dataset\New Plant Diseases Dataset(Augmented)\New Plant Diseases Dataset(Augmented)\valid\Tomato___Leaf_Mold\329f2f31-ceca-402f-a007-21d64fe75f5e___Crnl_L.Mold 6519_180deg.JPG,Tomato___Leaf_Mold,Tomato___Tomato_mosaic_virus,0.755038857460022
C:\Users\siddh\Downloads\plant dataset\New Plant Diseases Dataset(Augmented)\New Plant Diseases Dataset(Augmented)\valid\Grape___Leaf_blight_(Isariopsis_Leaf_Spot)\ed5c8c75-0e44-4f65-b25c-05fb69b16655___FAM_L.Blight 1592_flipLR.JPG,Grape___Leaf_blight_(Isariopsis_Leaf_Spot),Grape___Black_rot,0.7536860108375549
C:\Users\siddh\Downloads\plant dataset\New Plant Diseases Dataset(Augmented)\New Plant Diseases Dataset(Augmented)\valid\Corn_(maize)___Cercospora_leaf_spot Gray_leaf_spot\df225045-fc7e-4207-a8fa-072f0f262b8b___RS_GLSp 4674.JPG,Corn_(maize)___Cercospora_leaf_spot Gray_leaf_spot,Corn_(maize)___Northern_Leaf_Blight,0.7534000277519226
C:\Users\siddh\Downloads\plant dataset\New Plant Diseases Dataset(Augmented)\New Plant Diseases Dataset(Augmented)\valid\Tomato___Early_blight\a2ec9710-99ea-4dc5-a88c-69974e0557dc___RS_Erly.B 9412_flipTB.JPG,Tomato___Early_blight,Potato___Late_blight,0.7526434659957886
C:\Users\siddh\Downloads\plant dataset\New Plant Diseases Dataset(Augmented)\New Plant Diseases Dataset(Augmented)\valid\Tomato___Septoria_leaf_spot\6364e000-312d-4b62-8d7c-d5e0d33e37e3___Matt.S_CG 7382.JPG,Tomato___Septoria_leaf_spot,Tomato___Spider_mites Two-spotted_spider_mite,0.7514305114746094
C:\Users\siddh\Downloads\plant dataset\New Plant Diseases Dataset(Augmented)\New Plant Diseases Dataset(Augmented)\valid\Tomato___Target_Spot\05afadf4-12e7-478e-bb0c-334e2bf553f3___Com.G_TgS_FL 0744_new30degFlipLR.JPG,Tomato___Target_Spot,Tomato___Tomato_mosaic_virus,0.7500739693641663
C:\Users\siddh\Downloads\plant dataset\New Plant Diseases Dataset(Augmented)\New Plant Diseases Dataset(Augmented)\valid\Strawberry___Leaf_scorch\5297eecc-3b42-42e6-87af-d01be13b3052___RS_L.Scorch 9910_flipLR.JPG,Strawberry___Leaf_scorch,Corn_(maize)___Cercospora_leaf_spot Gray_leaf_spot,0.7495672702789307
C:\Users\siddh\Downloads\plant dataset\New Plant Diseases Dataset(Augmented)\New Plant Diseases Dataset(Augmented)\valid\Tomato___Early_blight\0208ed52-1b28-4c9c-88e3-4667581e1109___RS_Erly.B 7829.JPG,Tomato___Early_blight,Tomato___Late_blight,0.7490932941436768
C:\Users\siddh\Downloads\plant dataset\New Plant Diseases Dataset(Augmented)\New Plant Diseases Dataset(Augmented)\valid\Tomato___Spider_mites Two-spotted_spider_mite\83066a1d-3c45-452b-af6e-55d6782c152d___Com.G_SpM_FL 9398.JPG,Tomato___Spider_mites Two-spotted_spider_mite,Apple___healthy,0.7469987273216248
C:\Users\siddh\Downloads\plant dataset\New Plant Diseases Dataset(Augmented)\New Plant Diseases Dataset(Augmented)\valid\Tomato___Target_Spot\d76205c4-0d20-4ba3-a4d2-4fc870883bee___Com.G_TgS_FL 9815.JPG,Tomato___Target_Spot,Tomato___Spider_mites Two-spotted_spider_mite,0.7463628053665161
C:\Users\siddh\Downloads\plant dataset\New Plant Diseases Dataset(Augmented)\New Plant Diseases Dataset(Augmented)\valid\Corn_(maize)___Cercospora_leaf_spot Gray_leaf_spot\d4c4842e-417a-4cc9-8fd5-40c618ddf483___RS_GLSp 4290.JPG,Corn_(maize)___Cercospora_leaf_spot Gray_leaf_spot,Corn_(maize)___Northern_Leaf_Blight,0.7454274296760559
C:\Users\siddh\Downloads\plant dataset\New Plant Diseases Dataset(Augmented)\New Plant Diseases Dataset(Augmented)\valid\Tomato___Tomato_Yellow_Leaf_Curl_Virus\f19b732b-44ec-49c7-9cac-2278a8f5fce3___UF.GRC_YLCV_Lab 08569.JPG,Tomato___Tomato_Yellow_Leaf_Curl_Virus,Tomato___Bacterial_spot,0.7450284957885742
C:\Users\siddh\Downloads\plant dataset\New Plant Diseases Dataset(Augmented)\New Plant Diseases Dataset(Augmented)\valid\Apple___healthy\946b311a-cb67-46d4-8c8b-0d91ebd456f3___RS_HL 5809_flipTB.JPG,Apple___healthy,Soybean___healthy,0.744464099407196
C:\Users\siddh\Downloads\plant dataset\New Plant Diseases Dataset(Augmented)\New Plant Diseases Dataset(Augmented)\valid\Tomato___Septoria_leaf_spot\67feebf2-a74a-48b0-acf5-913c9cd5e84a___JR_Sept.L.S 2457.JPG,Tomato___Septoria_leaf_spot,Tomato___Late_blight,0.7442125678062439
C:\Users\siddh\Downloads\plant dataset\New Plant Diseases Dataset(Augmented)\New Plant Diseases Dataset(Augmented)\valid\Tomato___Bacterial_spot\ad6dbb38-c44c-40c9-a6d8-8fc1d928e5de___GCREC_Bact.Sp 3775.JPG,Tomato___Bacterial_spot,"Pepper,_bell___healthy",0.7440239787101746
C:\Users\siddh\Downloads\plant dataset\New Plant Diseases Dataset(Augmented)\New Plant Diseases Dataset(Augmented)\valid\Tomato___Early_blight\f0763973-1898-4ae6-9350-c9b61976c600___RS_Erly.B 6456_180deg.JPG,Tomato___Early_blight,Tomato___Bacterial_spot,0.743725597858429
C:\Users\siddh\Downloads\plant dataset\New Plant Diseases Dataset(Augmented)\New Plant Diseases Dataset(Augmented)\valid\Tomato___Leaf_Mold\8a42ec48-5c5e-4468-8d61-2f24b42a9c5a___Crnl_L.Mold 6496.JPG,Tomato___Leaf_Mold,Tomato___Spider_mites Two-spotted_spider_mite,0.7432159781455994
C:\Users\siddh\Downloads\plant dataset\New Plant Diseases Dataset(Augmented)\New Plant Diseases Dataset(Augmented)\valid\Potato___Early_blight\b7157976-61c2-4366-87c5-e3de23aa7c10___RS_Early.B 7227_flipTB.JPG,Potato___Early_blight,"Pepper,_bell___Bacterial_spot",0.7428057193756104
C:\Users\siddh\Downloads\plant dataset\New Plant Diseases Dataset(Augmented)\New Plant Diseases Dataset(Augmented)\valid\Tomato___Bacterial_spot\927b90a6-6318-47b0-93fd-a1c33d2d36c5___GCREC_Bact.Sp 3641.JPG,Tomato___Bacterial_spot,Tomato___Late_blight,0.7416581511497498
C:\Users\siddh\Downloads\plant dataset\New Plant Diseases Dataset(Augmented)\New Plant Diseases Dataset(Augmented)\valid\Apple___Apple_scab\3652fd23-ba4c-4958-8db8-3aff8f614dfd___FREC_Scab 3377_90deg.JPG,Apple___Apple_scab,Apple___healthy,0.7399016618728638
C:\Users\siddh\Downloads\plant dataset\New Plant Diseases Dataset(Augmented)\New Plant Diseases Dataset(Augmented)\valid\Potato___Late_blight\01270f5c-a44b-4da7-9398-289088c197ab___RS_LB 2517_flipTB.JPG,Potato___Late_blight,Potato___healthy,0.7394253611564636
C:\Users\siddh\Downloads\plant dataset\New Plant Diseases Dataset(Augmented)\New Plant Diseases Dataset(Augmented)\valid\Tomato___Early_blight\5b86ab6a-3823-4886-85fd-02190898563c___RS_Erly.B 8452.JPG,Tomato___Early_blight,"Pepper,_bell___Bacterial_spot",0.7390040755271912
C:\Users\siddh\Downloads\plant dataset\New Plant Diseases Dataset(Augmented)\New Plant Diseases Dataset(Augmented)\valid\Corn_(maize)___Cercospora_leaf_spot Gray_leaf_spot\a4d985ef-9631-4c30-894c-cd9bcecded58___RS_GLSp 4477.JPG,Corn_(maize)___Cercospora_leaf_spot Gray_leaf_spot,Corn_(maize)___Northern_Leaf_Blight,0.7384836077690125
C:\Users\siddh\Downloads\plant dataset\New Plant Diseases Dataset(Augmented)\New Plant Diseases Dataset(Augmented)\valid\Tomato___Tomato_Yellow_Leaf_Curl_Virus\41278dff-4a95-43e8-8c9e-f8a6ec63b486___YLCV_NREC 2648.JPG,Tomato___Tomato_Yellow_Leaf_Curl_Virus,Tomato___Spider_mites Two-spotted_spider_mite,0.7366456389427185
C:\Users\siddh\Downloads\plant dataset\New Plant Diseases Dataset(Augmented)\New Plant Diseases Dataset(Augmented)\valid\Tomato___Late_blight\4184f74c-6054-473f-babc-fa5cbca7f5b4___GHLB2ES Leaf 135.JPG,Tomato___Late_blight,Tomato___Leaf_Mold,0.7357044816017151
C:\Users\siddh\Downloads\plant dataset\New Plant Diseases Dataset(Augmented)\New Plant Diseases Dataset(Augmented)\valid\Potato___Late_blight\794ef65d-1a4c-445a-b77c-f00d36ec82c6___RS_LB 2869_flipTB.JPG,Potato___Late_blight,Tomato___Late_blight,0.7353340983390808
C:\Users\siddh\Downloads\plant dataset\New Plant Diseases Dataset(Augmented)\New Plant Diseases Dataset(Augmented)\valid\Tomato___healthy\0c8c9c80-b7e0-47a7-81d3-b5a2174e545d___GH_HL Leaf 496.1_new30degFlipLR.JPG,Tomato___healthy,Apple___Cedar_apple_rust,0.7351034879684448
C:\Users\siddh\Downloads\plant dataset\New Plant Diseases Dataset(Augmented)\New Plant Diseases Dataset(Augmented)\valid\Tomato___Spider_mites Two-spotted_spider_mite\d9787ae7-82d5-4447-97ad-32a9dbb3866f___Com.G_SpM_FL 1166.JPG,Tomato___Spider_mites Two-spotted_spider_mite,Tomato___healthy,0.7349429130554199
C:\Users\siddh\Downloads\plant dataset\New Plant Diseases Dataset(Augmented)\New Plant Diseases Dataset(Augmented)\valid\Tomato___Tomato_mosaic_virus\0e56889c-7e80-49f3-8da3-3a437244e8fd___PSU_CG 2140.JPG,Tomato___Tomato_mosaic_virus,Tomato___Spider_mites Two-spotted_spider_mite,0.7348058223724365
C:\Users\siddh\Downloads\plant dataset\New Plant Diseases Dataset(Augmented)\New Plant Diseases Dataset(Augmented)\valid\Tomato___Leaf_Mold\d76eb906-9957-4572-bf7f-60936f30f8f3___Crnl_L.Mold 8640_flipTB.JPG,Tomato___Leaf_Mold,Tomato___Late_blight,0.7342549562454224
C:\Users\siddh\Downloads\plant dataset\New Plant Diseases Dataset(Augmented)\New Plant Diseases Dataset(Augmented)\valid\Tomato___Late_blight\4462526f-af54-4342-8f7d-56f5a6052e9b___GHLB2 Leaf 111.1.JPG,Tomato___Late_blight,Tomato___Tomato_mosaic_virus,0.7341496348381042
C:\Users\siddh\Downloads\plant dataset\New Plant Diseases Dataset(Augmented)\New Plant Diseases Dataset(Augmented)\valid\Tomato___Septoria_leaf_spot\03b3e88f-63ad-49e1-88c2-b8bfffd6aaf6___Matt.S_CG 1226_flipTB.JPG,Tomato___Septoria_leaf_spot,Tomato___Late_blight,0.7324938178062439
C:\Users\siddh\Downloads\plant dataset\New Plant Diseases Dataset(Augmented)\New Plant Diseases Dataset(Augmented)\valid\Tomato___Target_Spot\1840e451-4049-49de-a7ee-9f305e85d3c3___Com.G_TgS_FL 9966.JPG,Tomato___Target_Spot,Tomato___Spider_mites Two-spotted_spider_mite,0.7320544123649597
C:\Users\siddh\Downloads\plant dataset\New Plant Diseases Dataset(Augmented)\New Plant Diseases Dataset(Augmented)\valid\Corn_(maize)___Cercospora_leaf_spot Gray_leaf_spot\c83abfee-9e52-476e-bb0c-b1121fb57c54___RS_GLSp 4331.JPG,Corn_(maize)___Cercospora_leaf_spot Gray_leaf_spot,Corn_(maize)___Northern_Leaf_Blight,0.7319474220275879
C:\Users\siddh\Downloads\plant dataset\New Plant Diseases Dataset(Augmented)\New Plant Diseases Dataset(Augmented)\valid\Tomato___Target_Spot\e475a5f4-8166-4b18-9f29-8a7ccb541bbb___Com.G_TgS_FL 9878.JPG,Tomato___Target_Spot,Tomato___Tomato_mosaic_virus,0.7316755652427673
C:\Users\siddh\Downloads\plant dataset\New Plant Diseases Dataset(Augmented)\New Plant Diseases Dataset(Augmented)\valid\Cherry_(including_sour)___Powdery_mildew\d54fcec0-b210-4ab6-8b53-2e33ec81ea36___FREC_Pwd.M 5093.JPG,Cherry_(including_sour)___Powdery_mildew,Tomato___Late_blight,0.7304055094718933
C:\Users\siddh\Downloads\plant dataset\New Plant Diseases Dataset(Augmented)\New Plant Diseases Dataset(Augmented)\valid\Tomato___Early_blight\fbc07887-0306-4f85-9de9-ebb68a87753a___RS_Erly.B 7456_flipTB.JPG,Tomato___Early_blight,Tomato___Late_blight,0.7288652062416077
C:\Users\siddh\Downloads\plant dataset\New Plant Diseases Dataset(Augmented)\New Plant Diseases Dataset(Augmented)\valid\Tomato___Early_blight\a1e875bd-5c06-4031-b0c0-9413d754df0e___RS_Erly.B 8221.JPG,Tomato___Early_blight,Tomato___Late_blight,0.7282201051712036
C:\Users\siddh\Downloads\plant dataset\New Plant Diseases Dataset(Augmented)\New Plant Diseases Dataset(Augmented)\valid\Tomato___Early_blight\de57a88b-7170-4eca-93f6-330df50fa8b5___RS_Erly.B 9541.JPG,Tomato___Early_blight,Tomato___Late_blight,0.7278456091880798
C:\Users\siddh\Downloads\plant dataset\New Plant Diseases Dataset(Augmented)\New Plant Diseases Dataset(Augmented)\valid\Tomato___Early_blight\c1291fe6-06c2-477e-b30f-dca9a9a80079___RS_Erly.B 8371_180deg.JPG,Tomato___Early_blight,"Pepper,_bell___Bacterial_spot",0.7274727821350098
C:\Users\siddh\Downloads\plant dataset\New Plant Diseases Dataset(Augmented)\New Plant Diseases Dataset(Augmented)\valid\Tomato___Early_blight\bef16984-17c5-4796-9496-85808dfa3a56___RS_Erly.B 9405.JPG,Tomato___Early_blight,Tomato___Late_blight,0.7265948057174683
C:\Users\siddh\Downloads\plant dataset\New Plant Diseases Dataset(Augmented)\New Plant Diseases Dataset(Augmented)\valid\Potato___Late_blight\12e2c9b5-fbfc-4bc9-898b-86ead976a615___RS_LB 2702.JPG,Potato___Late_blight,Potato___healthy,0.7258884906768799
C:\Users\siddh\Downloads\plant dataset\New Plant Diseases Dataset(Augmented)\New Plant Diseases Dataset(Augmented)\valid\Apple___healthy\7a13d83d-7511-41c5-9fd5-9fd18d3cf3b1___RS_HL 5685.JPG,Apple___healthy,Tomato___Late_blight,0.7250387072563171
C:\Users\siddh\Downloads\plant dataset\New Plant Diseases Dataset(Augmented)\New Plant Diseases Dataset(Augmented)\valid\Apple___Cedar_apple_rust\0fbdccdc-fb96-475a-92bb-65734592c895___FREC_C.Rust 3619_180deg.JPG,Apple___Cedar_apple_rust,Tomato___Late_blight,0.7239956855773926
C:\Users\siddh\Downloads\plant dataset\New Plant Diseases Dataset(Augmented)\New Plant Diseases Dataset(Augmented)\valid\Potato___Late_blight\43396f0d-f05b-4dce-a209-9edcbd62d39c___RS_LB 4407_180deg.JPG,Potato___Late_blight,Apple___Apple_scab,0.7238816022872925
C:\Users\siddh\Downloads\plant dataset\New Plant Diseases Dataset(Augmented)\New Plant Diseases Dataset(Augmented)\valid\Tomato___Leaf_Mold\82567342-f689-4e61-ac38-b25db55bb684___Crnl_L.Mold 7128_flipTB.JPG,Tomato___Leaf_Mold,Tomato___Bacterial_spot,0.7232385277748108
C:\Users\siddh\Downloads\plant dataset\New Plant Diseases Dataset(Augmented)\New Plant Diseases Dataset(Augmented)\valid\Tomato___Early_blight\264bc13b-2bcd-40f8-ae25-23aef0ccdc64___RS_Erly.B 7589.JPG,Tomato___Early_blight,Tomato___Late_blight,0.7231594920158386
C:\Users\siddh\Downloads\plant dataset\New Plant Diseases Dataset(Augmented)\New Plant Diseases Dataset(Augmented)\valid\Tomato___Leaf_Mold\9dd60be7-b16d-493d-acdf-f5b7446754c7___Crnl_L.Mold 8782.JPG,Tomato___Leaf_Mold,Tomato___Late_blight,0.7226242423057556
C:\Users\siddh\Downloads\plant dataset\New Plant Diseases Dataset(Augmented)\New Plant Diseases Dataset(Augmented)\valid\Tomato___Tomato_Yellow_Leaf_Curl_Virus\c919537c-9448-4f10-897d-8f3b2dbd9459___YLCV_NREC 0053.JPG,Tomato___Tomato_Yellow_Leaf_Curl_Virus,Tomato___Spider_mites Two-spotted_spider_mite,0.7220088243484497
C:\Users\siddh\Downloads\plant dataset\New Plant Diseases Dataset(Augmented)\New Plant Diseases Dataset(Augmented)\valid\Peach___Bacterial_spot\d5f0dc0f-477b-4385-8e85-44ce587d1f5e___Rutg._Bact.S 2311.JPG,Peach___Bacterial_spot,Tomato___Late_blight,0.7210172414779663
C:\Users\siddh\Downloads\plant dataset\New Plant Diseases Dataset(Augmented)\New Plant Diseases Dataset(Augmented)\valid\Tomato___Early_blight\fb956247-8c0b-486a-b491-4d49e77e598e___RS_Erly.B 7842.JPG,Tomato___Early_blight,Tomato___Late_blight,0.720792829990387
C:\Users\siddh\Downloads\plant dataset\New Plant Diseases Dataset(Augmented)\New Plant Diseases Dataset(Augmented)\valid\Corn_(maize)___Cercospora_leaf_spot Gray_leaf_spot\ba32d51c-9800-4110-ad8e-df2ab422a93e___RS_GLSp 4693.JPG,Corn_(maize)___Cercospora_leaf_spot Gray_leaf_spot,Corn_(maize)___Northern_Leaf_Blight,0.7189125418663025
C:\Users\siddh\Downloads\plant dataset\New Plant Diseases Dataset(Augmented)\New Plant Diseases Dataset(Augmented)\valid\Tomato___Leaf_Mold\1fef5c8b-7d83-45b5-9031-f636c3dc44ae___Crnl_L.Mold 8953.JPG,Tomato___Leaf_Mold,Tomato___Late_blight,0.7188677191734314
C:\Users\siddh\Downloads\plant dataset\New Plant Diseases Dataset(Augmented)\New Plant Diseases Dataset(Augmented)\valid\Tomato___Early_blight\bbd73cdc-a2e5-4740-9a66-7e59d0416f25___RS_Erly.B 7502.JPG,Tomato___Early_blight,Tomato___Late_blight,0.7186373472213745
C:\Users\siddh\Downloads\plant dataset\New Plant Diseases Dataset(Augmented)\New Plant Diseases Dataset(Augmented)\valid\Tomato___Early_blight\0982d864-182e-4d36-959a-dcc67d85d9e6___RS_Erly.B 9481_180deg.JPG,Tomato___Early_blight,Tomato___Late_blight,0.7178407907485962
C:\Users\siddh\Downloads\plant dataset\New Plant Diseases Dataset(Augmented)\New Plant Diseases Dataset(Augmented)\valid\Potato___healthy\111cd9d8-4d27-4225-be9e-d29b21cf56b9___RS_HL 5419_flipTB.JPG,Potato___healthy,Soybean___healthy,0.7171286344528198
C:\Users\siddh\Downloads\plant dataset\New Plant Diseases Dataset(Augmented)\New Plant Diseases Dataset(Augmented)\valid\Corn_(maize)___Northern_Leaf_Blight\cebcbe6b-0ed3-4397-b94a-bd40ab1094e7___RS_NLB 3698.JPG,Corn_(maize)___Northern_Leaf_Blight,Corn_(maize)___Cercospora_leaf_spot Gray_leaf_spot,0.7163636088371277
C:\Users\siddh\Downloads\plant dataset\New Plant Diseases Dataset(Augmented)\New Plant Diseases Dataset(Augmented)\valid\Strawberry___Leaf_scorch\6c63ab7c-68a8-4ff8-a001-f3e7cf16f722___RS_L.Scorch 9913.JPG,Strawberry___Leaf_scorch,Tomato___Early_blight,0.7162967324256897
C:\Users\siddh\Downloads\plant dataset\New Plant Diseases Dataset(Augmented)\New Plant Diseases Dataset(Augmented)\valid\Apple___Apple_scab\9e4d949f-0d9b-4b61-8ce9-574664176efc___FREC_Scab 3022.JPG,Apple___Apple_scab,"Pepper,_bell___Bacterial_spot",0.7157690525054932
C:\Users\siddh\Downloads\plant dataset\New Plant Diseases Dataset(Augmented)\New Plant Diseases Dataset(Augmented)\valid\Potato___Late_blight\d3cbf715-a2a3-4024-ac5d-c6ae21a77720___RS_LB 2735_180deg.JPG,Potato___Late_blight,Tomato___Late_blight,0.7150238156318665
C:\Users\siddh\Downloads\plant dataset\New Plant Diseases Dataset(Augmented)\New Plant Diseases Dataset(Augmented)\valid\Tomato___Leaf_Mold\6e33ee8d-616a-47f2-8229-d4375c47346c___Crnl_L.Mold 8795.JPG,Tomato___Leaf_Mold,Tomato___Late_blight,0.7148951292037964
C:\Users\siddh\Downloads\plant dataset\New Plant Diseases Dataset(Augmented)\New Plant Diseases Dataset(Augmented)\valid\Tomato___Leaf_Mold\f49fa2e7-d767-4d97-8b57-026388fe548a___Crnl_L.Mold 9033.JPG,Tomato___Leaf_Mold,Tomato___Late_blight,0.7138581275939941
C:\Users\siddh\Downloads\plant dataset\New Plant Diseases Dataset(Augmented)\New Plant Diseases Dataset(Augmented)\valid\Tomato___Septoria_leaf_spot\0a5edec2-e297-4a25-86fc-78f03772c100___JR_Sept.L.S 8468.JPG,Tomato___Septoria_leaf_spot,Tomato___Late_blight,0.7114776372909546
C:\Users\siddh\Downloads\plant dataset\New Plant Diseases Dataset(Augmented)\New Plant Diseases Dataset(Augmented)\valid\Potato___healthy\f0fdde26-78b4-46f0-9eb8-7c2a743d34aa___RS_HL 4165_90deg.JPG,Potato___healthy,Soybean___healthy,0.7107113003730774
C:\Users\siddh\Downloads\plant dataset\New Plant Diseases Dataset(Augmented)\New Plant Diseases Dataset(Augmented)\valid\Tomato___Early_blight\e332b0b1-ed0c-49b0-aad2-da29a8636126___RS_Erly.B 9418.JPG,Tomato___Early_blight,Tomato___Late_blight,0.7100279331207275
"C:\Users\siddh\Downloads\plant dataset\New Plant Diseases Dataset(Augmented)\New Plant Diseases Dataset(Augmented)\valid\Pepper,_bell___healthy\4b305da8-ccc7-4c6c-938c-cef12420aaab___JR_HL 5954_flipTB.JPG","Pepper,_bell___healthy","Pepper,_bell___Bacterial_spot",0.7099170088768005
C:\Users\siddh\Downloads\plant dataset\New Plant Diseases Dataset(Augmented)\New Plant Diseases Dataset(Augmented)\valid\Tomato___Spider_mites Two-spotted_spider_mite\3d56ef50-1028-4b69-b04c-e1800cc740aa___Com.G_SpM_FL 1440_flipTB.JPG,Tomato___Spider_mites Two-spotted_spider_mite,Tomato___Tomato_mosaic_virus,0.7098734974861145
C:\Users\siddh\Downloads\plant dataset\New Plant Diseases Dataset(Augmented)\New Plant Diseases Dataset(Augmented)\valid\Corn_(maize)___Cercospora_leaf_spot Gray_leaf_spot\a9bc0746-7cb8-4cf7-8998-27afed5648d8___RS_GLSp 7322.JPG,Corn_(maize)___Cercospora_leaf_spot Gray_leaf_spot,Corn_(maize)___Northern_Leaf_Blight,0.7084804773330688
C:\Users\siddh\Downloads\plant dataset\New Plant Diseases Dataset(Augmented)\New Plant Diseases Dataset(Augmented)\valid\Tomato___Early_blight\c73fd35a-bc55-46c3-baf3-a943a6e396c5___RS_Erly.B 9563_180deg.JPG,Tomato___Early_blight,Tomato___Late_blight,0.7079991102218628
C:\Users\siddh\Downloads\plant dataset\New Plant Diseases Dataset(Augmented)\New Plant Diseases Dataset(Augmented)\valid\Grape___healthy\580e79e8-9e89-41c8-930c-bd3eafb818b2___Mt.N.V_HL 6196_new30degFlipLR.JPG,Grape___healthy,Apple___Apple_scab,0.707966685295105
C:\Users\siddh\Downloads\plant dataset\New Plant Diseases Dataset(Augmented)\New Plant Diseases Dataset(Augmented)\valid\Peach___Bacterial_spot\d18a5e20-4cbd-4e33-9d7a-5bd47edc6633___Rutg._Bact.S 1452.JPG,Peach___Bacterial_spot,"Pepper,_bell___Bacterial_spot",0.7048182487487793
C:\Users\siddh\Downloads\plant dataset\New Plant Diseases Dataset(Augmented)\New Plant Diseases Dataset(Augmented)\valid\Tomato___Septoria_leaf_spot\1c7e9ef5-bf97-4e53-b6c1-7fd148d043d5___Matt.S_CG 6482.JPG,Tomato___Septoria_leaf_spot,Apple___Cedar_apple_rust,0.7046046853065491
C:\Users\siddh\Downloads\plant dataset\New Plant Diseases Dataset(Augmented)\New Plant Diseases Dataset(Augmented)\valid\Apple___healthy\826bd506-04f2-424d-89da-7fe6ad6926b2___RS_HL 5757.JPG,Apple___healthy,Soybean___healthy,0.7042641043663025
C:\Users\siddh\Downloads\plant dataset\New Plant Diseases Dataset(Augmented)\New Plant Diseases Dataset(Augmented)\valid\Tomato___Target_Spot\725e8a79-eba4-480b-97b6-43c861ebc4c0___Com.G_TgS_FL 9665.JPG,Tomato___Target_Spot,Tomato___Bacterial_spot,0.7024608254432678
C:\Users\siddh\Downloads\plant dataset\New Plant Diseases Dataset(Augmented)\New Plant Diseases Dataset(Augmented)\valid\Grape___Black_rot\55740c50-995e-4bd4-84a1-d73475041d43___FAM_B.Rot 0522.JPG,Grape___Black_rot,Grape___Esca_(Black_Measles),0.702419102191925
C:\Users\siddh\Downloads\plant dataset\New Plant Diseases Dataset(Augmented)\New Plant Diseases Dataset(Augmented)\valid\Grape___Esca_(Black_Measles)\b51dd9b6-0ab4-411f-ad41-a1549b3ae488___FAM_B.Msls 3839.JPG,Grape___Esca_(Black_Measles),Grape___Black_rot,0.7020388245582581
C:\Users\siddh\Downloads\plant dataset\New Plant Diseases Dataset(Augmented)\New Plant Diseases Dataset(Augmented)\valid\Tomato___Early_blight\b4cfa208-cee0-4383-b0e2-6988814fbb9a___RS_Erly.B 7645.JPG,Tomato___Early_blight,Tomato___Bacterial_spot,0.7018884420394897
C:\Users\siddh\Downloads\plant dataset\New Plant Diseases Dataset(Augmented)\New Plant Diseases Dataset(Augmented)\valid\Corn_(maize)___Cercospora_leaf_spot Gray_leaf_spot\c7900124-4885-46fa-95b8-f335fbcd48d7___RS_GLSp 4290 copy.jpg,Corn_(maize)___Cercospora_leaf_spot Gray_leaf_spot,Corn_(maize)___Northern_Leaf_Blight,0.7018763422966003
"C:\Users\siddh\Downloads\plant dataset\New Plant Diseases Dataset(Augmented)\New Plant Diseases Dataset(Augmented)\valid\Pepper,_bell___Bacterial_spot\a73080aa-8609-4ca2-86ff-28440774f4b8___JR_B.Spot 8861.JPG","Pepper,_bell___Bacterial_spot","Pepper,_bell___healthy",0.7014319896697998
C:\Users\siddh\Downloads\plant dataset\New Plant Diseases Dataset(Augmented)\New Plant Diseases Dataset(Augmented)\valid\Apple___healthy\6422d3df-4b2d-4e73-b1c9-3da9f763cb75___RS_HL 7259_flipTB.JPG,Apple___healthy,Blueberry___healthy,0.7013446688652039
C:\Users\siddh\Downloads\plant dataset\New Plant Diseases Dataset(Augmented)\New Plant Diseases Dataset(Augmented)\valid\Corn_(maize)___Cercospora_leaf_spot Gray_leaf_spot\1836cc95-03e5-4430-8cc1-cca482b94a0d___RS_GLSp 4289 copy.jpg,Corn_(maize)___Cercospora_leaf_spot Gray_leaf_spot,Corn_(maize)___Northern_Leaf_Blight,0.7008123993873596
C:\Users\siddh\Downloads\plant dataset\New Plant Diseases Dataset(Augmented)\New Plant Diseases Dataset(Augmented)\valid\Tomato___Early_blight\79c34498-d83f-4afd-a339-074b4dbb20bd___RS_Erly.B 8450_180deg.JPG,Tomato___Early_blight,Tomato___Late_blight,0.6999043226242065
C:\Users\siddh\Downloads\plant dataset\New Plant Diseases Dataset(Augmented)\New Plant Diseases Dataset(Augmented)\valid\Corn_(maize)___Cercospora_leaf_spot Gray_leaf_spot\b9a39437-94b7-41e3-b309-080e9a93d5ca___RS_GLSp 4440.JPG,Corn_(maize)___Cercospora_leaf_spot Gray_leaf_spot,Corn_(maize)___Northern_Leaf_Blight,0.6998105645179749
C:\Users\siddh\Downloads\plant dataset\New Plant Diseases Dataset(Augmented)\New Plant Diseases Dataset(Augmented)\valid\Tomato___Late_blight\f8176522-163b-48ee-a1a2-ea94c782b4ad___RS_Late.B 6137.JPG,Tomato___Late_blight,Potato___Late_blight,0.6996505260467529
C:\Users\siddh\Downloads\plant dataset\New Plant Diseases Dataset(Augmented)\New Plant Diseases Dataset(Augmented)\valid\Peach___Bacterial_spot\d1f8da74-a218-486c-814e-6ccd0fc91d4b___Rut._Bact.S 0992.JPG,Peach___Bacterial_spot,"Pepper,_bell___Bacterial_spot",0.6995692253112793
C:\Users\siddh\Downloads\plant dataset\New Plant Diseases Dataset(Augmented)\New Plant Diseases Dataset(Augmented)\valid\Tomato___Spider_mites Two-spotted_spider_mite\629cdfbf-12bb-4f71-a0b5-3a6a7bdf634a___Com.G_SpM_FL 9488.JPG,Tomato___Spider_mites Two-spotted_spider_mite,Tomato___Late_blight,0.697614848613739
C:\Users\siddh\Downloads\plant dataset\New Plant Diseases Dataset(Augmented)\New Plant Diseases Dataset(Augmented)\valid\Tomato___Early_blight\eefcdf5d-5207-47ca-916d-0479f010bae8___RS_Erly.B 9482_180deg.JPG,Tomato___Early_blight,Tomato___Late_blight,0.6964672207832336
C:\Users\siddh\Downloads\plant dataset\New Plant Diseases Dataset(Augmented)\New Plant Diseases Dataset(Augmented)\valid\Corn_(maize)___Northern_Leaf_Blight\73cacf2f-57c4-4947-ae9b-69a9931d068c___RS_NLB 3910.JPG,Corn_(maize)___Northern_Leaf_Blight,Tomato___Late_blight,0.695690929889679
C:\Users\siddh\Downloads\plant dataset\New Plant Diseases Dataset(Augmented)\New Plant Diseases Dataset(Augmented)\valid\Corn_(maize)___Cercospora_leaf_spot Gray_leaf_spot\de66a37b-002d-4e21-8f4a-a34976b74892___RS_GLSp 9283.JPG,Corn_(maize)___Cercospora_leaf_spot Gray_leaf_spot,Corn_(maize)___Northern_Leaf_Blight,0.6953285932540894
"C:\Users\siddh\Downloads\plant dataset\New Plant Diseases Dataset(Augmented)\New Plant Diseases Dataset(Augmented)\valid\Pepper,_bell___healthy\4b305da8-ccc7-4c6c-938c-cef12420aaab___JR_HL 5954_180deg.JPG","Pepper,_bell___healthy","Pepper,_bell___Bacterial_spot",0.6947322487831116
C:\Users\siddh\Downloads\plant dataset\New Plant Diseases Dataset(Augmented)\New Plant Diseases Dataset(Augmented)\valid\Potato___Late_blight\e7e39ba3-b9af-4d5f-afb1-aea45e13446a___RS_LB 2876_180deg.JPG,Potato___Late_blight,Tomato___Late_blight,0.6932646632194519
C:\Users\siddh\Downloads\plant dataset\New Plant Diseases Dataset(Augmented)\New Plant Diseases Dataset(Augmented)\valid\Tomato___Early_blight\47c05777-ef2f-4baf-8f1a-61ab067a4627___RS_Erly.B 7350_flipTB.JPG,Tomato___Early_blight,Tomato___Late_blight,0.6931121945381165
C:\Users\siddh\Downloads\plant dataset\New Plant Diseases Dataset(Augmented)\New Plant Diseases Dataset(Augmented)\valid\Tomato___Target_Spot\5a8d484b-77a7-48f7-90f2-abc064357924___Com.G_TgS_FL 9830_180deg.JPG,Tomato___Target_Spot,Tomato___Bacterial_spot,0.6928278207778931
C:\Users\siddh\Downloads\plant dataset\New Plant Diseases Dataset(Augmented)\New Plant Diseases Dataset(Augmented)\valid\Tomato___Leaf_Mold\6a72d24d-5705-4647-8a8c-77d2f268c08a___Crnl_L.Mold 8708.JPG,Tomato___Leaf_Mold,Tomato___Late_blight,0.6927564740180969
C:\Users\siddh\Downloads\plant dataset\New Plant Diseases Dataset(Augmented)\New Plant Diseases Dataset(Augmented)\valid\Apple___Black_rot\a0d95497-da4c-40dd-bc2a-d29d1629bd4f___JR_FrgE.S 8759_new30degFlipLR.JPG,Apple___Black_rot,Apple___Cedar_apple_rust,0.6915866136550903
C:\Users\siddh\Downloads\plant dataset\New Plant Diseases Dataset(Augmented)\New Plant Diseases Dataset(Augmented)\valid\Tomato___Tomato_Yellow_Leaf_Curl_Virus\feb114a3-a58f-47b6-b7e8-816ffb06bbc5___YLCV_GCREC 2338.JPG,Tomato___Tomato_Yellow_Leaf_Curl_Virus,Tomato___Spider_mites Two-spotted_spider_mite,0.6904548406600952
C:\Users\siddh\Downloads\plant dataset\New Plant Diseases Dataset(Augmented)\New Plant Diseases Dataset(Augmented)\valid\Tomato___Septoria_leaf_spot\e7eabac8-f9ff-4ec1-b07b-c11791b47bda___Matt.S_CG 1677.JPG,Tomato___Septoria_leaf_spot,Tomato___Late_blight,0.6904536485671997
C:\Users\siddh\Downloads\plant dataset\New Plant Diseases Dataset(Augmented)\New Plant Diseases Dataset(Augmented)\valid\Tomato___Target_Spot\47447629-2229-4b3a-97bb-45deb6f71a87___Com.G_TgS_FL 8254.JPG,Tomato___Target_Spot,"Pepper,_bell___Bacterial_spot",0.6901060342788696
C:\Users\siddh\Downloads\plant dataset\New Plant Diseases Dataset(Augmented)\New Plant Diseases Dataset(Augmented)\valid\Tomato___Bacterial_spot\963e1eca-9916-4918-a2da-0f5feaef000a___UF.GRC_BS_Lab Leaf 0269.JPG,Tomato___Bacterial_spot,Tomato___Late_blight,0.6893552541732788
C:\Users\siddh\Downloads\plant dataset\New Plant Diseases Dataset(Augmented)\New Plant Diseases Dataset(Augmented)\valid\Tomato___Early_blight\dda45973-b7a1-4080-93a2-bd7cd3e3026f___RS_Erly.B 8407_180deg.JPG,Tomato___Early_blight,Tomato___Late_blight,0.6889814138412476
C:\Users\siddh\Downloads\plant dataset\New Plant Diseases Dataset(Augmented)\New Plant Diseases Dataset(Augmented)\valid\Corn_(maize)___Cercospora_leaf_spot Gray_leaf_spot\ec76caa7-e1a4-440e-9b4c-3ee355aac33b___RS_GLSp 4479.JPG,Corn_(maize)___Cercospora_leaf_spot Gray_leaf_spot,Corn_(maize)___Northern_Leaf_Blight,0.6884996294975281
C:\Users\siddh\Downloads\plant dataset\New Plant Diseases Dataset(Augmented)\New Plant Diseases Dataset(Augmented)\valid\Raspberry___healthy\75516457-ea59-483c-821c-5f173575702f___Mary_HL 9225_270deg.JPG,Raspberry___healthy,Strawberry___healthy,0.6879194378852844
C:\Users\siddh\Downloads\plant dataset\New Plant Diseases Dataset(Augmented)\New Plant Diseases Dataset(Augmented)\valid\Tomato___Septoria_leaf_spot\788de778-60e8-42ba-88ad-36440bdd5fa7___Matt.S_CG 6057.JPG,Tomato___Septoria_leaf_spot,Tomato___Late_blight,0.6874027848243713
C:\Users\siddh\Downloads\plant dataset\New Plant Diseases Dataset(Augmented)\New Plant Diseases Dataset(Augmented)\valid\Tomato___Septoria_leaf_spot\c3e87759-e952-417b-9377-4d723cbe96d2___JR_Sept.L.S 2604.JPG,Tomato___Septoria_leaf_spot,Tomato___Late_blight,0.6860084533691406
C:\Users\siddh\Downloads\plant dataset\New Plant Diseases Dataset(Augmented)\New Plant Diseases Dataset(Augmented)\valid\Grape___Black_rot\2d741855-2ea0-4103-8408-129208ebfb24___FAM_B.Rot 5013.JPG,Grape___Black_rot,Grape___Esca_(Black_Measles),0.6853412389755249
C:\Users\siddh\Downloads\plant dataset\New Plant Diseases Dataset(Augmented)\New Plant Diseases Dataset(Augmented)\valid\Apple___Apple_scab\91decba3-10b0-4d3e-974c-bcc7729e867d___FREC_Scab 3527_90deg.JPG,Apple___Apple_scab,Apple___Black_rot,0.6852891445159912
C:\Users\siddh\Downloads\plant dataset\New Plant Diseases Dataset(Augmented)\New Plant Diseases Dataset(Augmented)\valid\Tomato___Bacterial_spot\541eaa7a-3967-4c6a-8a5d-4c9a1ad1881d___UF.GRC_BS_Lab Leaf 9240.JPG,Tomato___Bacterial_spot,Tomato___Late_blight,0.6840807199478149
C:\Users\siddh\Downloads\plant dataset\New Plant Diseases Dataset(Augmented)\New Plant Diseases Dataset(Augmented)\valid\Grape___Esca_(Black_Measles)\bd43f935-acbc-4880-b05f-bbb0eaa1cafb___FAM_B.Msls 4223.JPG,Grape___Esca_(Black_Measles),Grape___Black_rot,0.6824222803115845
C:\Users\siddh\Downloads\plant dataset\New Plant Diseases Dataset(Augmented)\New Plant Diseases Dataset(Augmented)\valid\Tomato___Target_Spot\0a3b6099-c254-4bc3-8360-53a9f558a0c4___Com.G_TgS_FL 8259.JPG,Tomato___Target_Spot,Tomato___healthy,0.6814548969268799
C:\Users\siddh\Downloads\plant dataset\New Plant Diseases Dataset(Augmented)\New Plant Diseases Dataset(Augmented)\valid\Tomato___Bacterial_spot\93330085-955f-4498-8159-77af45f02ea5___GCREC_Bact.Sp 5735.JPG,Tomato___Bacterial_spot,Tomato___Late_blight,0.6812438368797302
"C:\Users\siddh\Downloads\plant dataset\New Plant Diseases Dataset(Augmented)\New Plant Diseases Dataset(Augmented)\valid\Pepper,_bell___healthy\3d9886b0-d3cc-42d2-a41a-ec934b971bc9___JR_HL 8775_newPixel25.JPG","Pepper,_bell___healthy",Apple___Cedar_apple_rust,0.6804975271224976
C:\Users\siddh\Downloads\plant dataset\New Plant Diseases Dataset(Augmented)\New Plant Diseases Dataset(Augmented)\valid\Apple___Apple_scab\f96cb3b3-172a-44d8-9720-d6a3ed87ced9___FREC_Scab 3036_270deg.JPG,Apple___Apple_scab,Grape___Leaf_blight_(Isariopsis_Leaf_Spot),0.6798076033592224
C:\Users\siddh\Downloads\plant dataset\New Plant Diseases Dataset(Augmented)\New Plant Diseases Dataset(Augmented)\valid\Peach___Bacterial_spot\8be0b03a-0522-48cd-ac9e-91c4eb683413___Rutg._Bact.S 2145.JPG,Peach___Bacterial_spot,Apple___Cedar_apple_rust,0.6784704923629761
C:\Users\siddh\Downloads\plant dataset\New Plant Diseases Dataset(Augmented)\New Plant Diseases Dataset(Augmented)\valid\Tomato___Septoria_leaf_spot\cd2cd0c6-bf72-4bfb-9647-58f5358638d4___Matt.S_CG 6020.JPG,Tomato___Septoria_leaf_spot,Tomato___Tomato_mosaic_virus,0.6775498390197754
C:\Users\siddh\Downloads\plant dataset\New Plant Diseases Dataset(Augmented)\New Plant Diseases Dataset(Augmented)\valid\Tomato___Early_blight\d934ba74-0149-457f-b5e7-c11d595f285e___RS_Erly.B 7365_flipTB.JPG,Tomato___Early_blight,Tomato___Bacterial_spot,0.6775340437889099
C:\Users\siddh\Downloads\plant dataset\New Plant Diseases Dataset(Augmented)\New Plant Diseases Dataset(Augmented)\valid\Apple___Cedar_apple_rust\0321e067-d13b-47d0-b3a6-76ba6f357d02___FREC_C.Rust 3667_90deg.JPG,Apple___Cedar_apple_rust,Apple___Black_rot,0.6772538423538208
C:\Users\siddh\Downloads\plant dataset\New Plant Diseases Dataset(Augmented)\New Plant Diseases Dataset(Augmented)\valid\Tomato___Early_blight\38c6a01b-91c0-431b-8f58-05fa43cf94b7___RS_Erly.B 9408.JPG,Tomato___Early_blight,Tomato___Late_blight,0.6765363812446594
C:\Users\siddh\Downloads\plant dataset\New Plant Diseases Dataset(Augmented)\New Plant Diseases Dataset(Augmented)\valid\Tomato___Septoria_leaf_spot\6d8ec33d-fbf6-433d-acd9-feaa72ab839a___Matt.S_CG 7609.JPG,Tomato___Septoria_leaf_spot,Grape___Esca_(Black_Measles),0.6763010025024414
C:\Users\siddh\Downloads\plant dataset\New Plant Diseases Dataset(Augmented)\New Plant Diseases Dataset(Augmented)\valid\Tomato___Spider_mites Two-spotted_spider_mite\dba37938-bb5c-41cd-9a81-76827e1e2bbd___Com.G_SpM_FL 9466.JPG,Tomato___Spider_mites Two-spotted_spider_mite,Tomato___Late_blight,0.6761703491210938
C:\Users\siddh\Downloads\plant dataset\New Plant Diseases Dataset(Augmented)\New Plant Diseases Dataset(Augmented)\valid\Apple___Apple_scab\f18c0441-917e-4f34-b26e-a1a71d0adec2___FREC_Scab 3429.JPG,Apple___Apple_scab,Apple___healthy,0.6757482886314392
C:\Users\siddh\Downloads\plant dataset\New Plant Diseases Dataset(Augmented)\New Plant Diseases Dataset(Augmented)\valid\Tomato___Early_blight\c27f6ed4-7ae2-4187-8e96-edafd886f123___RS_Erly.B 7618_flipTB.JPG,Tomato___Early_blight,Tomato___Late_blight,0.6753824353218079
C:\Users\siddh\Downloads\plant dataset\New Plant Diseases Dataset(Augmented)\New Plant Diseases Dataset(Augmented)\valid\Tomato___Septoria_leaf_spot\7ed442ab-2005-4fe8-98a6-82b1b4d7f1a9___Keller.St_CG 1843.JPG,Tomato___Septoria_leaf_spot,Tomato___Late_blight,0.6748037338256836
C:\Users\siddh\Downloads\plant dataset\New Plant Diseases Dataset(Augmented)\New Plant Diseases Dataset(Augmented)\valid\Tomato___Leaf_Mold\407519ba-54e6-4779-a886-8163cab06a04___Crnl_L.Mold 8807.JPG,Tomato___Leaf_Mold,Tomato___Late_blight,0.6739304065704346
C:\Users\siddh\Downloads\plant dataset\New Plant Diseases Dataset(Augmented)\New Plant Diseases Dataset(Augmented)\valid\Tomato___Early_blight\dc6eeebe-ebc4-406c-b5df-f4861f491db8___RS_Erly.B 9615.JPG,Tomato___Early_blight,Tomato___Late_blight,0.6738970279693604
C:\Users\siddh\Downloads\plant dataset\New Plant Diseases Dataset(Augmented)\New Plant Diseases Dataset(Augmented)\valid\Raspberry___healthy\d9d314cb-8870-463d-92fc-2561070b7580___Mary_HL 9176_180deg.JPG,Raspberry___healthy,Strawberry___healthy,0.6735589504241943
C:\Users\siddh\Downloads\plant dataset\New Plant Diseases Dataset(Augmented)\New Plant Diseases Dataset(Augmented)\valid\Tomato___Early_blight\caf4e799-6574-4eb6-81df-edd5d256fd45___RS_Erly.B 7536_180deg.JPG,Tomato___Early_blight,Tomato___Late_blight,0.6734675168991089
C:\Users\siddh\Downloads\plant dataset\New Plant Diseases Dataset(Augmented)\New Plant Diseases Dataset(Augmented)\valid\Tomato___Early_blight\1b4a2ad5-057d-4fac-9188-648edbe49751___RS_Erly.B 7767.JPG,Tomato___Early_blight,Tomato___Target_Spot,0.6731268763542175
C:\Users\siddh\Downloads\plant dataset\New Plant Diseases Dataset(Augmented)\New Plant Diseases Dataset(Augmented)\valid\Potato___Late_blight\5ad9dba9-ed81-437e-8d5d-1d6660514462___RS_LB 4439.JPG,Potato___Late_blight,Tomato___Late_blight,0.6730890870094299
C:\Users\siddh\Downloads\plant dataset\New Plant Diseases Dataset(Augmented)\New Plant Diseases Dataset(Augmented)\valid\Tomato___Target_Spot\5e77f244-af69-4b7e-aba2-40cda5efd445___Com.G_TgS_FL 1065_flipTB.JPG,Tomato___Target_Spot,Tomato___healthy,0.6730597615242004
C:\Users\siddh\Downloads\plant dataset\New Plant Diseases Dataset(Augmented)\New Plant Diseases Dataset(Augmented)\valid\Grape___Leaf_blight_(Isariopsis_Leaf_Spot)\06c943c3-7c61-46ec-a6ce-5c8f0536d2b4___FAM_L.Blight 1459_flipLR.JPG,Grape___Leaf_blight_(Isariopsis_Leaf_Spot),Tomato___Bacterial_spot,0.672675371170044
"C:\Users\siddh\Downloads\plant dataset\New Plant Diseases Dataset(Augmented)\New Plant Diseases Dataset(Augmented)\valid\Pepper,_bell___healthy\0eb476b9-8b21-4b24-adef-7db813abbca3___JR_HL 7926_newPixel25.JPG","Pepper,_bell___healthy",Peach___healthy,0.6720036268234253
C:\Users\siddh\Downloads\plant dataset\New Plant Diseases Dataset(Augmented)\New Plant Diseases Dataset(Augmented)\valid\Tomato___Late_blight\d674cbf6-0cdc-407a-97ea-c3f53f2c51e4___GH_HL Leaf 170.JPG,Tomato___Late_blight,Tomato___healthy,0.6707420945167542
C:\Users\siddh\Downloads\plant dataset\New Plant Diseases Dataset(Augmented)\New Plant Diseases Dataset(Augmented)\valid\Tomato___Tomato_Yellow_Leaf_Curl_Virus\a7d66cfb-8c5d-48ea-ae2b-ca7ca7035f56___YLCV_NREC 2311.JPG,Tomato___Tomato_Yellow_Leaf_Curl_Virus,Tomato___Spider_mites Two-spotted_spider_mite,0.6683669090270996
C:\Users\siddh\Downloads\plant dataset\New Plant Diseases Dataset(Augmented)\New Plant Diseases Dataset(Augmented)\valid\Corn_(maize)___Northern_Leaf_Blight\ea41c5a7-8436-4ee5-b528-4c0f5b656e82___RS_NLB 3786.JPG,Corn_(maize)___Northern_Leaf_Blight,Corn_(maize)___Cercospora_leaf_spot Gray_leaf_spot,0.6674883961677551
C:\Users\siddh\Downloads\plant dataset\New Plant Diseases Dataset(Augmented)\New Plant Diseases Dataset(Augmented)\valid\Tomato___Early_blight\fb956247-8c0b-486a-b491-4d49e77e598e___RS_Erly.B 7842_180deg.JPG,Tomato___Early_blight,Tomato___Late_blight,0.6666466593742371
C:\Users\siddh\Downloads\plant dataset\New Plant Diseases Dataset(Augmented)\New Plant Diseases Dataset(Augmented)\valid\Potato___Late_blight\8b0ef54c-6d28-47bb-a657-287afbb8a620___RS_LB 3298.JPG,Potato___Late_blight,Tomato___Late_blight,0.6665847897529602
C:\Users\siddh\Downloads\plant dataset\New Plant Diseases Dataset(Augmented)\New Plant Diseases Dataset(Augmented)\valid\Tomato___Leaf_Mold\fe60a756-1145-4ed4-9496-af5f387f0222___Crnl_L.Mold 8965.JPG,Tomato___Leaf_Mold,Tomato___Late_blight,0.666096031665802
C:\Users\siddh\Downloads\plant dataset\New Plant Diseases Dataset(Augmented)\New Plant Diseases Dataset(Augmented)\valid\Potato___Late_blight\dd55ba8d-a425-4b06-9996-bbf315d71e6e___RS_LB 2737.JPG,Potato___Late_blight,Tomato___Late_blight,0.6659780144691467
C:\Users\siddh\Downloads\plant dataset\New Plant Diseases Dataset(Augmented)\New Plant Diseases Dataset(Augmented)\valid\Tomato___Early_blight\893b7469-eb50-4567-9292-dc8f7610c311___RS_Erly.B 6442.JPG,Tomato___Early_blight,Tomato___Bacterial_spot,0.6656727194786072
C:\Users\siddh\Downloads\plant dataset\New Plant Diseases Dataset(Augmented)\New Plant Diseases Dataset(Augmented)\valid\Potato___Late_blight\93935af4-3aae-4dd6-90d9-fb28e439faf0___RS_LB 3299_flipTB.JPG,Potato___Late_blight,Tomato___Late_blight,0.6655120849609375
C:\Users\siddh\Downloads\plant dataset\New Plant Diseases Dataset(Augmented)\New Plant Diseases Dataset(Augmented)\valid\Tomato___Target_Spot\0b6c4305-0cdc-4150-914b-5d7a5acb7881___Com.G_TgS_FL 8257_180deg.JPG,Tomato___Target_Spot,Tomato___healthy,0.6651745438575745
C:\Users\siddh\Downloads\plant dataset\New Plant Diseases Dataset(Augmented)\New Plant Diseases Dataset(Augmented)\valid\Potato___Late_blight\2f76c068-ebba-499d-8819-2d12bde41695___RS_LB 3232.JPG,Potato___Late_blight,Tomato___Late_blight,0.664868950843811
C:\Users\siddh\Downloads\plant dataset\New Plant Diseases Dataset(Augmented)\New Plant Diseases Dataset(Augmented)\valid\Tomato___Early_blight\c084fdcc-8347-4e73-be57-e66840ffba28___RS_Erly.B 7787.JPG,Tomato___Early_blight,Tomato___Late_blight,0.6640647053718567
C:\Users\siddh\Downloads\plant dataset\New Plant Diseases Dataset(Augmented)\New Plant Diseases Dataset(Augmented)\valid\Potato___Late_blight\ced49a2c-c7b3-4c10-9475-2b004afebff1___RS_LB 4436_flipTB.JPG,Potato___Late_blight,Tomato___Late_blight,0.6637992262840271
C:\Users\siddh\Downloads\plant dataset\New Plant Diseases Dataset(Augmented)\New Plant Diseases Dataset(Augmented)\valid\Peach___Bacterial_spot\b2d2c3bb-3b48-4149-b0fb-40c4e5b74585___Rut._Bact.S 1076.JPG,Peach___Bacterial_spot,Apple___Black_rot,0.6631743311882019
C:\Users\siddh\Downloads\plant dataset\New Plant Diseases Dataset(Augmented)\New Plant Diseases Dataset(Augmented)\valid\Grape___Black_rot\55740c50-995e-4bd4-84a1-d73475041d43___FAM_B.Rot 0522_flipLR.JPG,Grape___Black_rot,Grape___Esca_(Black_Measles),0.6630182266235352
C:\Users\siddh\Downloads\plant dataset\New Plant Diseases Dataset(Augmented)\New Plant Diseases Dataset(Augmented)\valid\Tomato___Bacterial_spot\6aa07949-08b2-4945-a535-3f8b49f86599___GCREC_Bact.Sp 6344.JPG,Tomato___Bacterial_spot,Tomato___Late_blight,0.6629323363304138
C:\Users\siddh\Downloads\plant dataset\New Plant Diseases Dataset(Augmented)\New Plant Diseases Dataset(Augmented)\valid\Tomato___Early_blight\d60c253c-b97e-4076-8eac-bae34e1bbdc9___RS_Erly.B 7749.JPG,Tomato___Early_blight,Tomato___Late_blight,0.6627234816551208
C:\Users\siddh\Downloads\plant dataset\New Plant Diseases Dataset(Augmented)\New Plant Diseases Dataset(Augmented)\valid\Tomato___Target_Spot\1dcaf64c-19e6-4854-8d99-53c30dbefcef___Com.G_TgS_FL 0999_180deg.JPG,Tomato___Target_Spot,Tomato___healthy,0.6624730229377747
C:\Users\siddh\Downloads\plant dataset\New Plant Diseases Dataset(Augmented)\New Plant Diseases Dataset(Augmented)\valid\Tomato___Leaf_Mold\f78e3205-2a7f-43cf-988c-63aaf2179a5d___Crnl_L.Mold 6878.JPG,Tomato___Leaf_Mold,Tomato___Spider_mites Two-spotted_spider_mite,0.6623558402061462
C:\Users\siddh\Downloads\plant dataset\New Plant Diseases Dataset(Augmented)\New Plant Diseases Dataset(Augmented)\valid\Peach___Bacterial_spot\7914f5fb-4328-4312-b148-8dba40a3d5f8___Rut._Bact.S 1362.JPG,Peach___Bacterial_spot,Apple___Cedar_apple_rust,0.6622925996780396
C:\Users\siddh\Downloads\plant dataset\New Plant Diseases Dataset(Augmented)\New Plant Diseases Dataset(Augmented)\valid\Corn_(maize)___Cercospora_leaf_spot Gray_leaf_spot\f8101df7-db23-4241-9362-a00396806364___RS_GLSp 4336.JPG,Corn_(maize)___Cercospora_leaf_spot Gray_leaf_spot,Corn_(maize)___Northern_Leaf_Blight,0.6594700217247009
C:\Users\siddh\Downloads\plant dataset\New Plant Diseases Dataset(Augmented)\New Plant Diseases Dataset(Augmented)\valid\Tomato___Early_blight\c6e96373-484c-45da-b043-0a294a59ad2c___RS_Erly.B 7401_flipTB.JPG,Tomato___Early_blight,Tomato___Late_blight,0.6594268679618835
C:\Users\siddh\Downloads\plant dataset\New Plant Diseases Dataset(Augmented)\New Plant Diseases Dataset(Augmented)\valid\Tomato___Early_blight\0fc8cb27-a10f-4587-a91d-4dbec9f839c7___RS_Erly.B 7715.JPG,Tomato___Early_blight,Tomato___Late_blight,0.6587232947349548
C:\Users\siddh\Downloads\plant dataset\New Plant Diseases Dataset(Augmented)\New Plant Diseases Dataset(Augmented)\valid\Tomato___Septoria_leaf_spot\1bd1e4bf-3f5e-4954-a265-edb058f2db96___Matt.S_CG 1215_180deg.JPG,Tomato___Septoria_leaf_spot,Tomato___Late_blight,0.6579563617706299
C:\Users\siddh\Downloads\plant dataset\New Plant Diseases Dataset(Augmented)\New Plant Diseases Dataset(Augmented)\valid\Grape___healthy\97c0552c-1cd6-4813-9608-3735b9867f98___Mt.N.V_HL 6046_new30degFlipLR.JPG,Grape___healthy,Apple___Apple_scab,0.6577504277229309
C:\Users\siddh\Downloads\plant dataset\New Plant Diseases Dataset(Augmented)\New Plant Diseases Dataset(Augmented)\valid\Tomato___Bacterial_spot\111a63c7-6445-47a4-a0d6-9157fd82b804___UF.GRC_BS_Lab Leaf 0565.JPG,Tomato___Bacterial_spot,Tomato___Late_blight,0.6576863527297974
C:\Users\siddh\Downloads\plant dataset\New Plant Diseases Dataset(Augmented)\New Plant Diseases Dataset(Augmented)\valid\Corn_(maize)___Northern_Leaf_Blight\bd30a64c-92a4-422c-9bc1-7752f09e2809___RS_NLB  4507 copy.jpg,Corn_(maize)___Northern_Leaf_Blight,Corn_(maize)___Cercospora_leaf_spot Gray_leaf_spot,0.657675564289093
C:\Users\siddh\Downloads\plant dataset\New Plant Diseases Dataset(Augmented)\New Plant Diseases Dataset(Augmented)\valid\Potato___healthy\f0fdde26-78b4-46f0-9eb8-7c2a743d34aa___RS_HL 4165_new90degFlipLR.JPG,Potato___healthy,Soybean___healthy,0.6565732359886169
C:\Users\siddh\Downloads\plant dataset\New Plant Diseases Dataset(Augmented)\New Plant Diseases Dataset(Augmented)\valid\Tomato___Tomato_Yellow_Leaf_Curl_Virus\b5edf5c4-d6d0-43da-8ffe-12f18faa0b59___YLCV_GCREC 2174.JPG,Tomato___Tomato_Yellow_Leaf_Curl_Virus,Tomato___Spider_mites Two-spotted_spider_mite,0.6557554602622986
C:\Users\siddh\Downloads\plant dataset\New Plant Diseases Dataset(Augmented)\New Plant Diseases Dataset(Augmented)\valid\Tomato___Bacterial_spot\4bd24403-eb33-4848-b47e-39e4d48333fa___GCREC_Bact.Sp 3713.JPG,Tomato___Bacterial_spot,Tomato___Late_blight,0.6537312865257263
C:\Users\siddh\Downloads\plant dataset\New Plant Diseases Dataset(Augmented)\New Plant Diseases Dataset(Augmented)\valid\Strawberry___Leaf_scorch\5374828c-87b2-4ef9-a492-9a786092169d___RS_L.Scorch 9938_flipLR.JPG,Strawberry___Leaf_scorch,Grape___Esca_(Black_Measles),0.6536207795143127
C:\Users\siddh\Downloads\plant dataset\New Plant Diseases Dataset(Augmented)\New Plant Diseases Dataset(Augmented)\valid\Tomato___Septoria_leaf_spot\15a7cf58-3dd6-415e-a4e1-ec825aba252d___JR_Sept.L.S 8472.JPG,Tomato___Septoria_leaf_spot,Tomato___Late_blight,0.6535749435424805
C:\Users\siddh\Downloads\plant dataset\New Plant Diseases Dataset(Augmented)\New Plant Diseases Dataset(Augmented)\valid\Potato___Late_blight\a88a6388-09fa-4cfc-a82e-94d5fd3b4972___RS_LB 2748_flipTB.JPG,Potato___Late_blight,Potato___healthy,0.652130126953125
"C:\Users\siddh\Downloads\plant dataset\New Plant Diseases Dataset(Augmented)\New Plant Diseases Dataset(Augmented)\valid\Pepper,_bell___healthy\32ad9931-dd83-42be-9502-d0cf967048f9___JR_HL 8255.JPG","Pepper,_bell___healthy",Soybean___healthy,0.651874303817749
C:\Users\siddh\Downloads\plant dataset\New Plant Diseases Dataset(Augmented)\New Plant Diseases Dataset(Augmented)\valid\Grape___Black_rot\1f65cd54-490a-49a4-909c-a648ea5bc8ed___FAM_B.Rot 0498.JPG,Grape___Black_rot,Grape___Esca_(Black_Measles),0.6501476168632507
C:\Users\siddh\Downloads\plant dataset\New Plant Diseases Dataset(Augmented)\New Plant Diseases Dataset(Augmented)\valid\Potato___healthy\1b434c52-7be4-40c4-90d5-13220f1a3eba___RS_HL 5418_newGRR.JPG,Potato___healthy,Soybean___healthy,0.6499474048614502
"C:\Users\siddh\Downloads\plant dataset\New Plant Diseases Dataset(Augmented)\New Plant Diseases Dataset(Augmented)\valid\Pepper,_bell___healthy\0de13a24-e542-45a2-be5a-8db7d8d858db___JR_HL 5982_new30degFlipLR.JPG","Pepper,_bell___healthy",Apple___Apple_scab,0.6495218873023987
C:\Users\siddh\Downloads\plant dataset\New Plant Diseases Dataset(Augmented)\New Plant Diseases Dataset(Augmented)\valid\Tomato___Target_Spot\e54d8bbc-d1e7-4ac8-86e0-06a0a2e88ed7___Com.G_TgS_FL 9873.JPG,Tomato___Target_Spot,Tomato___Spider_mites Two-spotted_spider_mite,0.6476278305053711
C:\Users\siddh\Downloads\plant dataset\New Plant Diseases Dataset(Augmented)\New Plant Diseases Dataset(Augmented)\valid\Tomato___Early_blight\f7065117-14b1-44f1-b9ec-953b61fd3368___RS_Erly.B 9544.JPG,Tomato___Early_blight,Tomato___Bacterial_spot,0.6456443667411804
C:\Users\siddh\Downloads\plant dataset\New Plant Diseases Dataset(Augmented)\New Plant Diseases Dataset(Augmented)\valid\Apple___Apple_scab\5d398d0d-256d-4de5-8dcd-f3b455da2b76___FREC_Scab 3522.JPG,Apple___Apple_scab,"Pepper,_bell___Bacterial_spot",0.6454640030860901
C:\Users\siddh\Downloads\plant dataset\New Plant Diseases Dataset(Augmented)\New Plant Diseases Dataset(Augmented)\valid\Corn_(maize)___Northern_Leaf_Blight\f3141371-5c55-4cf4-988a-6c322de0c6ec___RS_NLB 3486 copy 2.jpg,Corn_(maize)___Northern_Leaf_Blight,Corn_(maize)___Cercospora_leaf_spot Gray_leaf_spot,0.6450199484825134
C:\Users\siddh\Downloads\plant dataset\New Plant Diseases Dataset(Augmented)\New Plant Diseases Dataset(Augmented)\valid\Corn_(maize)___Cercospora_leaf_spot Gray_leaf_spot\54ff4537-6187-4a07-b478-7a06d159915c___RS_GLSp 9368.JPG,Corn_(maize)___Cercospora_leaf_spot Gray_leaf_spot,Corn_(maize)___Northern_Leaf_Blight,0.6449317336082458
C:\Users\siddh\Downloads\plant dataset\New Plant Diseases Dataset(Augmented)\New Plant Diseases Dataset(Augmented)\valid\Tomato___Septoria_leaf_spot\7e80e827-c4ad-422d-8387-5679797db4ab___Matt.S_CG 1213.JPG,Tomato___Septoria_leaf_spot,Tomato___Bacterial_spot,0.6440134048461914
C:\Users\siddh\Downloads\plant dataset\New Plant Diseases Dataset(Augmented)\New Plant Diseases Dataset(Augmented)\valid\Tomato___Bacterial_spot\cef66036-f0d8-4ab8-898f-8269c2051331___UF.GRC_BS_Lab Leaf 9071.JPG,Tomato___Bacterial_spot,Tomato___Septoria_leaf_spot,0.6431185603141785
C:\Users\siddh\Downloads\plant dataset\New Plant Diseases Dataset(Augmented)\New Plant Diseases Dataset(Augmented)\valid\Tomato___Leaf_Mold\fec6ddb1-599d-4de0-905c-c4e526021314___Crnl_L.Mold 8895_flipTB.JPG,Tomato___Leaf_Mold,Tomato___Late_blight,0.6419005990028381
C:\Users\siddh\Downloads\plant dataset\New Plant Diseases Dataset(Augmented)\New Plant Diseases Dataset(Augmented)\valid\Potato___Early_blight\048d18ae-98b1-484d-97da-5a0e69b9ebc1___RS_Early.B 6845.JPG,Potato___Early_blight,Potato___healthy,0.64182049036026
C:\Users\siddh\Downloads\plant dataset\New Plant Diseases Dataset(Augmented)\New Plant Diseases Dataset(Augmented)\valid\Tomato___Septoria_leaf_spot\74c6ce09-ee11-4d57-ae56-c4fdcb0f6c3b___Matt.S_CG 7481.JPG,Tomato___Septoria_leaf_spot,Tomato___healthy,0.6416797637939453
C:\Users\siddh\Downloads\plant dataset\New Plant Diseases Dataset(Augmented)\New Plant Diseases Dataset(Augmented)\valid\Corn_(maize)___Cercospora_leaf_spot Gray_leaf_spot\07f54257-0ec8-4bce-991f-90d46646d4f8___RS_GLSp 4378 copy 2.jpg,Corn_(maize)___Cercospora_leaf_spot Gray_leaf_spot,Corn_(maize)___Northern_Leaf_Blight,0.6416793465614319
C:\Users\siddh\Downloads\plant dataset\New Plant Diseases Dataset(Augmented)\New Plant Diseases Dataset(Augmented)\valid\Tomato___Early_blight\dfd261ab-30ad-456c-93b3-874a4ebaeaaf___RS_Erly.B 8451_180deg.JPG,Tomato___Early_blight,"Pepper,_bell___Bacterial_spot",0.6406219005584717
C:\Users\siddh\Downloads\plant dataset\New Plant Diseases Dataset(Augmented)\New Plant Diseases Dataset(Augmented)\valid\Apple___Black_rot\82c2189f-9a4c-42f8-8e1a-fc67e2c7ebb8___JR_FrgE.S 2761_new30degFlipLR.JPG,Apple___Black_rot,Apple___Apple_scab,0.6397598385810852
C:\Users\siddh\Downloads\plant dataset\New Plant Diseases Dataset(Augmented)\New Plant Diseases Dataset(Augmented)\valid\Tomato___Leaf_Mold\b8e9228f-640a-47ce-8567-bc523c6eabce___Crnl_L.Mold 6529.JPG,Tomato___Leaf_Mold,Tomato___Spider_mites Two-spotted_spider_mite,0.6397041082382202
C:\Users\siddh\Downloads\plant dataset\New Plant Diseases Dataset(Augmented)\New Plant Diseases Dataset(Augmented)\valid\Tomato___Septoria_leaf_spot\bb649ab8-c07f-4d62-a186-e2cc4963dd6b___Matt.S_CG 2652.JPG,Tomato___Septoria_leaf_spot,Tomato___Late_blight,0.6388797760009766
C:\Users\siddh\Downloads\plant dataset\New Plant Diseases Dataset(Augmented)\New Plant Diseases Dataset(Augmented)\valid\Potato___healthy\f0fdde26-78b4-46f0-9eb8-7c2a743d34aa___RS_HL 4165_270deg.JPG,Potato___healthy,Soybean___healthy,0.6387469172477722
C:\Users\siddh\Downloads\plant dataset\New Plant Diseases Dataset(Augmented)\New Plant Diseases Dataset(Augmented)\valid\Corn_(maize)___Northern_Leaf_Blight\95b2bcb7-56f0-47e0-82d1-7328e6863de9___RS_NLB 0787_180deg.JPG,Corn_(maize)___Northern_Leaf_Blight,Corn_(maize)___Cercospora_leaf_spot Gray_leaf_spot,0.6377376317977905
C:\Users\siddh\Downloads\plant dataset\New Plant Diseases Dataset(Augmented)\New Plant Diseases Dataset(Augmented)\valid\Apple___Apple_scab\7308b9c4-3408-48ff-bd4a-b07350421e60___FREC_Scab 3508_270deg.JPG,Apple___Apple_scab,Peach___Bacterial_spot,0.6372442841529846
C:\Users\siddh\Downloads\plant dataset\New Plant Diseases Dataset(Augmented)\New Plant Diseases Dataset(Augmented)\valid\Tomato___Septoria_leaf_spot\63f2b877-9787-4da3-af27-350609736524___Matt.S_CG 2863.JPG,Tomato___Septoria_leaf_spot,Tomato___Bacterial_spot,0.6363085508346558
C:\Users\siddh\Downloads\plant dataset\New Plant Diseases Dataset(Augmented)\New Plant Diseases Dataset(Augmented)\valid\Grape___Black_rot\f19cbf6e-443b-46ff-ade7-0d11114f72c3___FAM_B.Rot 3448.JPG,Grape___Black_rot,Grape___Esca_(Black_Measles),0.6362444162368774
C:\Users\siddh\Downloads\plant dataset\New Plant Diseases Dataset(Augmented)\New Plant Diseases Dataset(Augmented)\valid\Peach___Bacterial_spot\49739c44-199a-4420-b257-986abbe5d108___Rut._Bact.S 3456.JPG,Peach___Bacterial_spot,"Pepper,_bell___Bacterial_spot",0.6360813975334167
C:\Users\siddh\Downloads\plant dataset\New Plant Diseases Dataset(Augmented)\New Plant Diseases Dataset(Augmented)\valid\Apple___healthy\e2799f4e-65ba-4f57-aa7d-9ac6cfa6c300___RS_HL 6265.JPG,Apple___healthy,Potato___Late_blight,0.6359281539916992
C:\Users\siddh\Downloads\plant dataset\New Plant Diseases Dataset(Augmented)\New Plant Diseases Dataset(Augmented)\valid\Corn_(maize)___Northern_Leaf_Blight\45e4a1ce-cd3d-4702-9b46-4e6fa1fd2c44___RS_NLB 3969.JPG,Corn_(maize)___Northern_Leaf_Blight,Corn_(maize)___Cercospora_leaf_spot Gray_leaf_spot,0.6358185410499573
C:\Users\siddh\Downloads\plant dataset\New Plant Diseases Dataset(Augmented)\New Plant Diseases Dataset(Augmented)\valid\Tomato___Tomato_Yellow_Leaf_Curl_Virus\b00db472-11ed-444e-a2da-84775b902b3f___YLCV_NREC 2690.JPG,Tomato___Tomato_Yellow_Leaf_Curl_Virus,Tomato___Spider_mites Two-spotted_spider_mite,0.635222315788269
C:\Users\siddh\Downloads\plant dataset\New Plant Diseases Dataset(Augmented)\New Plant Diseases Dataset(Augmented)\valid\Potato___healthy\3a00204c-5e53-4e5d-95a6-f8819031744e___RS_HL 5420_newGRR.JPG,Potato___healthy,Soybean___healthy,0.6351454854011536
C:\Users\siddh\Downloads\plant dataset\New Plant Diseases Dataset(Augmented)\New Plant Diseases Dataset(Augmented)\valid\Raspberry___healthy\5a59cfb6-8600-40d5-bf8c-3bb8a30422b9___Mary_HL 6252_180deg.JPG,Raspberry___healthy,Cherry_(including_sour)___healthy,0.6350747346878052
C:\Users\siddh\Downloads\plant dataset\New Plant Diseases Dataset(Augmented)\New Plant Diseases Dataset(Augmented)\valid\Tomato___Early_blight\2c9fda20-f414-4aaa-8798-faf6bc38f014___RS_Erly.B 6491.JPG,Tomato___Early_blight,Tomato___Bacterial_spot,0.6343383193016052
C:\Users\siddh\Downloads\plant dataset\New Plant Diseases Dataset(Augmented)\New Plant Diseases Dataset(Augmented)\valid\Tomato___Leaf_Mold\625e4181-9290-45e1-986c-1c168d912a6d___Crnl_L.Mold 9017_180deg.JPG,Tomato___Leaf_Mold,Tomato___Late_blight,0.634315013885498
C:\Users\siddh\Downloads\plant dataset\New Plant Diseases Dataset(Augmented)\New Plant Diseases Dataset(Augmented)\valid\Apple___Black_rot\f9ec74fa-f27f-4185-a89c-0613319e382b___JR_FrgE.S 8640.JPG,Apple___Black_rot,Cherry_(including_sour)___healthy,0.6343070268630981
C:\Users\siddh\Downloads\plant dataset\New Plant Diseases Dataset(Augmented)\New Plant Diseases Dataset(Augmented)\valid\Tomato___Early_blight\24379205-969e-4cd0-9232-176c83364d60___RS_Erly.B 7617.JPG,Tomato___Early_blight,Tomato___Late_blight,0.6330576539039612
C:\Users\siddh\Downloads\plant dataset\New Plant Diseases Dataset(Augmented)\New Plant Diseases Dataset(Augmented)\valid\Tomato___Target_Spot\5a8d484b-77a7-48f7-90f2-abc064357924___Com.G_TgS_FL 9830_new30degFlipLR.JPG,Tomato___Target_Spot,Apple___Apple_scab,0.6329695582389832
C:\Users\siddh\Downloads\plant dataset\New Plant Diseases Dataset(Augmented)\New Plant Diseases Dataset(Augmented)\valid\Tomato___Septoria_leaf_spot\5b1cddec-5f48-441e-b9ad-1675d021c601___Matt.S_CG 6508.JPG,Tomato___Septoria_leaf_spot,Tomato___Bacterial_spot,0.6324973106384277
C:\Users\siddh\Downloads\plant dataset\New Plant Diseases Dataset(Augmented)\New Plant Diseases Dataset(Augmented)\valid\Tomato___Leaf_Mold\75b10923-dfb7-4b29-b12f-7e76fc069f51___Crnl_L.Mold 6674.JPG,Tomato___Leaf_Mold,Tomato___Spider_mites Two-spotted_spider_mite,0.631568968296051
C:\Users\siddh\Downloads\plant dataset\New Plant Diseases Dataset(Augmented)\New Plant Diseases Dataset(Augmented)\valid\Raspberry___healthy\e4c62575-44c8-4c43-b3b7-d0ad7f3020c5___Mary_HL 9249_270deg.JPG,Raspberry___healthy,Strawberry___healthy,0.631381630897522
C:\Users\siddh\Downloads\plant dataset\New Plant Diseases Dataset(Augmented)\New Plant Diseases Dataset(Augmented)\valid\Tomato___Early_blight\71eb9b0a-a7ea-47a0-8108-71949d74e22d___RS_Erly.B 7557.JPG,Tomato___Early_blight,Tomato___Bacterial_spot,0.6312339305877686
C:\Users\siddh\Downloads\plant dataset\New Plant Diseases Dataset(Augmented)\New Plant Diseases Dataset(Augmented)\valid\Corn_(maize)___Northern_Leaf_Blight\95b2bcb7-56f0-47e0-82d1-7328e6863de9___RS_NLB 0787.JPG,Corn_(maize)___Northern_Leaf_Blight,Corn_(maize)___Cercospora_leaf_spot Gray_leaf_spot,0.6311843395233154
C:\Users\siddh\Downloads\plant dataset\New Plant Diseases Dataset(Augmented)\New Plant Diseases Dataset(Augmented)\valid\Grape___Black_rot\de422312-2639-46bf-86f4-e8f81a97f296___FAM_B.Rot 0646_flipLR.JPG,Grape___Black_rot,Grape___Esca_(Black_Measles),0.631045401096344
C:\Users\siddh\Downloads\plant dataset\New Plant Diseases Dataset(Augmented)\New Plant Diseases Dataset(Augmented)\valid\Tomato___Early_blight\7828bbde-4f60-441e-be89-6cedd12f1c1c___RS_Erly.B 7830_180deg.JPG,Tomato___Early_blight,Tomato___Late_blight,0.6309619545936584
C:\Users\siddh\Downloads\plant dataset\New Plant Diseases Dataset(Augmented)\New Plant Diseases Dataset(Augmented)\valid\Tomato___Septoria_leaf_spot\a18876cb-29aa-414e-8129-6008064a1af5___Matt.S_CG 6423.JPG,Tomato___Septoria_leaf_spot,Tomato___Bacterial_spot,0.630628228187561
C:\Users\siddh\Downloads\plant dataset\New Plant Diseases Dataset(Augmented)\New Plant Diseases Dataset(Augmented)\valid\Grape___Black_rot\18994b78-1505-4c21-b6b4-459c4e673735___FAM_B.Rot 3269_flipLR.JPG,Grape___Black_rot,Grape___Esca_(Black_Measles),0.6298919916152954
C:\Users\siddh\Downloads\plant dataset\New Plant Diseases Dataset(Augmented)\New Plant Diseases Dataset(Augmented)\valid\Tomato___Septoria_leaf_spot\f4f6549b-928e-4979-b557-5e518cd297fa___Keller.St_CG 1866.JPG,Tomato___Septoria_leaf_spot,Tomato___Late_blight,0.628983736038208
C:\Users\siddh\Downloads\plant dataset\New Plant Diseases Dataset(Augmented)\New Plant Diseases Dataset(Augmented)\valid\Cherry_(including_sour)___Powdery_mildew\e3d5a32d-3567-44f4-8ea2-79b413214a6d___FREC_Pwd.M 5144.JPG,Cherry_(including_sour)___Powdery_mildew,Apple___Apple_scab,0.6289513111114502
C:\Users\siddh\Downloads\plant dataset\New Plant Diseases Dataset(Augmented)\New Plant Diseases Dataset(Augmented)\valid\Apple___healthy\d830e2b3-a724-448b-978b-2529bcdb35bf___RS_HL 6087.JPG,Apple___healthy,Soybean___healthy,0.6277029514312744
C:\Users\siddh\Downloads\plant dataset\New Plant Diseases Dataset(Augmented)\New Plant Diseases Dataset(Augmented)\valid\Tomato___Early_blight\fdc50285-836e-4707-a17d-388b8179c87c___RS_Erly.B 7812_flipTB.JPG,Tomato___Early_blight,Tomato___Late_blight,0.6271738409996033
C:\Users\siddh\Downloads\plant dataset\New Plant Diseases Dataset(Augmented)\New Plant Diseases Dataset(Augmented)\valid\Strawberry___Leaf_scorch\8708d212-acf5-4771-82ee-73a34549f4e0___RS_L.Scorch 0011_flipLR.JPG,Strawberry___Leaf_scorch,Tomato___Bacterial_spot,0.6265074014663696
C:\Users\siddh\Downloads\plant dataset\New Plant Diseases Dataset(Augmented)\New Plant Diseases Dataset(Augmented)\valid\Apple___healthy\55e7b07d-f05f-403a-ab00-e8102cb0341c___RS_HL 7410.JPG,Apple___healthy,Apple___Black_rot,0.6261863708496094
C:\Users\siddh\Downloads\plant dataset\New Plant Diseases Dataset(Augmented)\New Plant Diseases Dataset(Augmented)\valid\Tomato___Early_blight\aca65de6-6464-4f8c-803d-b55f92f950f8___RS_Erly.B 6663_flipTB.JPG,Tomato___Early_blight,Squash___Powdery_mildew,0.6261196136474609
C:\Users\siddh\Downloads\plant dataset\New Plant Diseases Dataset(Augmented)\New Plant Diseases Dataset(Augmented)\valid\Tomato___Spider_mites Two-spotted_spider_mite\d8a1b62d-7ea5-417c-aceb-b466f7822690___Com.G_SpM_FL 9487.JPG,Tomato___Spider_mites Two-spotted_spider_mite,Tomato___Late_blight,0.6259903907775879
C:\Users\siddh\Downloads\plant dataset\New Plant Diseases Dataset(Augmented)\New Plant Diseases Dataset(Augmented)\valid\Tomato___Leaf_Mold\273b19fa-2701-4679-a994-8a37040ac343___Crnl_L.Mold 6577_180deg.JPG,Tomato___Leaf_Mold,Tomato___Spider_mites Two-spotted_spider_mite,0.6259433627128601
C:\Users\siddh\Downloads\plant dataset\New Plant Diseases Dataset(Augmented)\New Plant Diseases Dataset(Augmented)\valid\Potato___healthy\c85bacb0-e5e8-4127-a0b0-a7342f2cab5f___RS_HL 5406_newPixel25.JPG,Potato___healthy,Tomato___healthy,0.6256670355796814
C:\Users\siddh\Downloads\plant dataset\New Plant Diseases Dataset(Augmented)\New Plant Diseases Dataset(Augmented)\valid\Corn_(maize)___Cercospora_leaf_spot Gray_leaf_spot\165f35a9-5e03-4ec8-9167-bd346c863e41___RS_GLSp 4289 copy 3.jpg,Corn_(maize)___Cercospora_leaf_spot Gray_leaf_spot,Corn_(maize)___Northern_Leaf_Blight,0.6241969466209412
C:\Users\siddh\Downloads\plant dataset\New Plant Diseases Dataset(Augmented)\New Plant Diseases Dataset(Augmented)\valid\Tomato___Target_Spot\5df31ae3-b89e-4089-8ce8-777b4ac91f6a___Com.G_TgS_FL 0837_180deg.JPG,Tomato___Target_Spot,Tomato___healthy,0.6241182684898376
C:\Users\siddh\Downloads\plant dataset\New Plant Diseases Dataset(Augmented)\New Plant Diseases Dataset(Augmented)\valid\Potato___Late_blight\1dc41475-aa79-43f1-8648-0c8733d246ca___RS_LB 3319.JPG,Potato___Late_blight,Potato___healthy,0.623535692691803
C:\Users\siddh\Downloads\plant dataset\New Plant Diseases Dataset(Augmented)\New Plant Diseases Dataset(Augmented)\valid\Cherry_(including_sour)___healthy\edd1268d-4387-495d-8ff3-4d1d8ef688a1___JR_HL 4265_flipTB.JPG,Cherry_(including_sour)___healthy,Apple___Black_rot,0.6227025389671326
C:\Users\siddh\Downloads\plant dataset\New Plant Diseases Dataset(Augmented)\New Plant Diseases Dataset(Augmented)\valid\Tomato___Target_Spot\4da7287d-0928-413c-8dbe-965e6db6c8bd___Com.G_TgS_FL 9666.JPG,Tomato___Target_Spot,Tomato___Spider_mites Two-spotted_spider_mite,0.6226123571395874
C:\Users\siddh\Downloads\plant dataset\New Plant Diseases Dataset(Augmented)\New Plant Diseases Dataset(Augmented)\valid\Tomato___Septoria_leaf_spot\13cc7d11-275b-44c2-977f-cef792d827ed___Keller.St_CG 2000.JPG,Tomato___Septoria_leaf_spot,Tomato___Late_blight,0.6219229698181152
C:\Users\siddh\Downloads\plant dataset\New Plant Diseases Dataset(Augmented)\New Plant Diseases Dataset(Augmented)\valid\Grape___Black_rot\844fb4ec-7ec0-4a8a-9c1f-a704b9df40db___FAM_B.Rot 0388.JPG,Grape___Black_rot,Grape___Esca_(Black_Measles),0.620339572429657
C:\Users\siddh\Downloads\plant dataset\New Plant Diseases Dataset(Augmented)\New Plant Diseases Dataset(Augmented)\valid\Tomato___Leaf_Mold\0eda4dc5-7f7b-4e27-9e53-1e0326eef88e___Crnl_L.Mold 8850.JPG,Tomato___Leaf_Mold,Tomato___Late_blight,0.6199150681495667
C:\Users\siddh\Downloads\plant dataset\New Plant Diseases Dataset(Augmented)\New Plant Diseases Dataset(Augmented)\valid\Soybean___healthy\b2eea7a6-30bf-4db8-b7e2-d33af7a0be50___RS_HL 3995.JPG,Soybean___healthy,Apple___Black_rot,0.6194854378700256
C:\Users\siddh\Downloads\plant dataset\New Plant Diseases Dataset(Augmented)\New Plant Diseases Dataset(Augmented)\valid\Tomato___Leaf_Mold\91fca18d-8401-46d7-a173-cc549261b37f___Crnl_L.Mold 8662.JPG,Tomato___Leaf_Mold,Tomato___Late_blight,0.6192646026611328
C:\Users\siddh\Downloads\plant dataset\New Plant Diseases Dataset(Augmented)\New Plant Diseases Dataset(Augmented)\valid\Tomato___Early_blight\a48e8b60-3636-4f7e-8ce2-d6625d866720___RS_Erly.B 7458_180deg.JPG,Tomato___Early_blight,Tomato___Late_blight,0.6186043620109558
C:\Users\siddh\Downloads\plant dataset\New Plant Diseases Dataset(Augmented)\New Plant Diseases Dataset(Augmented)\valid\Soybean___healthy\d0e555d9-22c5-45f2-bbc0-0e87d6190741___RS_HL 3368.JPG,Soybean___healthy,Potato___healthy,0.618478000164032
C:\Users\siddh\Downloads\plant dataset\New Plant Diseases Dataset(Augmented)\New Plant Diseases Dataset(Augmented)\valid\Tomato___Early_blight\496e8f67-eec4-47be-9c37-b7e8fd4cf230___RS_Erly.B 7743_180deg.JPG,Tomato___Early_blight,Tomato___Late_blight,0.6170805096626282
C:\Users\siddh\Downloads\plant dataset\New Plant Diseases Dataset(Augmented)\New Plant Diseases Dataset(Augmented)\valid\Potato___healthy\4bbccfb6-5720-4c80-9b37-0c3ed8999c9f___RS_HL 1791_new90degFlipLR.JPG,Potato___healthy,Blueberry___healthy,0.616420567035675
"C:\Users\siddh\Downloads\plant dataset\New Plant Diseases Dataset(Augmented)\New Plant Diseases Dataset(Augmented)\valid\Pepper,_bell___Bacterial_spot\517e3352-9e28-4b42-970b-2aa198203960___JR_B.Spot 8855_180deg.JPG","Pepper,_bell___Bacterial_spot","Pepper,_bell___healthy",0.6163839101791382
C:\Users\siddh\Downloads\plant dataset\New Plant Diseases Dataset(Augmented)\New Plant Diseases Dataset(Augmented)\valid\Tomato___Early_blight\a98a655f-a2f5-44eb-a73b-edf25ca85921___RS_Erly.B 6351.JPG,Tomato___Early_blight,Tomato___Bacterial_spot,0.6160852909088135
C:\Users\siddh\Downloads\plant dataset\New Plant Diseases Dataset(Augmented)\New Plant Diseases Dataset(Augmented)\valid\Tomato___Tomato_Yellow_Leaf_Curl_Virus\d93c3d54-5ade-47a6-bf53-4f3e0c298199___YLCV_GCREC 2058.JPG,Tomato___Tomato_Yellow_Leaf_Curl_Virus,Tomato___Spider_mites Two-spotted_spider_mite,0.6151620745658875
C:\Users\siddh\Downloads\plant dataset\New Plant Diseases Dataset(Augmented)\New Plant Diseases Dataset(Augmented)\valid\Peach___Bacterial_spot\7a39cccc-cab7-445c-bc17-cc0938a5d543___Rut._Bact.S 0922.JPG,Peach___Bacterial_spot,Apple___Black_rot,0.6147699952125549
C:\Users\siddh\Downloads\plant dataset\New Plant Diseases Dataset(Augmented)\New Plant Diseases Dataset(Augmented)\valid\Apple___Apple_scab\a2d623ff-8e4d-40e3-a6c5-3d61e7355f92___FREC_Scab 2949.JPG,Apple___Apple_scab,"Pepper,_bell___Bacterial_spot",0.6146339774131775
C:\Users\siddh\Downloads\plant dataset\New Plant Diseases Dataset(Augmented)\New Plant Diseases Dataset(Augmented)\valid\Tomato___Early_blight\d94db5d9-2492-4680-bd2d-8ad66287243d___RS_Erly.B 7612_180deg.JPG,Tomato___Early_blight,Tomato___Late_blight,0.6136087775230408
C:\Users\siddh\Downloads\plant dataset\New Plant Diseases Dataset(Augmented)\New Plant Diseases Dataset(Augmented)\valid\Tomato___Target_Spot\f01a8609-e4be-4450-a889-509ca769c227___Com.G_TgS_FL 9708.JPG,Tomato___Target_Spot,Tomato___Spider_mites Two-spotted_spider_mite,0.6134576797485352
C:\Users\siddh\Downloads\plant dataset\New Plant Diseases Dataset(Augmented)\New Plant Diseases Dataset(Augmented)\valid\Strawberry___healthy\dc2e47b9-4c1e-42de-be39-3ebca2fa356d___RS_HL 1699_90deg.JPG,Strawberry___healthy,Raspberry___healthy,0.6124618053436279
C:\Users\siddh\Downloads\plant dataset\New Plant Diseases Dataset(Augmented)\New Plant Diseases Dataset(Augmented)\valid\Tomato___Tomato_mosaic_virus\c668017b-5c87-4f2e-90ab-021b81f48b1b___PSU_CG 2272.JPG,Tomato___Tomato_mosaic_virus,Tomato___Spider_mites Two-spotted_spider_mite,0.612402081489563
C:\Users\siddh\Downloads\plant dataset\New Plant Diseases Dataset(Augmented)\New Plant Diseases Dataset(Augmented)\valid\Tomato___healthy\4af641e9-7960-4c73-a32c-6373d1f341d0___GH_HL Leaf 489_180deg.JPG,Tomato___healthy,Blueberry___healthy,0.6116155982017517
C:\Users\siddh\Downloads\plant dataset\New Plant Diseases Dataset(Augmented)\New Plant Diseases Dataset(Augmented)\valid\Apple___Cedar_apple_rust\3762c9a3-83db-44b7-88be-07c048ad293b___FREC_C.Rust 9945.JPG,Apple___Cedar_apple_rust,Tomato___Bacterial_spot,0.6113957762718201
C:\Users\siddh\Downloads\plant dataset\New Plant Diseases Dataset(Augmented)\New Plant Diseases Dataset(Augmented)\valid\Tomato___Leaf_Mold\bca2a85b-7b2a-42b5-9b7d-cba2a6bc9a70___Crnl_L.Mold 7003_flipTB.JPG,Tomato___Leaf_Mold,Tomato___Late_blight,0.6111800074577332
C:\Users\siddh\Downloads\plant dataset\New Plant Diseases Dataset(Augmented)\New Plant Diseases Dataset(Augmented)\valid\Tomato___healthy\1a0b9a32-3993-44e4-879f-338cd6e45a09___GH_HL Leaf 178_new30degFlipLR.JPG,Tomato___healthy,Potato___healthy,0.6109998822212219
C:\Users\siddh\Downloads\plant dataset\New Plant Diseases Dataset(Augmented)\New Plant Diseases Dataset(Augmented)\valid\Strawberry___Leaf_scorch\79d1eb82-6017-447a-b43f-3c477c26bd42___RS_L.Scorch 9995.JPG,Strawberry___Leaf_scorch,Grape___Esca_(Black_Measles),0.610889196395874
C:\Users\siddh\Downloads\plant dataset\New Plant Diseases Dataset(Augmented)\New Plant Diseases Dataset(Augmented)\valid\Tomato___Target_Spot\003a5321-0430-42dd-a38d-30ac4563f4ba___Com.G_TgS_FL 8121_newPixel25.JPG,Tomato___Target_Spot,Potato___Early_blight,0.6106124520301819
C:\Users\siddh\Downloads\plant dataset\New Plant Diseases Dataset(Augmented)\New Plant Diseases Dataset(Augmented)\valid\Soybean___healthy\d349e512-4131-45c5-9783-6eb581396485___RS_HL 7491.JPG,Soybean___healthy,Tomato___Late_blight,0.6100808382034302
C:\Users\siddh\Downloads\plant dataset\New Plant Diseases Dataset(Augmented)\New Plant Diseases Dataset(Augmented)\valid\Apple___Cedar_apple_rust\9d03ec86-ab87-4193-8589-9cfeada9fe70___FREC_C.Rust 4442_new30degFlipTB.JPG,Apple___Cedar_apple_rust,Apple___Apple_scab,0.6093453168869019
C:\Users\siddh\Downloads\plant dataset\New Plant Diseases Dataset(Augmented)\New Plant Diseases Dataset(Augmented)\valid\Tomato___Early_blight\313ff9e3-e43c-45b6-9879-b76a1e040eef___RS_Erly.B 8454_flipTB.JPG,Tomato___Early_blight,"Pepper,_bell___Bacterial_spot",0.609112560749054
"C:\Users\siddh\Downloads\plant dataset\New Plant Diseases Dataset(Augmented)\New Plant Diseases Dataset(Augmented)\valid\Pepper,_bell___healthy\0e5d9ac1-4de8-491e-ab95-809850866805___JR_HL 8534_180deg.JPG","Pepper,_bell___healthy",Orange___Haunglongbing_(Citrus_greening),0.6090965270996094
C:\Users\siddh\Downloads\plant dataset\New Plant Diseases Dataset(Augmented)\New Plant Diseases Dataset(Augmented)\valid\Potato___Late_blight\84f666da-9e17-4e90-9813-0ed64da175d9___RS_LB 2536.JPG,Potato___Late_blight,Tomato___Late_blight,0.6089269518852234
C:\Users\siddh\Downloads\plant dataset\New Plant Diseases Dataset(Augmented)\New Plant Diseases Dataset(Augmented)\valid\Potato___Late_blight\bd70c718-5846-42a1-8b05-22792ec98738___RS_LB 4992_180deg.JPG,Potato___Late_blight,Potato___healthy,0.6084247827529907
C:\Users\siddh\Downloads\plant dataset\New Plant Diseases Dataset(Augmented)\New Plant Diseases Dataset(Augmented)\valid\Grape___Black_rot\03423777-68b9-430e-9787-fbd776740881___FAM_B.Rot 0346_flipLR.JPG,Grape___Black_rot,Grape___Esca_(Black_Measles),0.6083418130874634
C:\Users\siddh\Downloads\plant dataset\New Plant Diseases Dataset(Augmented)\New Plant Diseases Dataset(Augmented)\valid\Grape___Black_rot\7fca570e-59da-4f97-829d-dec4eeb0f341___FAM_B.Rot 3525.JPG,Grape___Black_rot,Grape___Esca_(Black_Measles),0.6082906723022461
C:\Users\siddh\Downloads\plant dataset\New Plant Diseases Dataset(Augmented)\New Plant Diseases Dataset(Augmented)\valid\Tomato___Leaf_Mold\d33d8470-d090-474b-8c16-cd5e88d40f51___Crnl_L.Mold 6998_180deg.JPG,Tomato___Leaf_Mold,Tomato___Bacterial_spot,0.6079986691474915
C:\Users\siddh\Downloads\plant dataset\New Plant Diseases Dataset(Augmented)\New Plant Diseases Dataset(Augmented)\valid\Corn_(maize)___Cercospora_leaf_spot Gray_leaf_spot\00120a18-ff90-46e4-92fb-2b7a10345bd3___RS_GLSp 9357.JPG,Corn_(maize)___Cercospora_leaf_spot Gray_leaf_spot,Corn_(maize)___Northern_Leaf_Blight,0.6076115369796753
C:\Users\siddh\Downloads\plant dataset\New Plant Diseases Dataset(Augmented)\New Plant Diseases Dataset(Augmented)\valid\Tomato___healthy\ad270b53-60f2-4d27-8d7a-54d8f60f268b___RS_HL 0253.JPG,Tomato___healthy,Tomato___Target_Spot,0.6074114441871643
C:\Users\siddh\Downloads\plant dataset\New Plant Diseases Dataset(Augmented)\New Plant Diseases Dataset(Augmented)\valid\Tomato___Tomato_mosaic_virus\c56876f0-d18b-4a90-86d1-7f90e8e15fac___PSU_CG 2240_newPixel25.JPG,Tomato___Tomato_mosaic_virus,Tomato___Septoria_leaf_spot,0.60727459192276
C:\Users\siddh\Downloads\plant dataset\New Plant Diseases Dataset(Augmented)\New Plant Diseases Dataset(Augmented)\valid\Apple___Black_rot\f3918f57-f4c8-44a4-bd0b-403755fa9615___JR_FrgE.S 3092_new30degFlipLR.JPG,Apple___Black_rot,Apple___Apple_scab,0.6069104075431824
C:\Users\siddh\Downloads\plant dataset\New Plant Diseases Dataset(Augmented)\New Plant Diseases Dataset(Augmented)\valid\Tomato___Early_blight\a5c26ace-e91d-4afc-a958-eee6bbe7aed2___RS_Erly.B 6361_180deg.JPG,Tomato___Early_blight,Tomato___Septoria_leaf_spot,0.6065637469291687
C:\Users\siddh\Downloads\plant dataset\New Plant Diseases Dataset(Augmented)\New Plant Diseases Dataset(Augmented)\valid\Corn_(maize)___Cercospora_leaf_spot Gray_leaf_spot\ae535bc2-e24f-437e-ba3c-661fb05c0173___RS_GLSp 4461.JPG,Corn_(maize)___Cercospora_leaf_spot Gray_leaf_spot,Corn_(maize)___Northern_Leaf_Blight,0.6065329909324646
C:\Users\siddh\Downloads\plant dataset\New Plant Diseases Dataset(Augmented)\New Plant Diseases Dataset(Augmented)\valid\Tomato___Leaf_Mold\9ff27ae7-aa02-4fc3-b83d-29e3debb45cb___Crnl_L.Mold 9049.JPG,Tomato___Leaf_Mold,Tomato___Late_blight,0.6041013598442078
C:\Users\siddh\Downloads\plant dataset\New Plant Diseases Dataset(Augmented)\New Plant Diseases Dataset(Augmented)\valid\Corn_(maize)___Northern_Leaf_Blight\ed8c1c19-dbd4-4c65-9ec0-e5c206667ac1___RS_NLB 3801.JPG,Corn_(maize)___Northern_Leaf_Blight,Corn_(maize)___Cercospora_leaf_spot Gray_leaf_spot,0.6034737229347229
C:\Users\siddh\Downloads\plant dataset\New Plant Diseases Dataset(Augmented)\New Plant Diseases Dataset(Augmented)\valid\Potato___Late_blight\ea356b9c-9090-4f0d-9083-d1f63c77372d___RS_LB 2800_180deg.JPG,Potato___Late_blight,Potato___healthy,0.6027639508247375
C:\Users\siddh\Downloads\plant dataset\New Plant Diseases Dataset(Augmented)\New Plant Diseases Dataset(Augmented)\valid\Corn_(maize)___Cercospora_leaf_spot Gray_leaf_spot\40dceef3-f53b-4132-87c0-69bf1046f8c4___RS_GLSp 9362.JPG,Corn_(maize)___Cercospora_leaf_spot Gray_leaf_spot,Corn_(maize)___Northern_Leaf_Blight,0.6023111343383789
C:\Users\siddh\Downloads\plant dataset\New Plant Diseases Dataset(Augmented)\New Plant Diseases Dataset(Augmented)\valid\Tomato___Early_blight\e6645f63-afc8-416a-a4cb-0f5c719476ae___RS_Erly.B 6419_flipTB.JPG,Tomato___Early_blight,Tomato___Late_blight,0.6020625829696655
C:\Users\siddh\Downloads\plant dataset\New Plant Diseases Dataset(Augmented)\New Plant Diseases Dataset(Augmented)\valid\Soybean___healthy\f6cc1505-696e-49ac-baf2-8ccc0433cf9f___RS_HL 7532.JPG,Soybean___healthy,"Pepper,_bell___healthy",0.6018753051757812
C:\Users\siddh\Downloads\plant dataset\New Plant Diseases Dataset(Augmented)\New Plant Diseases Dataset(Augmented)\valid\Corn_(maize)___Northern_Leaf_Blight\f3141371-5c55-4cf4-988a-6c322de0c6ec___RS_NLB 3486 copy 2_flipTB.jpg,Corn_(maize)___Northern_Leaf_Blight,Corn_(maize)___Cercospora_leaf_spot Gray_leaf_spot,0.6017242670059204
C:\Users\siddh\Downloads\plant dataset\New Plant Diseases Dataset(Augmented)\New Plant Diseases Dataset(Augmented)\valid\Raspberry___healthy\59564e0d-f4ca-450f-adef-209cbfbec0ef___Mary_HL 9241_90deg.JPG,Raspberry___healthy,Strawberry___healthy,0.6013416647911072
C:\Users\siddh\Downloads\plant dataset\New Plant Diseases Dataset(Augmented)\New Plant Diseases Dataset(Augmented)\valid\Tomato___Septoria_leaf_spot\c5806b61-685f-43a2-a5af-c8c9f086e7ea___Matt.S_CG 1244.JPG,Tomato___Septoria_leaf_spot,Tomato___Bacterial_spot,0.6012874841690063
C:\Users\siddh\Downloads\plant dataset\New Plant Diseases Dataset(Augmented)\New Plant Diseases Dataset(Augmented)\valid\Tomato___Early_blight\e3b74c49-7e82-4094-8a02-5ae7644a1d00___RS_Erly.B 7393.JPG,Tomato___Early_blight,Tomato___Late_blight,0.601118266582489
"C:\Users\siddh\Downloads\plant dataset\New Plant Diseases Dataset(Augmented)\New Plant Diseases Dataset(Augmented)\valid\Pepper,_bell___healthy\1a629a1c-1000-48ce-a7d8-2064aa7e24ae___JR_HL 6001_newPixel25.JPG","Pepper,_bell___healthy","Pepper,_bell___Bacterial_spot",0.601024329662323
C:\Users\siddh\Downloads\plant dataset\New Plant Diseases Dataset(Augmented)\New Plant Diseases Dataset(Augmented)\valid\Potato___Late_blight\93d91b96-e024-477c-9b76-796e3f1614d4___RS_LB 3297_flipTB.JPG,Potato___Late_blight,Tomato___Late_blight,0.6003822684288025
C:\Users\siddh\Downloads\plant dataset\New Plant Diseases Dataset(Augmented)\New Plant Diseases Dataset(Augmented)\valid\Potato___Late_blight\319335dc-6a48-4fe4-932b-326f1455f3cd___RS_LB 4703_flipTB.JPG,Potato___Late_blight,Tomato___Late_blight,0.6001949310302734
C:\Users\siddh\Downloads\plant dataset\New Plant Diseases Dataset(Augmented)\New Plant Diseases Dataset(Augmented)\valid\Apple___Apple_scab\da09f1db-51a0-4142-855a-7783a3f92114___FREC_Scab 2978_90deg.JPG,Apple___Apple_scab,Apple___Black_rot,0.5988640189170837
C:\Users\siddh\Downloads\plant dataset\New Plant Diseases Dataset(Augmented)\New Plant Diseases Dataset(Augmented)\valid\Tomato___Early_blight\dc4cc3e3-0181-48e9-93a2-7c019df0e04b___RS_Erly.B 9513_flipTB.JPG,Tomato___Early_blight,Tomato___Late_blight,0.5987937450408936
C:\Users\siddh\Downloads\plant dataset\New Plant Diseases Dataset(Augmented)\New Plant Diseases Dataset(Augmented)\valid\Corn_(maize)___Cercospora_leaf_spot Gray_leaf_spot\c8769ca7-614a-4763-a8bc-8d7c7f1b2925___RS_GLSp 4355.JPG,Corn_(maize)___Cercospora_leaf_spot Gray_leaf_spot,Corn_(maize)___Northern_Leaf_Blight,0.5987395644187927
C:\Users\siddh\Downloads\plant dataset\New Plant Diseases Dataset(Augmented)\New Plant Diseases Dataset(Augmented)\valid\Tomato___Target_Spot\6c769cf5-f804-4c3b-b156-4a757a2eaa40___Com.G_TgS_FL 9901_180deg.JPG,Tomato___Target_Spot,Tomato___Spider_mites Two-spotted_spider_mite,0.5977796912193298
C:\Users\siddh\Downloads\plant dataset\New Plant Diseases Dataset(Augmented)\New Plant Diseases Dataset(Augmented)\valid\Raspberry___healthy\d9d314cb-8870-463d-92fc-2561070b7580___Mary_HL 9176_new30degFlipLR.JPG,Raspberry___healthy,Potato___healthy,0.5972882509231567
C:\Users\siddh\Downloads\plant dataset\New Plant Diseases Dataset(Augmented)\New Plant Diseases Dataset(Augmented)\valid\Potato___Early_blight\65f6e2f1-300b-42f0-bcc8-467753411947___RS_Early.B 7591_flipTB.JPG,Potato___Early_blight,Potato___Late_blight,0.5964570045471191
C:\Users\siddh\Downloads\plant dataset\New Plant Diseases Dataset(Augmented)\New Plant Diseases Dataset(Augmented)\valid\Tomato___Early_blight\0114f7b3-7f56-4bef-aa47-7a82da142d4b___RS_Erly.B 7437.JPG,Tomato___Early_blight,Tomato___Bacterial_spot,0.5955280661582947
C:\Users\siddh\Downloads\plant dataset\New Plant Diseases Dataset(Augmented)\New Plant Diseases Dataset(Augmented)\valid\Apple___healthy\be58ce4e-6678-4315-8786-31bd39e11909___RS_HL 6106.JPG,Apple___healthy,Soybean___healthy,0.5953807830810547
C:\Users\siddh\Downloads\plant dataset\New Plant Diseases Dataset(Augmented)\New Plant Diseases Dataset(Augmented)\valid\Tomato___Leaf_Mold\a1ac9a02-2ef0-4208-bc66-0e5be1b3d876___Crnl_L.Mold 8774.JPG,Tomato___Leaf_Mold,Tomato___Late_blight,0.5948193073272705
C:\Users\siddh\Downloads\plant dataset\New Plant Diseases Dataset(Augmented)\New Plant Diseases Dataset(Augmented)\valid\Potato___healthy\3a1dbeee-089c-43f0-8f51-a92d3687a515___RS_HL 1754_newPixel25.JPG,Potato___healthy,Raspberry___healthy,0.5941252112388611
C:\Users\siddh\Downloads\plant dataset\New Plant Diseases Dataset(Augmented)\New Plant Diseases Dataset(Augmented)\valid\Corn_(maize)___Cercospora_leaf_spot Gray_leaf_spot\ef0479e0-c62b-4a8f-a5c6-1957d0a77c8f___RS_GLSp 4396_270deg.JPG,Corn_(maize)___Cercospora_leaf_spot Gray_leaf_spot,Corn_(maize)___Northern_Leaf_Blight,0.594058096408844
C:\Users\siddh\Downloads\plant dataset\New Plant Diseases Dataset(Augmented)\New Plant Diseases Dataset(Augmented)\valid\Apple___healthy\ae67e27b-7937-4094-9263-580fcff3718d___RS_HL 7663_flipTB.JPG,Apple___healthy,Strawberry___healthy,0.5939904451370239
C:\Users\siddh\Downloads\plant dataset\New Plant Diseases Dataset(Augmented)\New Plant Diseases Dataset(Augmented)\valid\Tomato___Late_blight\def832df-c202-4e72-ae0a-0687e62c70ce___RS_Late.B 5071.JPG,Tomato___Late_blight,Tomato___Spider_mites Two-spotted_spider_mite,0.5939226150512695
C:\Users\siddh\Downloads\plant dataset\New Plant Diseases Dataset(Augmented)\New Plant Diseases Dataset(Augmented)\valid\Peach___Bacterial_spot\981ae62b-3487-406e-b5df-573ff0416d93___Rut._Bact.S 1004.JPG,Peach___Bacterial_spot,"Pepper,_bell___Bacterial_spot",0.5939209461212158
C:\Users\siddh\Downloads\plant dataset\New Plant Diseases Dataset(Augmented)\New Plant Diseases Dataset(Augmented)\valid\Potato___Late_blight\b598f9a7-b582-4fef-9c3d-cc985f2f9c03___RS_LB 3294_180deg.JPG,Potato___Late_blight,Tomato___Late_blight,0.5937156677246094
C:\Users\siddh\Downloads\plant dataset\New Plant Diseases Dataset(Augmented)\New Plant Diseases Dataset(Augmented)\valid\Tomato___Target_Spot\41f2bcea-5197-46c0-9cae-73724af3a5b8___Com.G_TgS_FL 9812.JPG,Tomato___Target_Spot,Tomato___Spider_mites Two-spotted_spider_mite,0.5934746861457825
C:\Users\siddh\Downloads\plant dataset\New Plant Diseases Dataset(Augmented)\New Plant Diseases Dataset(Augmented)\valid\Apple___Black_rot\75e9b8ed-e579-469c-96ec-d964fc7d4d90___JR_FrgE.S 8581.JPG,Apple___Black_rot,Apple___healthy,0.5931342244148254
C:\Users\siddh\Downloads\plant dataset\New Plant Diseases Dataset(Augmented)\New Plant Diseases Dataset(Augmented)\valid\Tomato___Leaf_Mold\aaa75054-5e35-419b-98f0-ee75a065aa09___Crnl_L.Mold 6534.JPG,Tomato___Leaf_Mold,Tomato___Tomato_mosaic_virus,0.5922038555145264
C:\Users\siddh\Downloads\plant dataset\New Plant Diseases Dataset(Augmented)\New Plant Diseases Dataset(Augmented)\valid\Tomato___Leaf_Mold\970a299e-18bd-4bf6-83af-f0950cfe0272___Crnl_L.Mold 8668.JPG,Tomato___Leaf_Mold,Tomato___Late_blight,0.592029333114624
C:\Users\siddh\Downloads\plant dataset\New Plant Diseases Dataset(Augmented)\New Plant Diseases Dataset(Augmented)\valid\Tomato___Leaf_Mold\47368e87-9afe-4943-8929-e5e8a652bf60___Crnl_L.Mold 8950_flipTB.JPG,Tomato___Leaf_Mold,Tomato___Late_blight,0.5917280316352844
C:\Users\siddh\Downloads\plant dataset\New Plant Diseases Dataset(Augmented)\New Plant Diseases Dataset(Augmented)\valid\Potato___Late_blight\7514a101-a131-449a-9dcd-80ba8733f124___RS_LB 4879.JPG,Potato___Late_blight,Potato___healthy,0.5912800431251526
C:\Users\siddh\Downloads\plant dataset\New Plant Diseases Dataset(Augmented)\New Plant Diseases Dataset(Augmented)\valid\Tomato___Septoria_leaf_spot\2c6932ac-9d51-4af0-93a9-89b639fb9c12___Keller.St_CG 1920_180deg.JPG,Tomato___Septoria_leaf_spot,Tomato___Tomato_mosaic_virus,0.5911601185798645
C:\Users\siddh\Downloads\plant dataset\New Plant Diseases Dataset(Augmented)\New Plant Diseases Dataset(Augmented)\valid\Peach___Bacterial_spot\6626b650-4fd0-485c-b8b6-22dfd2b2e3c0___Rut._Bact.S 1158.JPG,Peach___Bacterial_spot,Peach___healthy,0.5908851027488708
C:\Users\siddh\Downloads\plant dataset\New Plant Diseases Dataset(Augmented)\New Plant Diseases Dataset(Augmented)\valid\Tomato___Septoria_leaf_spot\099a68fb-a30b-48b6-99ae-908449e48950___JR_Sept.L.S 2691.JPG,Tomato___Septoria_leaf_spot,Tomato___Late_blight,0.5903566479682922
C:\Users\siddh\Downloads\plant dataset\New Plant Diseases Dataset(Augmented)\New Plant Diseases Dataset(Augmented)\valid\Tomato___Septoria_leaf_spot\c300021d-846e-4736-8855-53f17af1ad36___Keller.St_CG 1930.JPG,Tomato___Septoria_leaf_spot,Tomato___Late_blight,0.5897960662841797
C:\Users\siddh\Downloads\plant dataset\New Plant Diseases Dataset(Augmented)\New Plant Diseases Dataset(Augmented)\valid\Tomato___Leaf_Mold\e4b615ab-7fb8-48cb-a497-49b956ca2437___Crnl_L.Mold 8778.JPG,Tomato___Leaf_Mold,Tomato___Late_blight,0.5896839499473572
C:\Users\siddh\Downloads\plant dataset\New Plant Diseases Dataset(Augmented)\New Plant Diseases Dataset(Augmented)\valid\Apple___Apple_scab\7897b5dc-7aa6-48b2-8c18-a30fcd6cae94___FREC_Scab 3203_90deg.JPG,Apple___Apple_scab,Tomato___Late_blight,0.5893277525901794
C:\Users\siddh\Downloads\plant dataset\New Plant Diseases Dataset(Augmented)\New Plant Diseases Dataset(Augmented)\valid\Tomato___Septoria_leaf_spot\4bf63128-b5bc-4518-8d0b-ec5113f508c6___Matt.S_CG 2502_flipTB.JPG,Tomato___Septoria_leaf_spot,"Pepper,_bell___Bacterial_spot",0.589159369468689
C:\Users\siddh\Downloads\plant dataset\New Plant Diseases Dataset(Augmented)\New Plant Diseases Dataset(Augmented)\valid\Tomato___Leaf_Mold\c05c1b58-b391-41d4-bdd4-72f82b59a508___Crnl_L.Mold 8926.JPG,Tomato___Leaf_Mold,Tomato___Late_blight,0.5889860987663269
C:\Users\siddh\Downloads\plant dataset\New Plant Diseases Dataset(Augmented)\New Plant Diseases Dataset(Augmented)\valid\Tomato___Leaf_Mold\e3f2056b-aa97-4369-8b56-90fd45f37d4d___Crnl_L.Mold 6555.JPG,Tomato___Leaf_Mold,Tomato___Tomato_Yellow_Leaf_Curl_Virus,0.5872348546981812
C:\Users\siddh\Downloads\plant dataset\New Plant Diseases Dataset(Augmented)\New Plant Diseases Dataset(Augmented)\valid\Grape___Esca_(Black_Measles)\dd48c60e-0d52-41c3-b1a9-9fe110afcb78___FAM_B.Msls 1207.JPG,Grape___Esca_(Black_Measles),Grape___Black_rot,0.5865740180015564
C:\Users\siddh\Downloads\plant dataset\New Plant Diseases Dataset(Augmented)\New Plant Diseases Dataset(Augmented)\valid\Tomato___Target_Spot\394f1883-2bd6-488f-b8f1-5d3e363b68b0___Com.G_TgS_FL 0892.JPG,Tomato___Target_Spot,Tomato___healthy,0.5858190655708313
C:\Users\siddh\Downloads\plant dataset\New Plant Diseases Dataset(Augmented)\New Plant Diseases Dataset(Augmented)\valid\Apple___Apple_scab\aba69098-9c79-46cc-ba1f-6f88a456b56f___FREC_Scab 3039_90deg.JPG,Apple___Apple_scab,Tomato___Late_blight,0.5840334296226501
C:\Users\siddh\Downloads\plant dataset\New Plant Diseases Dataset(Augmented)\New Plant Diseases Dataset(Augmented)\valid\Peach___Bacterial_spot\5f7db07d-199e-40bc-979c-759c5f227996___Rut._Bact.S 1105.JPG,Peach___Bacterial_spot,Apple___Black_rot,0.58372962474823
C:\Users\siddh\Downloads\plant dataset\New Plant Diseases Dataset(Augmented)\New Plant Diseases Dataset(Augmented)\valid\Corn_(maize)___Cercospora_leaf_spot Gray_leaf_spot\7cc0887b-1bbc-49f4-8779-f7ff62aab90e___RS_GLSp 9354.JPG,Corn_(maize)___Cercospora_leaf_spot Gray_leaf_spot,Corn_(maize)___Northern_Leaf_Blight,0.5836791396141052
C:\Users\siddh\Downloads\plant dataset\New Plant Diseases Dataset(Augmented)\New Plant Diseases Dataset(Augmented)\valid\Corn_(maize)___Cercospora_leaf_spot Gray_leaf_spot\59abb5c6-b107-4e6d-8ae7-25bcadc18b3e___RS_GLSp 4476.JPG,Corn_(maize)___Cercospora_leaf_spot Gray_leaf_spot,Corn_(maize)___Northern_Leaf_Blight,0.5833097696304321
C:\Users\siddh\Downloads\plant dataset\New Plant Diseases Dataset(Augmented)\New Plant Diseases Dataset(Augmented)\valid\Potato___Early_blight\201fed44-8dde-4ece-9e76-3706b8afdf46___RS_Early.B 8259_flipTB.JPG,Potato___Early_blight,Potato___Late_blight,0.5831795334815979
C:\Users\siddh\Downloads\plant dataset\New Plant Diseases Dataset(Augmented)\New Plant Diseases Dataset(Augmented)\valid\Corn_(maize)___Cercospora_leaf_spot Gray_leaf_spot\806c6ae2-671e-425d-9625-604adcf5b46a___RS_GLSp 4289.JPG,Corn_(maize)___Cercospora_leaf_spot Gray_leaf_spot,Corn_(maize)___Northern_Leaf_Blight,0.5831670761108398
C:\Users\siddh\Downloads\plant dataset\New Plant Diseases Dataset(Augmented)\New Plant Diseases Dataset(Augmented)\valid\Tomato___Spider_mites Two-spotted_spider_mite\1ba7b39c-c687-42da-b283-edf7a03b17b7___Com.G_SpM_FL 9484_flipTB.JPG,Tomato___Spider_mites Two-spotted_spider_mite,Tomato___Leaf_Mold,0.5810068845748901
C:\Users\siddh\Downloads\plant dataset\New Plant Diseases Dataset(Augmented)\New Plant Diseases Dataset(Augmented)\valid\Tomato___Late_blight\2f6eb969-db8b-48ae-954d-f716a61fce22___RS_Late.B 6555_flipLR.JPG,Tomato___Late_blight,Potato___Late_blight,0.5804568529129028
C:\Users\siddh\Downloads\plant dataset\New Plant Diseases Dataset(Augmented)\New Plant Diseases Dataset(Augmented)\valid\Tomato___Early_blight\c66ca8bd-a004-4efb-a66c-3be5168aaaca___RS_Erly.B 7826_180deg.JPG,Tomato___Early_blight,Tomato___Late_blight,0.5800164937973022
C:\Users\siddh\Downloads\plant dataset\New Plant Diseases Dataset(Augmented)\New Plant Diseases Dataset(Augmented)\valid\Tomato___Leaf_Mold\4172a7c2-35dc-426f-9b59-c7b1908edc5a___Crnl_L.Mold 6710_180deg.JPG,Tomato___Leaf_Mold,"Pepper,_bell___Bacterial_spot",0.5793673396110535
"C:\Users\siddh\Downloads\plant dataset\New Plant Diseases Dataset(Augmented)\New Plant Diseases Dataset(Augmented)\valid\Pepper,_bell___healthy\2d5f93aa-ee53-49eb-ac82-cd0d4b9359c6___JR_HL 8481.JPG","Pepper,_bell___healthy",Cherry_(including_sour)___healthy,0.5793286561965942
C:\Users\siddh\Downloads\plant dataset\New Plant Diseases Dataset(Augmented)\New Plant Diseases Dataset(Augmented)\valid\Apple___Black_rot\4b5683c4-ef68-4439-b346-f76ea2c651da___JR_FrgE.S 8639_270deg.JPG,Apple___Black_rot,Cherry_(including_sour)___healthy,0.5787062644958496
C:\Users\siddh\Downloads\plant dataset\New Plant Diseases Dataset(Augmented)\New Plant Diseases Dataset(Augmented)\valid\Tomato___Septoria_leaf_spot\d0c0535c-8273-4a9a-9fea-8ab8402e3f92___Keller.St_CG 1878.JPG,Tomato___Septoria_leaf_spot,Tomato___Late_blight,0.5782182216644287
"C:\Users\siddh\Downloads\plant dataset\New Plant Diseases Dataset(Augmented)\New Plant Diseases Dataset(Augmented)\valid\Pepper,_bell___healthy\c6b87f19-e8b4-437c-b0c0-13b3038e55be___JR_HL 8830.JPG","Pepper,_bell___healthy",Soybean___healthy,0.5777177214622498
C:\Users\siddh\Downloads\plant dataset\New Plant Diseases Dataset(Augmented)\New Plant Diseases Dataset(Augmented)\valid\Tomato___Early_blight\240300f1-a601-4363-84e8-670af8a124a1___RS_Erly.B 7762.JPG,Tomato___Early_blight,Tomato___Target_Spot,0.5776592493057251
C:\Users\siddh\Downloads\plant dataset\New Plant Diseases Dataset(Augmented)\New Plant Diseases Dataset(Augmented)\valid\Raspberry___healthy\6f65ae2d-7b09-4774-adfc-2742a4fbdbe4___Mary_HL 9240_270deg.JPG,Raspberry___healthy,Strawberry___healthy,0.5772660374641418
C:\Users\siddh\Downloads\plant dataset\New Plant Diseases Dataset(Augmented)\New Plant Diseases Dataset(Augmented)\valid\Peach___Bacterial_spot\43f7a0f2-7083-4598-8846-7ccea0ee4ca3___Rut._Bact.S 3348.JPG,Peach___Bacterial_spot,Apple___Black_rot,0.577017068862915
C:\Users\siddh\Downloads\plant dataset\New Plant Diseases Dataset(Augmented)\New Plant Diseases Dataset(Augmented)\valid\Tomato___Early_blight\ca7035fa-f55d-49c7-9d89-3d513c8e35b1___RS_Erly.B 7556.JPG,Tomato___Early_blight,Tomato___Late_blight,0.576532781124115
C:\Users\siddh\Downloads\plant dataset\New Plant Diseases Dataset(Augmented)\New Plant Diseases Dataset(Augmented)\valid\Tomato___Leaf_Mold\68195fab-d012-4532-8b71-6ec8812ceb89___Crnl_L.Mold 9043.JPG,Tomato___Leaf_Mold,Tomato___Late_blight,0.5764414072036743
C:\Users\siddh\Downloads\plant dataset\New Plant Diseases Dataset(Augmented)\New Plant Diseases Dataset(Augmented)\valid\Strawberry___healthy\98cd6b17-6eed-454c-9fa4-1fdd22370d99___RS_HL 4589_new30degFlipLR.JPG,Strawberry___healthy,Apple___Apple_scab,0.576149582862854
C:\Users\siddh\Downloads\plant dataset\New Plant Diseases Dataset(Augmented)\New Plant Diseases Dataset(Augmented)\valid\Tomato___Target_Spot\2e66bdf7-5fb4-4814-a0e9-db1b2cad451a___Com.G_TgS_FL 8300.JPG,Tomato___Target_Spot,Tomato___Spider_mites Two-spotted_spider_mite,0.576103687286377
C:\Users\siddh\Downloads\plant dataset\New Plant Diseases Dataset(Augmented)\New Plant Diseases Dataset(Augmented)\valid\Apple___Cedar_apple_rust\a3141843-3628-45c2-ac01-5b1726744c6d___FREC_C.Rust 9906_newPixel25.JPG,Apple___Cedar_apple_rust,Tomato___Late_blight,0.5757945775985718
C:\Users\siddh\Downloads\plant dataset\New Plant Diseases Dataset(Augmented)\New Plant Diseases Dataset(Augmented)\valid\Peach___Bacterial_spot\46112a3d-c59a-4360-bb9f-6bf4bce73d3c___Rut._Bact.S 1212.JPG,Peach___Bacterial_spot,Peach___healthy,0.5753393769264221
"C:\Users\siddh\Downloads\plant dataset\New Plant Diseases Dataset(Augmented)\New Plant Diseases Dataset(Augmented)\valid\Pepper,_bell___healthy\d2fed0c2-a307-4390-b7a8-47fabfcf3590___JR_HL 8296.JPG","Pepper,_bell___healthy","Pepper,_bell___Bacterial_spot",0.5744889378547668
C:\Users\siddh\Downloads\plant dataset\New Plant Diseases Dataset(Augmented)\New Plant Diseases Dataset(Augmented)\valid\Tomato___Leaf_Mold\a6308326-2fcb-4690-aec2-2e0b4f21efd6___Crnl_L.Mold 8817.JPG,Tomato___Leaf_Mold,Tomato___Late_blight,0.5741522908210754
C:\Users\siddh\Downloads\plant dataset\New Plant Diseases Dataset(Augmented)\New Plant Diseases Dataset(Augmented)\valid\Strawberry___healthy\08ac4a71-35c5-45c5-8e49-20427b6e53db___RS_HL 4362_new30degFlipLR.JPG,Strawberry___healthy,Blueberry___healthy,0.5735800862312317
C:\Users\siddh\Downloads\plant dataset\New Plant Diseases Dataset(Augmented)\New Plant Diseases Dataset(Augmented)\valid\Tomato___Early_blight\397ffe67-e784-44d5-ae1a-d1e2990c041b___RS_Erly.B 7637_flipTB.JPG,Tomato___Early_blight,Tomato___Bacterial_spot,0.573417067527771
C:\Users\siddh\Downloads\plant dataset\New Plant Diseases Dataset(Augmented)\New Plant Diseases Dataset(Augmented)\valid\Corn_(maize)___healthy\c6d72b1a-9f34-4d50-8c80-a5628f60fc21___R.S_HL 8117 copy.jpg,Corn_(maize)___healthy,Corn_(maize)___Northern_Leaf_Blight,0.5733808875083923
C:\Users\siddh\Downloads\plant dataset\New Plant Diseases Dataset(Augmented)\New Plant Diseases Dataset(Augmented)\valid\Grape___healthy\fabd2864-3431-4f44-b3bf-fa3af593fe05___Mt.N.V_HL 9002_90deg.JPG,Grape___healthy,Soybean___healthy,0.5733000040054321
C:\Users\siddh\Downloads\plant dataset\New Plant Diseases Dataset(Augmented)\New Plant Diseases Dataset(Augmented)\valid\Corn_(maize)___Northern_Leaf_Blight\f3141371-5c55-4cf4-988a-6c322de0c6ec___RS_NLB 3486 copy 2_180deg.jpg,Corn_(maize)___Northern_Leaf_Blight,Corn_(maize)___Cercospora_leaf_spot Gray_leaf_spot,0.5727624893188477
C:\Users\siddh\Downloads\plant dataset\New Plant Diseases Dataset(Augmented)\New Plant Diseases Dataset(Augmented)\valid\Potato___Late_blight\bf6ce80d-ca31-4d72-b56a-dbd6e6f2847a___RS_LB 4022.JPG,Potato___Late_blight,Potato___healthy,0.5727288722991943
C:\Users\siddh\Downloads\plant dataset\New Plant Diseases Dataset(Augmented)\New Plant Diseases Dataset(Augmented)\valid\Apple___Apple_scab\11f5b020-3dfd-400c-9819-7d229bc5f929___FREC_Scab 2945_270deg.JPG,Apple___Apple_scab,Apple___Cedar_apple_rust,0.5725880265235901
C:\Users\siddh\Downloads\plant dataset\New Plant Diseases Dataset(Augmented)\New Plant Diseases Dataset(Augmented)\valid\Tomato___Leaf_Mold\b1299841-6001-40d1-aa5c-90f5e289fbf1___Crnl_L.Mold 6887_flipTB.JPG,Tomato___Leaf_Mold,Tomato___Tomato_mosaic_virus,0.572508692741394
C:\Users\siddh\Downloads\plant dataset\New Plant Diseases Dataset(Augmented)\New Plant Diseases Dataset(Augmented)\valid\Tomato___Early_blight\0f7a2408-9c26-4ff9-bee5-2bfcd91a11f7___RS_Erly.B 9440.JPG,Tomato___Early_blight,Tomato___Late_blight,0.5723065137863159
C:\Users\siddh\Downloads\plant dataset\New Plant Diseases Dataset(Augmented)\New Plant Diseases Dataset(Augmented)\valid\Potato___Late_blight\2577b25b-c0ac-442b-8093-42e6490bad1e___RS_LB 4319_180deg.JPG,Potato___Late_blight,Tomato___Late_blight,0.5721094608306885
C:\Users\siddh\Downloads\plant dataset\New Plant Diseases Dataset(Augmented)\New Plant Diseases Dataset(Augmented)\valid\Corn_(maize)___Cercospora_leaf_spot Gray_leaf_spot\0e0ed08d-3021-49a7-9098-7c90afeb2fd5___RS_GLSp 4346.JPG,Corn_(maize)___Cercospora_leaf_spot Gray_leaf_spot,Corn_(maize)___Northern_Leaf_Blight,0.5718085169792175
C:\Users\siddh\Downloads\plant dataset\New Plant Diseases Dataset(Augmented)\New Plant Diseases Dataset(Augmented)\valid\Grape___Leaf_blight_(Isariopsis_Leaf_Spot)\ec8db249-dfac-47af-9e44-252856493031___FAM_L.Blight 1516.JPG,Grape___Leaf_blight_(Isariopsis_Leaf_Spot),Grape___Black_rot,0.571505606174469
C:\Users\siddh\Downloads\plant dataset\New Plant Diseases Dataset(Augmented)\New Plant Diseases Dataset(Augmented)\valid\Strawberry___Leaf_scorch\8708d212-acf5-4771-82ee-73a34549f4e0___RS_L.Scorch 0011.JPG,Strawberry___Leaf_scorch,Tomato___Bacterial_spot,0.571474015712738
C:\Users\siddh\Downloads\plant dataset\New Plant Diseases Dataset(Augmented)\New Plant Diseases Dataset(Augmented)\valid\Tomato___Target_Spot\1b0bb2af-424b-4268-9f2b-80e4324b769d___Com.G_TgS_FL 8358_flipTB.JPG,Tomato___Target_Spot,Tomato___Spider_mites Two-spotted_spider_mite,0.5712404847145081
C:\Users\siddh\Downloads\plant dataset\New Plant Diseases Dataset(Augmented)\New Plant Diseases Dataset(Augmented)\valid\Tomato___Early_blight\a52492e3-7916-4a13-a175-6a6c0dd3440a___RS_Erly.B 7613_180deg.JPG,Tomato___Early_blight,Tomato___Bacterial_spot,0.5711445808410645
C:\Users\siddh\Downloads\plant dataset\New Plant Diseases Dataset(Augmented)\New Plant Diseases Dataset(Augmented)\valid\Squash___Powdery_mildew\0cf36431-98ae-42e0-ab75-2db683144180___UMD_Powd.M 9652_flipLR.JPG,Squash___Powdery_mildew,Apple___Apple_scab,0.5702549815177917
C:\Users\siddh\Downloads\plant dataset\New Plant Diseases Dataset(Augmented)\New Plant Diseases Dataset(Augmented)\valid\Corn_(maize)___Northern_Leaf_Blight\acfc653f-44e2-41f6-85cd-3595a6fd7455___RS_NLB 3840_180deg.JPG,Corn_(maize)___Northern_Leaf_Blight,Corn_(maize)___Cercospora_leaf_spot Gray_leaf_spot,0.5701863765716553
C:\Users\siddh\Downloads\plant dataset\New Plant Diseases Dataset(Augmented)\New Plant Diseases Dataset(Augmented)\valid\Tomato___Spider_mites Two-spotted_spider_mite\4cab6361-aae6-4bc4-bd5b-d206d4e7e942___Com.G_SpM_FL 1579_flipTB.JPG,Tomato___Spider_mites Two-spotted_spider_mite,Tomato___healthy,0.5689013004302979
C:\Users\siddh\Downloads\plant dataset\New Plant Diseases Dataset(Augmented)\New Plant Diseases Dataset(Augmented)\valid\Potato___healthy\23f4d3b1-23f4-43fb-96c2-dae37224ec74___RS_HL 1803.JPG,Potato___healthy,Tomato___healthy,0.5679831504821777
C:\Users\siddh\Downloads\plant dataset\New Plant Diseases Dataset(Augmented)\New Plant Diseases Dataset(Augmented)\valid\Tomato___Target_Spot\a1002a3f-916c-4c96-bdd6-8f5c26276d81___Com.G_TgS_FL 1106.JPG,Tomato___Target_Spot,Tomato___healthy,0.5670728087425232
C:\Users\siddh\Downloads\plant dataset\New Plant Diseases Dataset(Augmented)\New Plant Diseases Dataset(Augmented)\valid\Tomato___Tomato_Yellow_Leaf_Curl_Virus\d5c08505-2c0b-4a98-b9c2-2db14680823b___UF.GRC_YLCV_Lab 08456.JPG,Tomato___Tomato_Yellow_Leaf_Curl_Virus,Tomato___Septoria_leaf_spot,0.5668291449546814
C:\Users\siddh\Downloads\plant dataset\New Plant Diseases Dataset(Augmented)\New Plant Diseases Dataset(Augmented)\valid\Corn_(maize)___Cercospora_leaf_spot Gray_leaf_spot\9d24f300-aaa7-413a-8abb-bf5b2b662fdc___RS_GLSp 4374 copy.jpg,Corn_(maize)___Cercospora_leaf_spot Gray_leaf_spot,Corn_(maize)___Northern_Leaf_Blight,0.5665783882141113
C:\Users\siddh\Downloads\plant dataset\New Plant Diseases Dataset(Augmented)\New Plant Diseases Dataset(Augmented)\valid\Peach___Bacterial_spot\835a52f1-3401-4e4b-b65d-56d3c6713105___Rut._Bact.S 3457.JPG,Peach___Bacterial_spot,"Pepper,_bell___Bacterial_spot",0.5665628910064697
C:\Users\siddh\Downloads\plant dataset\New Plant Diseases Dataset(Augmented)\New Plant Diseases Dataset(Augmented)\valid\Tomato___Septoria_leaf_spot\80737668-73b1-4dfc-a7ad-76f996ba72b7___Matt.S_CG 5996.JPG,Tomato___Septoria_leaf_spot,Tomato___Late_blight,0.5658529996871948
C:\Users\siddh\Downloads\plant dataset\New Plant Diseases Dataset(Augmented)\New Plant Diseases Dataset(Augmented)\valid\Corn_(maize)___Cercospora_leaf_spot Gray_leaf_spot\a9e08234-c1be-4519-a3e3-dd8d9456fab0___RS_GLSp 7336.JPG,Corn_(maize)___Cercospora_leaf_spot Gray_leaf_spot,Corn_(maize)___Northern_Leaf_Blight,0.5656376481056213
C:\Users\siddh\Downloads\plant dataset\New Plant Diseases Dataset(Augmented)\New Plant Diseases Dataset(Augmented)\valid\Grape___Black_rot\f5305b02-0f2c-44a4-a572-69a00304687b___FAM_B.Rot 0714_flipLR.JPG,Grape___Black_rot,Grape___Esca_(Black_Measles),0.5655006170272827
C:\Users\siddh\Downloads\plant dataset\New Plant Diseases Dataset(Augmented)\New Plant Diseases Dataset(Augmented)\valid\Apple___healthy\ba26ee51-3cff-482d-8ed1-4387aa33f208___RS_HL 7316.JPG,Apple___healthy,Blueberry___healthy,0.5649884939193726
C:\Users\siddh\Downloads\plant dataset\New Plant Diseases Dataset(Augmented)\New Plant Diseases Dataset(Augmented)\valid\Tomato___Early_blight\8d70db5b-7916-4397-836d-6a73a2faaead___RS_Erly.B 6330.JPG,Tomato___Early_blight,Tomato___Late_blight,0.5648757815361023
C:\Users\siddh\Downloads\plant dataset\New Plant Diseases Dataset(Augmented)\New Plant Diseases Dataset(Augmented)\valid\Tomato___Early_blight\fc38942e-e609-41a2-970c-cc1a67b16fe2___RS_Erly.B 7793.JPG,Tomato___Early_blight,Tomato___Target_Spot,0.5639597177505493
C:\Users\siddh\Downloads\plant dataset\New Plant Diseases Dataset(Augmented)\New Plant Diseases Dataset(Augmented)\valid\Tomato___Early_blight\fe167aa5-089e-4295-ad85-071819b7b692___RS_Erly.B 9403_flipTB.JPG,Tomato___Early_blight,Tomato___Late_blight,0.5639286041259766
C:\Users\siddh\Downloads\plant dataset\New Plant Diseases Dataset(Augmented)\New Plant Diseases Dataset(Augmented)\valid\Tomato___Target_Spot\4f6e682e-f2d7-43da-b18c-b0282ec6f3a4___Com.G_TgS_FL 9774_flipTB.JPG,Tomato___Target_Spot,Tomato___Spider_mites Two-spotted_spider_mite,0.5637785792350769
C:\Users\siddh\Downloads\plant dataset\New Plant Diseases Dataset(Augmented)\New Plant Diseases Dataset(Augmented)\valid\Corn_(maize)___Northern_Leaf_Blight\8a936e9c-617d-4f4c-834a-6b4cb40db290___RS_NLB 3660.JPG,Corn_(maize)___Northern_Leaf_Blight,Corn_(maize)___Common_rust_,0.5634958744049072
C:\Users\siddh\Downloads\plant dataset\New Plant Diseases Dataset(Augmented)\New Plant Diseases Dataset(Augmented)\valid\Tomato___Early_blight\c2369b01-d04f-443c-b6ab-9e62e1480420___RS_Erly.B 8397_flipTB.JPG,Tomato___Early_blight,"Pepper,_bell___Bacterial_spot",0.5634685754776001
C:\Users\siddh\Downloads\plant dataset\New Plant Diseases Dataset(Augmented)\New Plant Diseases Dataset(Augmented)\valid\Tomato___healthy\2e4b9ef4-4ee8-4a50-aac0-de7c001f36d4___GH_HL Leaf 288.1_new30degFlipLR.JPG,Tomato___healthy,Soybean___healthy,0.5631743669509888
C:\Users\siddh\Downloads\plant dataset\New Plant Diseases Dataset(Augmented)\New Plant Diseases Dataset(Augmented)\valid\Peach___Bacterial_spot\23f130e0-a8b8-49aa-8b39-b35a1315ff9d___Rut._Bact.S 1235.JPG,Peach___Bacterial_spot,Peach___healthy,0.5627155900001526
C:\Users\siddh\Downloads\plant dataset\New Plant Diseases Dataset(Augmented)\New Plant Diseases Dataset(Augmented)\valid\Corn_(maize)___Northern_Leaf_Blight\c2ef8b22-9934-4a61-b2d3-13521bef65b5___RS_NLB 3973.JPG,Corn_(maize)___Northern_Leaf_Blight,Corn_(maize)___Cercospora_leaf_spot Gray_leaf_spot,0.5625643730163574
C:\Users\siddh\Downloads\plant dataset\New Plant Diseases Dataset(Augmented)\New Plant Diseases Dataset(Augmented)\valid\Tomato___Early_blight\bd0f06fb-1f9a-4de8-8c96-926d312cea27___RS_Erly.B 7603_180deg.JPG,Tomato___Early_blight,Tomato___Late_blight,0.5621813535690308
C:\Users\siddh\Downloads\plant dataset\New Plant Diseases Dataset(Augmented)\New Plant Diseases Dataset(Augmented)\valid\Tomato___Target_Spot\b9319e7d-c5c1-4281-8e0b-aa642f91b8cc___Com.G_TgS_FL 8361.JPG,Tomato___Target_Spot,Tomato___healthy,0.5621009469032288
C:\Users\siddh\Downloads\plant dataset\New Plant Diseases Dataset(Augmented)\New Plant Diseases Dataset(Augmented)\valid\Tomato___Early_blight\7763d482-8290-46f4-83aa-edb87ae15297___RS_Erly.B 7766.JPG,Tomato___Early_blight,Tomato___Target_Spot,0.5617968440055847
C:\Users\siddh\Downloads\plant dataset\New Plant Diseases Dataset(Augmented)\New Plant Diseases Dataset(Augmented)\valid\Tomato___Tomato_Yellow_Leaf_Curl_Virus\fba58456-f02f-459c-8b12-12178c622f50___YLCV_NREC 2393.JPG,Tomato___Tomato_Yellow_Leaf_Curl_Virus,Tomato___Late_blight,0.5613230466842651
C:\Users\siddh\Downloads\plant dataset\New Plant Diseases Dataset(Augmented)\New Plant Diseases Dataset(Augmented)\valid\Tomato___Early_blight\3387fbf2-ee72-4601-b8de-c863eb96d181___RS_Erly.B 7452.JPG,Tomato___Early_blight,Tomato___Bacterial_spot,0.5611717104911804
C:\Users\siddh\Downloads\plant dataset\New Plant Diseases Dataset(Augmented)\New Plant Diseases Dataset(Augmented)\valid\Tomato___Target_Spot\8a4784b3-5780-4fe1-8158-9eff6f987d1b___Com.G_TgS_FL 8349.JPG,Tomato___Target_Spot,Tomato___healthy,0.560573160648346
"C:\Users\siddh\Downloads\plant dataset\New Plant Diseases Dataset(Augmented)\New Plant Diseases Dataset(Augmented)\valid\Pepper,_bell___Bacterial_spot\e91037f2-392c-45de-a2eb-2abd31ca3089___JR_B.Spot 3267_flipTB.JPG","Pepper,_bell___Bacterial_spot","Pepper,_bell___healthy",0.5601467490196228
C:\Users\siddh\Downloads\plant dataset\New Plant Diseases Dataset(Augmented)\New Plant Diseases Dataset(Augmented)\valid\Tomato___Tomato_Yellow_Leaf_Curl_Virus\fadfba88-e351-4541-ac19-686387f371e7___YLCV_GCREC 5216.JPG,Tomato___Tomato_Yellow_Leaf_Curl_Virus,Tomato___Spider_mites Two-spotted_spider_mite,0.5600308775901794
C:\Users\siddh\Downloads\plant dataset\New Plant Diseases Dataset(Augmented)\New Plant Diseases Dataset(Augmented)\valid\Tomato___Target_Spot\4dfda385-7a48-4280-915b-28812f9fc574___Com.G_TgS_FL 0741_180deg.JPG,Tomato___Target_Spot,Tomato___healthy,0.5596941709518433
C:\Users\siddh\Downloads\plant dataset\New Plant Diseases Dataset(Augmented)\New Plant Diseases Dataset(Augmented)\valid\Tomato___Septoria_leaf_spot\3a89c017-4b4b-4f64-a018-05c98a2fa611___Matt.S_CG 1219_flipTB.JPG,Tomato___Septoria_leaf_spot,Tomato___Bacterial_spot,0.5596787333488464
C:\Users\siddh\Downloads\plant dataset\New Plant Diseases Dataset(Augmented)\New Plant Diseases Dataset(Augmented)\valid\Grape___Black_rot\501a0cbb-28ae-43e1-a17b-81e6a3ac9ce8___FAM_B.Rot 0550.JPG,Grape___Black_rot,Grape___Esca_(Black_Measles),0.5595711469650269
C:\Users\siddh\Downloads\plant dataset\New Plant Diseases Dataset(Augmented)\New Plant Diseases Dataset(Augmented)\valid\Corn_(maize)___Cercospora_leaf_spot Gray_leaf_spot\6df99d74-ad7b-4ca2-84db-904099c7293c___RS_GLSp 4321.JPG,Corn_(maize)___Cercospora_leaf_spot Gray_leaf_spot,Corn_(maize)___Northern_Leaf_Blight,0.5594751238822937
C:\Users\siddh\Downloads\plant dataset\New Plant Diseases Dataset(Augmented)\New Plant Diseases Dataset(Augmented)\valid\Tomato___Leaf_Mold\d998fc3d-1314-4f78-86b7-ca3bf205fe6a___Crnl_L.Mold 7168.JPG,Tomato___Leaf_Mold,Tomato___Bacterial_spot,0.5593374967575073
C:\Users\siddh\Downloads\plant dataset\New Plant Diseases Dataset(Augmented)\New Plant Diseases Dataset(Augmented)\valid\Tomato___Target_Spot\0df45326-8aa9-49bf-a2fd-e7f454c2dfbf___Com.G_TgS_FL 9718_180deg.JPG,Tomato___Target_Spot,Tomato___Spider_mites Two-spotted_spider_mite,0.5579841136932373
C:\Users\siddh\Downloads\plant dataset\New Plant Diseases Dataset(Augmented)\New Plant Diseases Dataset(Augmented)\valid\Potato___Late_blight\e01f9ba8-74b9-48d8-b96c-ac48463a4d29___RS_LB 2857.JPG,Potato___Late_blight,Potato___healthy,0.5579823851585388
C:\Users\siddh\Downloads\plant dataset\New Plant Diseases Dataset(Augmented)\New Plant Diseases Dataset(Augmented)\valid\Tomato___Late_blight\3db1dcda-3180-432a-9b8e-7ba8a0d6be55___GHLB_PS Leaf 28.3 Day 13.JPG,Tomato___Late_blight,Tomato___Leaf_Mold,0.5579800009727478
C:\Users\siddh\Downloads\plant dataset\New Plant Diseases Dataset(Augmented)\New Plant Diseases Dataset(Augmented)\valid\Potato___Late_blight\28cbad12-8d41-4d36-a6df-db0d35ee1ce0___RS_LB 2922.JPG,Potato___Late_blight,Tomato___Late_blight,0.5576932430267334
C:\Users\siddh\Downloads\plant dataset\New Plant Diseases Dataset(Augmented)\New Plant Diseases Dataset(Augmented)\valid\Tomato___Tomato_mosaic_virus\2fa22081-5533-4b18-9a8f-671f210db37e___PSU_CG 2092.JPG,Tomato___Tomato_mosaic_virus,Tomato___healthy,0.5573270320892334
C:\Users\siddh\Downloads\plant dataset\New Plant Diseases Dataset(Augmented)\New Plant Diseases Dataset(Augmented)\valid\Corn_(maize)___Cercospora_leaf_spot Gray_leaf_spot\a746eab2-b4d5-48f7-9dd6-9f9584a030f1___RS_GLSp 4328 copy.jpg,Corn_(maize)___Cercospora_leaf_spot Gray_leaf_spot,Corn_(maize)___Northern_Leaf_Blight,0.5569979548454285
C:\Users\siddh\Downloads\plant dataset\New Plant Diseases Dataset(Augmented)\New Plant Diseases Dataset(Augmented)\valid\Strawberry___Leaf_scorch\01d11a79-f858-4e58-9b14-c3f0619af1f7___RS_L.Scorch 0090_flipLR.JPG,Strawberry___Leaf_scorch,Grape___Leaf_blight_(Isariopsis_Leaf_Spot),0.5564693808555603
C:\Users\siddh\Downloads\plant dataset\New Plant Diseases Dataset(Augmented)\New Plant Diseases Dataset(Augmented)\valid\Peach___Bacterial_spot\f3454293-5c3e-43a9-9f69-e67d9a429fa4___Rut._Bact.S 0978.JPG,Peach___Bacterial_spot,Peach___healthy,0.556388795375824
C:\Users\siddh\Downloads\plant dataset\New Plant Diseases Dataset(Augmented)\New Plant Diseases Dataset(Augmented)\valid\Potato___Early_blight\bcc2199e-a6c6-4e0d-a7a7-f7c4b25f2c04___RS_Early.B 7007.JPG,Potato___Early_blight,"Pepper,_bell___Bacterial_spot",0.5560908913612366
C:\Users\siddh\Downloads\plant dataset\New Plant Diseases Dataset(Augmented)\New Plant Diseases Dataset(Augmented)\valid\Grape___Leaf_blight_(Isariopsis_Leaf_Spot)\6ef1c3be-ce3e-416a-ba51-d7b6b53d3faf___FAM_L.Blight 4969_flipLR.JPG,Grape___Leaf_blight_(Isariopsis_Leaf_Spot),Tomato___Late_blight,0.5560300350189209
C:\Users\siddh\Downloads\plant dataset\New Plant Diseases Dataset(Augmented)\New Plant Diseases Dataset(Augmented)\valid\Potato___Late_blight\7050bb1d-af0d-47c4-8f35-23b9561b8024___RS_LB 3313.JPG,Potato___Late_blight,Soybean___healthy,0.5550549030303955
C:\Users\siddh\Downloads\plant dataset\New Plant Diseases Dataset(Augmented)\New Plant Diseases Dataset(Augmented)\valid\Soybean___healthy\fb23b8cb-5045-48d5-b145-0bd83f6aaab0___RS_HL 5142.JPG,Soybean___healthy,Apple___healthy,0.5550023317337036
C:\Users\siddh\Downloads\plant dataset\New Plant Diseases Dataset(Augmented)\New Plant Diseases Dataset(Augmented)\valid\Tomato___Septoria_leaf_spot\0ebf0c98-aeb9-4630-afa0-0c9a2dc32995___Matt.S_CG 6233_180deg.JPG,Tomato___Septoria_leaf_spot,Tomato___Late_blight,0.5549952387809753
C:\Users\siddh\Downloads\plant dataset\New Plant Diseases Dataset(Augmented)\New Plant Diseases Dataset(Augmented)\valid\Potato___Late_blight\201186ce-cec5-47ef-9f88-bd8c4abab2c8___RS_LB 2813_flipTB.JPG,Potato___Late_blight,Potato___healthy,0.5549244284629822
C:\Users\siddh\Downloads\plant dataset\New Plant Diseases Dataset(Augmented)\New Plant Diseases Dataset(Augmented)\valid\Tomato___Septoria_leaf_spot\bc2bc314-a693-4d07-a858-8e581d7470dc___JR_Sept.L.S 2719.JPG,Tomato___Septoria_leaf_spot,Tomato___Late_blight,0.5545966625213623
"C:\Users\siddh\Downloads\plant dataset\New Plant Diseases Dataset(Augmented)\New Plant Diseases Dataset(Augmented)\valid\Pepper,_bell___healthy\6c88680c-ed4b-45ba-a8d0-90d6ee26d618___JR_HL 7925_newPixel25.JPG","Pepper,_bell___healthy",Peach___healthy,0.5537576079368591
C:\Users\siddh\Downloads\plant dataset\New Plant Diseases Dataset(Augmented)\New Plant Diseases Dataset(Augmented)\valid\Tomato___Leaf_Mold\83ec8584-a58a-407d-9f7a-5042b0bf1b8a___Crnl_L.Mold 8906_180deg.JPG,Tomato___Leaf_Mold,Tomato___Late_blight,0.5533446669578552
C:\Users\siddh\Downloads\plant dataset\New Plant Diseases Dataset(Augmented)\New Plant Diseases Dataset(Augmented)\valid\Tomato___Leaf_Mold\aac3fb74-6413-4f4b-ba38-82fe0f2f135d___Crnl_L.Mold 8942_180deg.JPG,Tomato___Leaf_Mold,Tomato___Bacterial_spot,0.5526806712150574
C:\Users\siddh\Downloads\plant dataset\New Plant Diseases Dataset(Augmented)\New Plant Diseases Dataset(Augmented)\valid\Peach___Bacterial_spot\9cc57e00-e06a-4ed2-a456-efa30892f8e6___Rut._Bact.S 0980.JPG,Peach___Bacterial_spot,Apple___Black_rot,0.5526074171066284
C:\Users\siddh\Downloads\plant dataset\New Plant Diseases Dataset(Augmented)\New Plant Diseases Dataset(Augmented)\valid\Potato___Late_blight\64fd9d16-28df-4dd7-9bb5-973bbd9ac6db___RS_LB 4654_180deg.JPG,Potato___Late_blight,Tomato___Late_blight,0.552251398563385
C:\Users\siddh\Downloads\plant dataset\New Plant Diseases Dataset(Augmented)\New Plant Diseases Dataset(Augmented)\valid\Grape___Black_rot\0434878b-1f52-496a-87c6-58647824ee2d___FAM_B.Rot 5035.JPG,Grape___Black_rot,Grape___Esca_(Black_Measles),0.5522063970565796
C:\Users\siddh\Downloads\plant dataset\New Plant Diseases Dataset(Augmented)\New Plant Diseases Dataset(Augmented)\valid\Tomato___Early_blight\9d64c577-43dd-4409-b0ed-f5460bc01dc9___RS_Erly.B 7685.JPG,Tomato___Early_blight,Tomato___Target_Spot,0.5510832667350769
C:\Users\siddh\Downloads\plant dataset\New Plant Diseases Dataset(Augmented)\New Plant Diseases Dataset(Augmented)\valid\Apple___Apple_scab\0b1e31fa-cbc0-41ed-9139-c794e6855e82___FREC_Scab 3089.JPG,Apple___Apple_scab,Apple___Black_rot,0.5503050684928894
C:\Users\siddh\Downloads\plant dataset\New Plant Diseases Dataset(Augmented)\New Plant Diseases Dataset(Augmented)\valid\Potato___healthy\5df30492-0b54-474d-8883-bba9474ca88f___RS_HL 1801_newGGR.JPG,Potato___healthy,Soybean___healthy,0.5501012206077576
C:\Users\siddh\Downloads\plant dataset\New Plant Diseases Dataset(Augmented)\New Plant Diseases Dataset(Augmented)\valid\Tomato___Early_blight\5390d8c0-5781-47cf-8d0a-482e000a01f3___RS_Erly.B 7400_180deg.JPG,Tomato___Early_blight,Tomato___Late_blight,0.5487670302391052
C:\Users\siddh\Downloads\plant dataset\New Plant Diseases Dataset(Augmented)\New Plant Diseases Dataset(Augmented)\valid\Apple___Apple_scab\eda0a3b5-fe6e-4646-acc6-7db5179e3e96___FREC_Scab 3380.JPG,Apple___Apple_scab,Apple___healthy,0.5484166145324707
C:\Users\siddh\Downloads\plant dataset\New Plant Diseases Dataset(Augmented)\New Plant Diseases Dataset(Augmented)\valid\Tomato___healthy\37203047-d8ba-43f7-b31e-d496c41c569c___GH_HL Leaf 389.JPG,Tomato___healthy,Blueberry___healthy,0.5483921766281128
C:\Users\siddh\Downloads\plant dataset\New Plant Diseases Dataset(Augmented)\New Plant Diseases Dataset(Augmented)\valid\Tomato___healthy\505465db-407b-4e0a-8110-7479dad5261c___GH_HL Leaf 389.JPG,Tomato___healthy,Blueberry___healthy,0.5483921766281128
C:\Users\siddh\Downloads\plant dataset\New Plant Diseases Dataset(Augmented)\New Plant Diseases Dataset(Augmented)\valid\Tomato___Early_blight\72e0c27a-891e-4864-a473-c44d578ad2ed___RS_Erly.B 7622_flipTB.JPG,Tomato___Early_blight,Tomato___Late_blight,0.5481690764427185
C:\Users\siddh\Downloads\plant dataset\New Plant Diseases Dataset(Augmented)\New Plant Diseases Dataset(Augmented)\valid\Corn_(maize)___Cercospora_leaf_spot Gray_leaf_spot\e760af68-e885-46b4-a823-c4faf290c9d0___RS_GLSp 7299.JPG,Corn_(maize)___Cercospora_leaf_spot Gray_leaf_spot,Corn_(maize)___Northern_Leaf_Blight,0.5480586886405945
C:\Users\siddh\Downloads\plant dataset\New Plant Diseases Dataset(Augmented)\New Plant Diseases Dataset(Augmented)\valid\Apple___Black_rot\cc0f71b0-af7d-49e2-b7df-a45e97caab2c___JR_FrgE.S 8796_new30degFlipLR.JPG,Apple___Black_rot,Apple___Cedar_apple_rust,0.5472354888916016
C:\Users\siddh\Downloads\plant dataset\New Plant Diseases Dataset(Augmented)\New Plant Diseases Dataset(Augmented)\valid\Tomato___Leaf_Mold\c08002a0-531c-46b0-b580-e9419eac30af___Crnl_L.Mold 6518_flipTB.JPG,Tomato___Leaf_Mold,Tomato___Tomato_mosaic_virus,0.5470585823059082
C:\Users\siddh\Downloads\plant dataset\New Plant Diseases Dataset(Augmented)\New Plant Diseases Dataset(Augmented)\valid\Tomato___Leaf_Mold\c6e1c2ad-78ae-4241-b86c-39d056318737___Crnl_L.Mold 6736_180deg.JPG,Tomato___Leaf_Mold,Tomato___Spider_mites Two-spotted_spider_mite,0.546684980392456
C:\Users\siddh\Downloads\plant dataset\New Plant Diseases Dataset(Augmented)\New Plant Diseases Dataset(Augmented)\valid\Tomato___Leaf_Mold\9d8d2581-16a2-4151-9434-8ab9df3f632b___Crnl_L.Mold 8737.JPG,Tomato___Leaf_Mold,Tomato___Late_blight,0.5465325713157654
C:\Users\siddh\Downloads\plant dataset\New Plant Diseases Dataset(Augmented)\New Plant Diseases Dataset(Augmented)\valid\Tomato___Tomato_mosaic_virus\6c468dae-d392-4435-8d2f-adcadf0425b8___PSU_CG 2276.JPG,Tomato___Tomato_mosaic_virus,Tomato___Late_blight,0.5460280179977417
C:\Users\siddh\Downloads\plant dataset\New Plant Diseases Dataset(Augmented)\New Plant Diseases Dataset(Augmented)\valid\Potato___healthy\f0fdde26-78b4-46f0-9eb8-7c2a743d34aa___RS_HL 4165_new200degFlipLR.JPG,Potato___healthy,Soybean___healthy,0.5458620190620422
"C:\Users\siddh\Downloads\plant dataset\New Plant Diseases Dataset(Augmented)\New Plant Diseases Dataset(Augmented)\valid\Pepper,_bell___healthy\4ebbed7f-321d-45e8-839e-b1af56445be5___JR_HL 6007_newPixel25.JPG","Pepper,_bell___healthy",Apple___Cedar_apple_rust,0.5456728339195251
C:\Users\siddh\Downloads\plant dataset\New Plant Diseases Dataset(Augmented)\New Plant Diseases Dataset(Augmented)\valid\Potato___healthy\14484ea5-9c34-427c-abe4-2743265aced0___RS_HL 4204_new200degFlipTB.JPG,Potato___healthy,Blueberry___healthy,0.5454539060592651
C:\Users\siddh\Downloads\plant dataset\New Plant Diseases Dataset(Augmented)\New Plant Diseases Dataset(Augmented)\valid\Corn_(maize)___Northern_Leaf_Blight\34affa73-9797-4d0e-9cd6-916f8a6c3df3___RS_NLB 3521_180deg.JPG,Corn_(maize)___Northern_Leaf_Blight,Corn_(maize)___healthy,0.5449515581130981
C:\Users\siddh\Downloads\plant dataset\New Plant Diseases Dataset(Augmented)\New Plant Diseases Dataset(Augmented)\valid\Peach___Bacterial_spot\81020371-a3d7-421e-94fc-f44cf46be444___Rut._Bact.S 1337.JPG,Peach___Bacterial_spot,Tomato___Late_blight,0.5446851849555969
C:\Users\siddh\Downloads\plant dataset\New Plant Diseases Dataset(Augmented)\New Plant Diseases Dataset(Augmented)\valid\Cherry_(including_sour)___Powdery_mildew\6d700706-12f6-40a3-b293-699aabce7ba0___FREC_Pwd.M 0288_flipLR.JPG,Cherry_(including_sour)___Powdery_mildew,"Pepper,_bell___healthy",0.5443709492683411
C:\Users\siddh\Downloads\plant dataset\New Plant Diseases Dataset(Augmented)\New Plant Diseases Dataset(Augmented)\valid\Tomato___Leaf_Mold\b07afdfc-feee-4d5a-9504-7c0c6ae773a0___Crnl_L.Mold 9048.JPG,Tomato___Leaf_Mold,Tomato___Late_blight,0.5442860126495361
C:\Users\siddh\Downloads\plant dataset\New Plant Diseases Dataset(Augmented)\New Plant Diseases Dataset(Augmented)\valid\Potato___Late_blight\cd413b65-05b0-4bbd-9896-4951d11e920d___RS_LB 4575_flipTB.JPG,Potato___Late_blight,"Pepper,_bell___Bacterial_spot",0.5440322160720825
C:\Users\siddh\Downloads\plant dataset\New Plant Diseases Dataset(Augmented)\New Plant Diseases Dataset(Augmented)\valid\Tomato___Leaf_Mold\b1299841-6001-40d1-aa5c-90f5e289fbf1___Crnl_L.Mold 6887_180deg.JPG,Tomato___Leaf_Mold,Tomato___Tomato_mosaic_virus,0.5439773201942444
C:\Users\siddh\Downloads\plant dataset\New Plant Diseases Dataset(Augmented)\New Plant Diseases Dataset(Augmented)\valid\Raspberry___healthy\caa9c1d8-620e-46fa-a8c8-038ee145dd20___Mary_HL 6230_180deg.JPG,Raspberry___healthy,Cherry_(including_sour)___healthy,0.5438156723976135
C:\Users\siddh\Downloads\plant dataset\New Plant Diseases Dataset(Augmented)\New Plant Diseases Dataset(Augmented)\valid\Potato___Late_blight\4885a2b1-fc77-4b1a-ad55-3fa4b3fe4e1e___RS_LB 4425_180deg.JPG,Potato___Late_blight,Blueberry___healthy,0.5431264638900757
C:\Users\siddh\Downloads\plant dataset\New Plant Diseases Dataset(Augmented)\New Plant Diseases Dataset(Augmented)\valid\Tomato___Early_blight\243a77c6-b401-43c4-9230-68b4b11f3b83___RS_Erly.B 7754.JPG,Tomato___Early_blight,Tomato___Septoria_leaf_spot,0.5429460406303406
C:\Users\siddh\Downloads\plant dataset\New Plant Diseases Dataset(Augmented)\New Plant Diseases Dataset(Augmented)\valid\Tomato___Early_blight\65bc0e3e-39a0-4fde-a9b3-65d2dd7dd63e___RS_Erly.B 7485_180deg.JPG,Tomato___Early_blight,Tomato___Late_blight,0.5429269075393677
C:\Users\siddh\Downloads\plant dataset\New Plant Diseases Dataset(Augmented)\New Plant Diseases Dataset(Augmented)\valid\Potato___Late_blight\6616bc3c-e3be-440d-ac55-ae3bb665e8b4___RS_LB 5071_180deg.JPG,Potato___Late_blight,Tomato___Late_blight,0.5429102778434753
C:\Users\siddh\Downloads\plant dataset\New Plant Diseases Dataset(Augmented)\New Plant Diseases Dataset(Augmented)\valid\Tomato___Early_blight\8b448aba-68ad-461d-a8f4-99c6ccee8fbe___RS_Erly.B 7463.JPG,Tomato___Early_blight,Tomato___Late_blight,0.5425160527229309
C:\Users\siddh\Downloads\plant dataset\New Plant Diseases Dataset(Augmented)\New Plant Diseases Dataset(Augmented)\valid\Tomato___Early_blight\4e3c2c95-69ca-41d4-9b08-4e0bb7f425eb___RS_Erly.B 7469.JPG,Tomato___Early_blight,Tomato___Late_blight,0.5419158935546875
C:\Users\siddh\Downloads\plant dataset\New Plant Diseases Dataset(Augmented)\New Plant Diseases Dataset(Augmented)\valid\Tomato___Septoria_leaf_spot\b459b9c8-30e2-4a65-be28-53d80243cac2___Keller.St_CG 1797.JPG,Tomato___Septoria_leaf_spot,Peach___Bacterial_spot,0.541886568069458
C:\Users\siddh\Downloads\plant dataset\New Plant Diseases Dataset(Augmented)\New Plant Diseases Dataset(Augmented)\valid\Tomato___healthy\a5e54e01-2cd5-482a-bfba-8728ca32473c___GH_HL Leaf 426.JPG,Tomato___healthy,Blueberry___healthy,0.5417295098304749
C:\Users\siddh\Downloads\plant dataset\New Plant Diseases Dataset(Augmented)\New Plant Diseases Dataset(Augmented)\valid\Grape___Esca_(Black_Measles)\7fe21d4e-ab67-41bb-ad67-b668f535c7cf___FAM_B.Msls 1202.JPG,Grape___Esca_(Black_Measles),Grape___Black_rot,0.5416886806488037
C:\Users\siddh\Downloads\plant dataset\New Plant Diseases Dataset(Augmented)\New Plant Diseases Dataset(Augmented)\valid\Tomato___Leaf_Mold\091238ce-b84c-4629-a8b2-ba78254bd2e0___Crnl_L.Mold 8788_180deg.JPG,Tomato___Leaf_Mold,Tomato___Late_blight,0.5409971475601196
C:\Users\siddh\Downloads\plant dataset\New Plant Diseases Dataset(Augmented)\New Plant Diseases Dataset(Augmented)\valid\Tomato___Early_blight\32e59188-5c46-4369-8991-5acfa253263b___RS_Erly.B 7781.JPG,Tomato___Early_blight,Tomato___Spider_mites Two-spotted_spider_mite,0.5407284498214722
C:\Users\siddh\Downloads\plant dataset\New Plant Diseases Dataset(Augmented)\New Plant Diseases Dataset(Augmented)\valid\Potato___Late_blight\bf07f2b7-6ab3-4192-a418-ecabc32a11fe___RS_LB 2576.JPG,Potato___Late_blight,Tomato___Late_blight,0.5404686331748962
C:\Users\siddh\Downloads\plant dataset\New Plant Diseases Dataset(Augmented)\New Plant Diseases Dataset(Augmented)\valid\Tomato___Septoria_leaf_spot\046a86f0-bdae-438b-9c1f-b840c706f409___JR_Sept.L.S 8530.JPG,Tomato___Septoria_leaf_spot,Tomato___Tomato_mosaic_virus,0.5403728485107422
C:\Users\siddh\Downloads\plant dataset\New Plant Diseases Dataset(Augmented)\New Plant Diseases Dataset(Augmented)\valid\Tomato___Septoria_leaf_spot\f56fd18d-3880-4e20-81e2-ac0f91804226___Keller.St_CG 1929.JPG,Tomato___Septoria_leaf_spot,Tomato___Late_blight,0.5403647422790527
C:\Users\siddh\Downloads\plant dataset\New Plant Diseases Dataset(Augmented)\New Plant Diseases Dataset(Augmented)\valid\Tomato___Septoria_leaf_spot\dea10aaf-fc64-4dad-b553-568a8581a30d___Matt.S_CG 0688.JPG,Tomato___Septoria_leaf_spot,Tomato___Tomato_mosaic_virus,0.5402693152427673
"C:\Users\siddh\Downloads\plant dataset\New Plant Diseases Dataset(Augmented)\New Plant Diseases Dataset(Augmented)\valid\Pepper,_bell___healthy\bc3d7abd-ffef-4c23-b466-b193a950b544___JR_HL 8083.JPG","Pepper,_bell___healthy","Pepper,_bell___Bacterial_spot",0.5402548313140869
C:\Users\siddh\Downloads\plant dataset\New Plant Diseases Dataset(Augmented)\New Plant Diseases Dataset(Augmented)\valid\Potato___Late_blight\b86274d3-554a-495d-8304-76484e3c4d15___RS_LB 4442_flipTB.JPG,Potato___Late_blight,Tomato___Late_blight,0.5398460030555725
C:\Users\siddh\Downloads\plant dataset\New Plant Diseases Dataset(Augmented)\New Plant Diseases Dataset(Augmented)\valid\Tomato___Septoria_leaf_spot\9b3a9993-1572-4664-9893-2671e83e6ffe___Keller.St_CG 1796.JPG,Tomato___Septoria_leaf_spot,Tomato___Late_blight,0.539463460445404
C:\Users\siddh\Downloads\plant dataset\New Plant Diseases Dataset(Augmented)\New Plant Diseases Dataset(Augmented)\valid\Tomato___Leaf_Mold\d15e91c8-b473-472e-96b6-331a5c62392d___Crnl_L.Mold 8787_180deg.JPG,Tomato___Leaf_Mold,Tomato___Late_blight,0.5394272208213806
C:\Users\siddh\Downloads\plant dataset\New Plant Diseases Dataset(Augmented)\New Plant Diseases Dataset(Augmented)\valid\Potato___Late_blight\b86274d3-554a-495d-8304-76484e3c4d15___RS_LB 4442_180deg.JPG,Potato___Late_blight,Tomato___Late_blight,0.5393936038017273
C:\Users\siddh\Downloads\plant dataset\New Plant Diseases Dataset(Augmented)\New Plant Diseases Dataset(Augmented)\valid\Grape___Esca_(Black_Measles)\d59bea04-30f0-41fe-ab07-e377815816c3___FAM_B.Msls 4018_flipLR.JPG,Grape___Esca_(Black_Measles),Grape___Black_rot,0.5388295650482178
C:\Users\siddh\Downloads\plant dataset\New Plant Diseases Dataset(Augmented)\New Plant Diseases Dataset(Augmented)\valid\Tomato___Tomato_Yellow_Leaf_Curl_Virus\ad7295b8-c903-48f5-b5cf-39d0bff831c5___YLCV_NREC 2470.JPG,Tomato___Tomato_Yellow_Leaf_Curl_Virus,Tomato___Spider_mites Two-spotted_spider_mite,0.5386245250701904
C:\Users\siddh\Downloads\plant dataset\New Plant Diseases Dataset(Augmented)\New Plant Diseases Dataset(Augmented)\valid\Tomato___Early_blight\fe79c70c-0977-43f3-ad1b-3a1b4bceeceb___RS_Erly.B 7506_flipTB.JPG,Tomato___Early_blight,Tomato___Late_blight,0.538577139377594
C:\Users\siddh\Downloads\plant dataset\New Plant Diseases Dataset(Augmented)\New Plant Diseases Dataset(Augmented)\valid\Tomato___Leaf_Mold\d2102d1d-e4f2-40d3-84aa-7281e053e646___Crnl_L.Mold 9111.JPG,Tomato___Leaf_Mold,Tomato___Late_blight,0.5383232235908508
C:\Users\siddh\Downloads\plant dataset\New Plant Diseases Dataset(Augmented)\New Plant Diseases Dataset(Augmented)\valid\Corn_(maize)___Cercospora_leaf_spot Gray_leaf_spot\d1b2206b-39e5-4444-9ebe-223d0d78880e___RS_GLSp 4407.JPG,Corn_(maize)___Cercospora_leaf_spot Gray_leaf_spot,Corn_(maize)___Northern_Leaf_Blight,0.5381048321723938
C:\Users\siddh\Downloads\plant dataset\New Plant Diseases Dataset(Augmented)\New Plant Diseases Dataset(Augmented)\valid\Tomato___Septoria_leaf_spot\03b3e88f-63ad-49e1-88c2-b8bfffd6aaf6___Matt.S_CG 1226.JPG,Tomato___Septoria_leaf_spot,Tomato___Late_blight,0.5372362732887268
C:\Users\siddh\Downloads\plant dataset\New Plant Diseases Dataset(Augmented)\New Plant Diseases Dataset(Augmented)\valid\Tomato___Early_blight\f0763973-1898-4ae6-9350-c9b61976c600___RS_Erly.B 6456_flipTB.JPG,Tomato___Early_blight,Tomato___Bacterial_spot,0.5370961427688599
C:\Users\siddh\Downloads\plant dataset\New Plant Diseases Dataset(Augmented)\New Plant Diseases Dataset(Augmented)\valid\Tomato___Early_blight\32ae9564-c205-4814-b579-1ebf0d732e7e___RS_Erly.B 9415.JPG,Tomato___Early_blight,Tomato___Late_blight,0.5363816618919373
C:\Users\siddh\Downloads\plant dataset\New Plant Diseases Dataset(Augmented)\New Plant Diseases Dataset(Augmented)\valid\Tomato___Target_Spot\01e0b8b1-e713-4c6d-973b-f7636280c58a___Com.G_TgS_FL 9816_newPixel25.JPG,Tomato___Target_Spot,"Pepper,_bell___healthy",0.5359708666801453
C:\Users\siddh\Downloads\plant dataset\New Plant Diseases Dataset(Augmented)\New Plant Diseases Dataset(Augmented)\valid\Tomato___healthy\5bded339-547a-4f93-b7cf-bbf8c948aa26___RS_HL 9748.JPG,Tomato___healthy,Tomato___Spider_mites Two-spotted_spider_mite,0.5358564257621765
C:\Users\siddh\Downloads\plant dataset\New Plant Diseases Dataset(Augmented)\New Plant Diseases Dataset(Augmented)\valid\Tomato___Early_blight\2419fd79-cda0-4ba4-be14-31c92a2e91dd___RS_Erly.B 8255_180deg.JPG,Tomato___Early_blight,Tomato___Late_blight,0.5350675582885742
C:\Users\siddh\Downloads\plant dataset\New Plant Diseases Dataset(Augmented)\New Plant Diseases Dataset(Augmented)\valid\Tomato___Spider_mites Two-spotted_spider_mite\b867a878-d563-40e1-a0f5-7037f4918842___Com.G_SpM_FL 1354.JPG,Tomato___Spider_mites Two-spotted_spider_mite,Tomato___Tomato_mosaic_virus,0.5349774956703186
C:\Users\siddh\Downloads\plant dataset\New Plant Diseases Dataset(Augmented)\New Plant Diseases Dataset(Augmented)\valid\Tomato___Leaf_Mold\a8ce6b5a-1f27-4e8c-9c53-989674ae4c4b___Crnl_L.Mold 6649_flipTB.JPG,Tomato___Leaf_Mold,Tomato___Tomato_mosaic_virus,0.5349631905555725
C:\Users\siddh\Downloads\plant dataset\New Plant Diseases Dataset(Augmented)\New Plant Diseases Dataset(Augmented)\valid\Tomato___Target_Spot\9f506760-72e7-4f57-b3b1-d866d89fbc51___Com.G_TgS_FL 0047.JPG,Tomato___Target_Spot,Tomato___Bacterial_spot,0.534957766532898
C:\Users\siddh\Downloads\plant dataset\New Plant Diseases Dataset(Augmented)\New Plant Diseases Dataset(Augmented)\valid\Grape___Black_rot\b72adf6d-d629-41e8-a267-ded92da2edf7___FAM_B.Rot 0537_flipLR.JPG,Grape___Black_rot,Grape___Esca_(Black_Measles),0.5346589684486389
C:\Users\siddh\Downloads\plant dataset\New Plant Diseases Dataset(Augmented)\New Plant Diseases Dataset(Augmented)\valid\Strawberry___healthy\fea9a141-9561-4508-bd7d-49cd9412bd2f___RS_HL 1624.JPG,Strawberry___healthy,Raspberry___healthy,0.5346565246582031
C:\Users\siddh\Downloads\plant dataset\New Plant Diseases Dataset(Augmented)\New Plant Diseases Dataset(Augmented)\valid\Tomato___Leaf_Mold\22d04ec1-94b9-4716-a441-ae6c40232131___Crnl_L.Mold 8744.JPG,Tomato___Leaf_Mold,Tomato___Late_blight,0.5346272587776184
C:\Users\siddh\Downloads\plant dataset\New Plant Diseases Dataset(Augmented)\New Plant Diseases Dataset(Augmented)\valid\Soybean___healthy\bf978057-690f-493c-9d99-f53b42bc1b2c___RS_HL 5138.JPG,Soybean___healthy,Orange___Haunglongbing_(Citrus_greening),0.5343698859214783
C:\Users\siddh\Downloads\plant dataset\New Plant Diseases Dataset(Augmented)\New Plant Diseases Dataset(Augmented)\valid\Tomato___Early_blight\533debcd-c993-4c11-8515-9ec280cdc023___RS_Erly.B 7389_flipTB.JPG,Tomato___Early_blight,Tomato___Late_blight,0.5343059301376343
C:\Users\siddh\Downloads\plant dataset\New Plant Diseases Dataset(Augmented)\New Plant Diseases Dataset(Augmented)\valid\Tomato___Bacterial_spot\b1ad1aff-89ac-47fb-ba0b-d88f1517a63f___UF.GRC_BS_Lab Leaf 8824.JPG,Tomato___Bacterial_spot,Tomato___Septoria_leaf_spot,0.5340652465820312
C:\Users\siddh\Downloads\plant dataset\New Plant Diseases Dataset(Augmented)\New Plant Diseases Dataset(Augmented)\valid\Corn_(maize)___Cercospora_leaf_spot Gray_leaf_spot\99238e07-5714-429e-9e3b-cdaebef9ab85___RS_GLSp 3810 copy.jpg,Corn_(maize)___Cercospora_leaf_spot Gray_leaf_spot,Corn_(maize)___Northern_Leaf_Blight,0.5335680246353149
C:\Users\siddh\Downloads\plant dataset\New Plant Diseases Dataset(Augmented)\New Plant Diseases Dataset(Augmented)\valid\Apple___Apple_scab\99f409b1-0e19-43e6-bbc5-95c5368f86be___FREC_Scab 3051_270deg.JPG,Apple___Apple_scab,Raspberry___healthy,0.5331217050552368
C:\Users\siddh\Downloads\plant dataset\New Plant Diseases Dataset(Augmented)\New Plant Diseases Dataset(Augmented)\valid\Tomato___Early_blight\493f53cc-b8d5-4c71-9446-30f0365f1e4b___RS_Erly.B 7583.JPG,Tomato___Early_blight,Tomato___Bacterial_spot,0.5329961180686951
C:\Users\siddh\Downloads\plant dataset\New Plant Diseases Dataset(Augmented)\New Plant Diseases Dataset(Augmented)\valid\Tomato___Septoria_leaf_spot\9ee905ed-4e49-4256-8d6d-74fc6450ead1___Keller.St_CG 1794.JPG,Tomato___Septoria_leaf_spot,Tomato___Late_blight,0.5328792333602905
"C:\Users\siddh\Downloads\plant dataset\New Plant Diseases Dataset(Augmented)\New Plant Diseases Dataset(Augmented)\valid\Pepper,_bell___Bacterial_spot\b143a281-5395-4a2a-8308-f6b23a476505___JR_B.Spot 8854_180deg.JPG","Pepper,_bell___Bacterial_spot","Pepper,_bell___healthy",0.5328701138496399
"C:\Users\siddh\Downloads\plant dataset\New Plant Diseases Dataset(Augmented)\New Plant Diseases Dataset(Augmented)\valid\Pepper,_bell___healthy\fd4cbc98-dde3-45ce-b794-f6b037eed2b9___JR_HL 7606.JPG","Pepper,_bell___healthy",Soybean___healthy,0.5327948927879333
C:\Users\siddh\Downloads\plant dataset\New Plant Diseases Dataset(Augmented)\New Plant Diseases Dataset(Augmented)\valid\Tomato___Late_blight\052ec825-37a3-4467-a5ea-2e0601c29fbd___RS_Late.B 6786.JPG,Tomato___Late_blight,Potato___Late_blight,0.5327661037445068
C:\Users\siddh\Downloads\plant dataset\New Plant Diseases Dataset(Augmented)\New Plant Diseases Dataset(Augmented)\valid\Corn_(maize)___Common_rust_\RS_Rust 1877_flipLR.JPG,Corn_(maize)___Common_rust_,Corn_(maize)___Cercospora_leaf_spot Gray_leaf_spot,0.5327178835868835
C:\Users\siddh\Downloads\plant dataset\New Plant Diseases Dataset(Augmented)\New Plant Diseases Dataset(Augmented)\valid\Soybean___healthy\fed53c14-5711-4a13-ab91-42b28e8b78bb___RS_HL 5802.JPG,Soybean___healthy,"Pepper,_bell___healthy",0.5326794981956482
C:\Users\siddh\Downloads\plant dataset\New Plant Diseases Dataset(Augmented)\New Plant Diseases Dataset(Augmented)\valid\Tomato___Spider_mites Two-spotted_spider_mite\3b12d772-00c3-4cf9-9e2f-25f6aa027790___Com.G_SpM_FL 1244.JPG,Tomato___Spider_mites Two-spotted_spider_mite,Tomato___healthy,0.5326692461967468
C:\Users\siddh\Downloads\plant dataset\New Plant Diseases Dataset(Augmented)\New Plant Diseases Dataset(Augmented)\valid\Tomato___Leaf_Mold\39feab4e-7c7b-44de-b9bf-8baaebb6e499___Crnl_L.Mold 8709.JPG,Tomato___Leaf_Mold,Tomato___Late_blight,0.532480001449585
C:\Users\siddh\Downloads\plant dataset\New Plant Diseases Dataset(Augmented)\New Plant Diseases Dataset(Augmented)\valid\Soybean___healthy\cdb716e4-fc80-4c1f-a4f2-04e917ebf85b___RS_HL 7213.JPG,Soybean___healthy,"Pepper,_bell___healthy",0.5323448777198792
C:\Users\siddh\Downloads\plant dataset\New Plant Diseases Dataset(Augmented)\New Plant Diseases Dataset(Augmented)\valid\Tomato___Leaf_Mold\1837d2d4-ec4b-445c-89f7-a974061a433a___Crnl_L.Mold 6975_flipTB.JPG,Tomato___Leaf_Mold,Tomato___Tomato_mosaic_virus,0.5322465300559998
C:\Users\siddh\Downloads\plant dataset\New Plant Diseases Dataset(Augmented)\New Plant Diseases Dataset(Augmented)\valid\Corn_(maize)___Cercospora_leaf_spot Gray_leaf_spot\74967cb3-e984-43f3-9bd3-74ba302b1db7___RS_GLSp 4555_new30degFlipLR.JPG,Corn_(maize)___Cercospora_leaf_spot Gray_leaf_spot,Apple___Cedar_apple_rust,0.5320831537246704
C:\Users\siddh\Downloads\plant dataset\New Plant Diseases Dataset(Augmented)\New Plant Diseases Dataset(Augmented)\valid\Tomato___Bacterial_spot\086dd5ed-279a-458b-aa4a-1484305ac21c___UF.GRC_BS_Lab Leaf 8835.JPG,Tomato___Bacterial_spot,Tomato___Septoria_leaf_spot,0.5318818688392639
C:\Users\siddh\Downloads\plant dataset\New Plant Diseases Dataset(Augmented)\New Plant Diseases Dataset(Augmented)\valid\Tomato___Leaf_Mold\d909406f-7eb4-4498-a31f-0a1b3535cb35___Crnl_L.Mold 8797_180deg.JPG,Tomato___Leaf_Mold,Tomato___Late_blight,0.5313337445259094
C:\Users\siddh\Downloads\plant dataset\New Plant Diseases Dataset(Augmented)\New Plant Diseases Dataset(Augmented)\valid\Tomato___Leaf_Mold\706355a7-3ca5-4a79-b946-6fecf0b17277___Crnl_L.Mold 8990_flipTB.JPG,Tomato___Leaf_Mold,Tomato___Late_blight,0.5313195586204529
C:\Users\siddh\Downloads\plant dataset\New Plant Diseases Dataset(Augmented)\New Plant Diseases Dataset(Augmented)\valid\Cherry_(including_sour)___healthy\50e00976-7b86-4fe4-b413-dc7f6d82694f___JR_HL 3953_flipTB.JPG,Cherry_(including_sour)___healthy,"Pepper,_bell___healthy",0.5310544371604919
C:\Users\siddh\Downloads\plant dataset\New Plant Diseases Dataset(Augmented)\New Plant Diseases Dataset(Augmented)\valid\Tomato___Tomato_mosaic_virus\a374c412-e665-4f38-9e73-49a70fb18b1c___PSU_CG 2378_180deg.JPG,Tomato___Tomato_mosaic_virus,Tomato___Spider_mites Two-spotted_spider_mite,0.530998945236206
C:\Users\siddh\Downloads\plant dataset\New Plant Diseases Dataset(Augmented)\New Plant Diseases Dataset(Augmented)\valid\Tomato___Leaf_Mold\a1ac9a02-2ef0-4208-bc66-0e5be1b3d876___Crnl_L.Mold 8774_180deg.JPG,Tomato___Leaf_Mold,Tomato___Late_blight,0.530614972114563
C:\Users\siddh\Downloads\plant dataset\New Plant Diseases Dataset(Augmented)\New Plant Diseases Dataset(Augmented)\valid\Tomato___Leaf_Mold\a2923cd0-fc9c-471e-a97c-b92701c17af2___Crnl_L.Mold 6682_flipTB.JPG,Tomato___Leaf_Mold,Tomato___Tomato_mosaic_virus,0.5301514267921448
C:\Users\siddh\Downloads\plant dataset\New Plant Diseases Dataset(Augmented)\New Plant Diseases Dataset(Augmented)\valid\Strawberry___Leaf_scorch\50ef3cab-ca8a-4c59-854f-8b84e68f6da2___RS_L.Scorch 9909.JPG,Strawberry___Leaf_scorch,Tomato___Early_blight,0.5300538539886475
C:\Users\siddh\Downloads\plant dataset\New Plant Diseases Dataset(Augmented)\New Plant Diseases Dataset(Augmented)\valid\Tomato___Leaf_Mold\d131dbb4-2255-496a-8e01-fb68f2e6db44___Crnl_L.Mold 6553.JPG,Tomato___Leaf_Mold,"Pepper,_bell___Bacterial_spot",0.5300534963607788
C:\Users\siddh\Downloads\plant dataset\New Plant Diseases Dataset(Augmented)\New Plant Diseases Dataset(Augmented)\valid\Potato___Late_blight\df6898c4-f3a1-4ff2-8f44-3bc45a8d4ec5___RS_LB 3316_flipTB.JPG,Potato___Late_blight,Potato___healthy,0.5300070643424988
C:\Users\siddh\Downloads\plant dataset\New Plant Diseases Dataset(Augmented)\New Plant Diseases Dataset(Augmented)\valid\Tomato___Leaf_Mold\44400a5b-bbc1-4298-bf1a-d104eea5cda8___Crnl_L.Mold 6718.JPG,Tomato___Leaf_Mold,Tomato___Spider_mites Two-spotted_spider_mite,0.5291916728019714
C:\Users\siddh\Downloads\plant dataset\New Plant Diseases Dataset(Augmented)\New Plant Diseases Dataset(Augmented)\valid\Raspberry___healthy\fe5ab322-74b0-46c4-a11a-384c6ce0040c___Mary_HL 9355_270deg.JPG,Raspberry___healthy,Strawberry___healthy,0.5287627577781677
C:\Users\siddh\Downloads\plant dataset\New Plant Diseases Dataset(Augmented)\New Plant Diseases Dataset(Augmented)\valid\Apple___Black_rot\fcf3bce8-b685-4483-bac4-a2d0d14d6eeb___JR_FrgE.S 8810.JPG,Apple___Black_rot,Cherry_(including_sour)___healthy,0.5286423563957214
C:\Users\siddh\Downloads\plant dataset\New Plant Diseases Dataset(Augmented)\New Plant Diseases Dataset(Augmented)\valid\Grape___healthy\5385fa4e-cf2a-431e-8f30-459d7e05bd7a___Mt.N.V_HL 9005.JPG,Grape___healthy,Soybean___healthy,0.5273606777191162
C:\Users\siddh\Downloads\plant dataset\New Plant Diseases Dataset(Augmented)\New Plant Diseases Dataset(Augmented)\valid\Tomato___Target_Spot\5c100cff-1203-48a8-9acc-927b18a2e168___Com.G_TgS_FL 0799_new30degFlipLR.JPG,Tomato___Target_Spot,Apple___Apple_scab,0.5272512435913086
C:\Users\siddh\Downloads\plant dataset\New Plant Diseases Dataset(Augmented)\New Plant Diseases Dataset(Augmented)\valid\Potato___healthy\5a3fc4bb-a78c-4276-8934-f0b037ffb860___RS_HL 5412_new90degFlipLR.JPG,Potato___healthy,Potato___Late_blight,0.5270129442214966
C:\Users\siddh\Downloads\plant dataset\New Plant Diseases Dataset(Augmented)\New Plant Diseases Dataset(Augmented)\valid\Corn_(maize)___Northern_Leaf_Blight\acfc653f-44e2-41f6-85cd-3595a6fd7455___RS_NLB 3840_flipTB.JPG,Corn_(maize)___Northern_Leaf_Blight,Corn_(maize)___Cercospora_leaf_spot Gray_leaf_spot,0.526921272277832
C:\Users\siddh\Downloads\plant dataset\New Plant Diseases Dataset(Augmented)\New Plant Diseases Dataset(Augmented)\valid\Tomato___Leaf_Mold\cbcf61e4-9a69-4483-9252-ae649102fb63___Crnl_L.Mold 6858_flipTB.JPG,Tomato___Leaf_Mold,"Pepper,_bell___Bacterial_spot",0.5258370041847229
C:\Users\siddh\Downloads\plant dataset\New Plant Diseases Dataset(Augmented)\New Plant Diseases Dataset(Augmented)\valid\Apple___Apple_scab\7e4bbd7a-b494-426f-9f08-755ce4a399e7___FREC_Scab 3331_270deg.JPG,Apple___Apple_scab,Apple___Cedar_apple_rust,0.5250887870788574
C:\Users\siddh\Downloads\plant dataset\New Plant Diseases Dataset(Augmented)\New Plant Diseases Dataset(Augmented)\valid\Apple___Black_rot\727f3a92-f43b-4388-84ff-3865ee745b42___JR_FrgE.S 3000_new30degFlipLR.JPG,Apple___Black_rot,Apple___Apple_scab,0.5240311026573181
C:\Users\siddh\Downloads\plant dataset\New Plant Diseases Dataset(Augmented)\New Plant Diseases Dataset(Augmented)\valid\Tomato___Early_blight\73cf82cf-a099-4243-a7a6-b06c79eedb65___RS_Erly.B 7412_180deg.JPG,Tomato___Early_blight,Tomato___Late_blight,0.524013340473175
C:\Users\siddh\Downloads\plant dataset\New Plant Diseases Dataset(Augmented)\New Plant Diseases Dataset(Augmented)\valid\Tomato___Leaf_Mold\7115a5d7-3157-4183-bda2-8d0b43f50276___Crnl_L.Mold 8898_flipTB.JPG,Tomato___Leaf_Mold,Tomato___Late_blight,0.5239951610565186
C:\Users\siddh\Downloads\plant dataset\New Plant Diseases Dataset(Augmented)\New Plant Diseases Dataset(Augmented)\valid\Tomato___Early_blight\fbb79594-419e-4bb7-9afa-6b9c0ba89033___RS_Erly.B 7644_flipTB.JPG,Tomato___Early_blight,Tomato___Late_blight,0.523994505405426
C:\Users\siddh\Downloads\plant dataset\New Plant Diseases Dataset(Augmented)\New Plant Diseases Dataset(Augmented)\valid\Corn_(maize)___Cercospora_leaf_spot Gray_leaf_spot\0140764c-6157-4995-9ada-9c10b81af3b8___RS_GLSp 4378.JPG,Corn_(maize)___Cercospora_leaf_spot Gray_leaf_spot,Corn_(maize)___Northern_Leaf_Blight,0.5237551331520081
C:\Users\siddh\Downloads\plant dataset\New Plant Diseases Dataset(Augmented)\New Plant Diseases Dataset(Augmented)\valid\Peach___Bacterial_spot\2e53ece1-fd49-45cc-9d03-d9e086e49264___Rut._Bact.S 3377.JPG,Peach___Bacterial_spot,Apple___Black_rot,0.5229128003120422
C:\Users\siddh\Downloads\plant dataset\New Plant Diseases Dataset(Augmented)\New Plant Diseases Dataset(Augmented)\valid\Tomato___Early_blight\e31c2f10-8b8d-4aec-9bc7-764d2995ebec___RS_Erly.B 7398.JPG,Tomato___Early_blight,Tomato___Bacterial_spot,0.5220799446105957
C:\Users\siddh\Downloads\plant dataset\New Plant Diseases Dataset(Augmented)\New Plant Diseases Dataset(Augmented)\valid\Potato___Late_blight\dae7db93-d197-4616-a16b-5dcc59058bc2___RS_LB 3178_flipTB.JPG,Potato___Late_blight,Potato___healthy,0.5217936038970947
C:\Users\siddh\Downloads\plant dataset\New Plant Diseases Dataset(Augmented)\New Plant Diseases Dataset(Augmented)\valid\Tomato___Early_blight\cf3cffb2-f822-402d-90b9-d1df870c13f3___RS_Erly.B 7741.JPG,Tomato___Early_blight,Apple___Apple_scab,0.5208548307418823
C:\Users\siddh\Downloads\plant dataset\New Plant Diseases Dataset(Augmented)\New Plant Diseases Dataset(Augmented)\valid\Tomato___Septoria_leaf_spot\3dd32fea-62e8-4ae9-b307-5513e845b519___JR_Sept.L.S 2663_180deg.JPG,Tomato___Septoria_leaf_spot,Tomato___Tomato_mosaic_virus,0.5204613208770752
C:\Users\siddh\Downloads\plant dataset\New Plant Diseases Dataset(Augmented)\New Plant Diseases Dataset(Augmented)\valid\Tomato___Late_blight\e03114a0-8053-460a-b653-eef873b1c531___RS_Late.B 5532.JPG,Tomato___Late_blight,Potato___Late_blight,0.5203977823257446
C:\Users\siddh\Downloads\plant dataset\New Plant Diseases Dataset(Augmented)\New Plant Diseases Dataset(Augmented)\valid\Soybean___healthy\bd8d78a5-1c5e-4fc9-ab3e-b281ab21138d___RS_HL 7404.JPG,Soybean___healthy,Tomato___healthy,0.5203615427017212
C:\Users\siddh\Downloads\plant dataset\New Plant Diseases Dataset(Augmented)\New Plant Diseases Dataset(Augmented)\valid\Soybean___healthy\dd79dc06-ad9c-4967-817d-a5e732159429___RS_HL 7181.JPG,Soybean___healthy,"Pepper,_bell___healthy",0.5193186402320862
C:\Users\siddh\Downloads\plant dataset\New Plant Diseases Dataset(Augmented)\New Plant Diseases Dataset(Augmented)\valid\Tomato___Leaf_Mold\12319ec3-c990-4c68-8683-244f1f220c09___Crnl_L.Mold 9146.JPG,Tomato___Leaf_Mold,Tomato___Bacterial_spot,0.5192253589630127
C:\Users\siddh\Downloads\plant dataset\New Plant Diseases Dataset(Augmented)\New Plant Diseases Dataset(Augmented)\valid\Tomato___healthy\0d615a38-cfa4-45e4-b1b4-9977220e19ca___RS_HL 9815_new30degFlipLR.JPG,Tomato___healthy,Tomato___Target_Spot,0.5191391110420227
C:\Users\siddh\Downloads\plant dataset\New Plant Diseases Dataset(Augmented)\New Plant Diseases Dataset(Augmented)\valid\Peach___healthy\b35019c6-ba6a-4d0b-a80f-fa07f9118db6___Rutg._HL 3660.JPG,Peach___healthy,Apple___healthy,0.5187348127365112
C:\Users\siddh\Downloads\plant dataset\New Plant Diseases Dataset(Augmented)\New Plant Diseases Dataset(Augmented)\valid\Tomato___Early_blight\d3fd3d9c-60ba-432c-a4a7-049f014ecace___RS_Erly.B 7696_flipTB.JPG,Tomato___Early_blight,Tomato___Late_blight,0.5184550285339355
C:\Users\siddh\Downloads\plant dataset\New Plant Diseases Dataset(Augmented)\New Plant Diseases Dataset(Augmented)\valid\Squash___Powdery_mildew\755bd154-869b-4763-a209-4ed9bab24d6f___MD_Powd.M 0315.JPG,Squash___Powdery_mildew,Tomato___Septoria_leaf_spot,0.5183696150779724
C:\Users\siddh\Downloads\plant dataset\New Plant Diseases Dataset(Augmented)\New Plant Diseases Dataset(Augmented)\valid\Tomato___Leaf_Mold\aebbbb7e-2fd6-4f36-8c81-9c3f83389c5d___Crnl_L.Mold 6802.JPG,Tomato___Leaf_Mold,Tomato___Tomato_mosaic_virus,0.5182923674583435
C:\Users\siddh\Downloads\plant dataset\New Plant Diseases Dataset(Augmented)\New Plant Diseases Dataset(Augmented)\valid\Orange___Haunglongbing_(Citrus_greening)\deaab576-5806-41f6-a7f5-3bf46df44cd5___UF.Citrus_HLB_Lab 0444.JPG,Orange___Haunglongbing_(Citrus_greening),Tomato___Late_blight,0.5181252360343933
C:\Users\siddh\Downloads\plant dataset\New Plant Diseases Dataset(Augmented)\New Plant Diseases Dataset(Augmented)\valid\Tomato___Septoria_leaf_spot\347c2ba2-84c7-4e59-9bee-cfbf532f9c27___Matt.S_CG 6699.JPG,Tomato___Septoria_leaf_spot,Tomato___Target_Spot,0.5176527500152588
C:\Users\siddh\Downloads\plant dataset\New Plant Diseases Dataset(Augmented)\New Plant Diseases Dataset(Augmented)\valid\Tomato___Early_blight\2179421c-3ce3-4581-8b65-17da6fffd3db___RS_Erly.B 7730_flipTB.JPG,Tomato___Early_blight,Tomato___Tomato_mosaic_virus,0.5173972845077515
C:\Users\siddh\Downloads\plant dataset\New Plant Diseases Dataset(Augmented)\New Plant Diseases Dataset(Augmented)\valid\Tomato___Tomato_Yellow_Leaf_Curl_Virus\bf09ead6-7015-4942-bbf7-e509193885ab___YLCV_NREC 2830.JPG,Tomato___Tomato_Yellow_Leaf_Curl_Virus,Tomato___Spider_mites Two-spotted_spider_mite,0.5171926617622375
C:\Users\siddh\Downloads\plant dataset\New Plant Diseases Dataset(Augmented)\New Plant Diseases Dataset(Augmented)\valid\Potato___Late_blight\d7fdf2fa-8a55-4ff5-86a2-ca73c5883e93___RS_LB 4665_flipTB.JPG,Potato___Late_blight,Tomato___Late_blight,0.5171104669570923
C:\Users\siddh\Downloads\plant dataset\New Plant Diseases Dataset(Augmented)\New Plant Diseases Dataset(Augmented)\valid\Tomato___Septoria_leaf_spot\1e427d73-cd81-4476-9427-4854a10ea894___JR_Sept.L.S 2689_flipTB.JPG,Tomato___Septoria_leaf_spot,Tomato___Tomato_mosaic_virus,0.5170918703079224
C:\Users\siddh\Downloads\plant dataset\New Plant Diseases Dataset(Augmented)\New Plant Diseases Dataset(Augmented)\valid\Apple___Apple_scab\cff69c82-7901-400a-b45c-6343624edfc3___FREC_Scab 3192_new30degFlipLR.JPG,Apple___Apple_scab,Potato___healthy,0.5170013904571533
C:\Users\siddh\Downloads\plant dataset\New Plant Diseases Dataset(Augmented)\New Plant Diseases Dataset(Augmented)\valid\Tomato___Tomato_Yellow_Leaf_Curl_Virus\c112cd25-8d05-4bd9-a58e-8c5aaa6bc385___YLCV_NREC 2659.JPG,Tomato___Tomato_Yellow_Leaf_Curl_Virus,Tomato___Spider_mites Two-spotted_spider_mite,0.5158472061157227
C:\Users\siddh\Downloads\plant dataset\New Plant Diseases Dataset(Augmented)\New Plant Diseases Dataset(Augmented)\valid\Tomato___Early_blight\c87a666a-07bb-44cc-952a-33d69f075e14___RS_Erly.B 7631_flipTB.JPG,Tomato___Early_blight,Tomato___Late_blight,0.5148468613624573
C:\Users\siddh\Downloads\plant dataset\New Plant Diseases Dataset(Augmented)\New Plant Diseases Dataset(Augmented)\valid\Grape___Leaf_blight_(Isariopsis_Leaf_Spot)\6c5bb128-6365-4974-af03-8eda9957b0e3___FAM_L.Blight 3736_flipLR.JPG,Grape___Leaf_blight_(Isariopsis_Leaf_Spot),Tomato___Septoria_leaf_spot,0.5143856406211853
C:\Users\siddh\Downloads\plant dataset\New Plant Diseases Dataset(Augmented)\New Plant Diseases Dataset(Augmented)\valid\Tomato___Early_blight\25430871-a740-4dd8-a836-bf2d52eb233b___RS_Erly.B 6420_flipTB.JPG,Tomato___Early_blight,Tomato___Late_blight,0.5139383673667908
C:\Users\siddh\Downloads\plant dataset\New Plant Diseases Dataset(Augmented)\New Plant Diseases Dataset(Augmented)\valid\Tomato___Target_Spot\ef38c38e-afcd-44f4-9f48-d69d05eec0cd___Com.G_TgS_FL 9833.JPG,Tomato___Target_Spot,Tomato___Bacterial_spot,0.5136793255805969
C:\Users\siddh\Downloads\plant dataset\New Plant Diseases Dataset(Augmented)\New Plant Diseases Dataset(Augmented)\valid\Tomato___healthy\07776423-f0af-455c-a7c1-36215c7e7097___RS_HL 0321.JPG,Tomato___healthy,Tomato___Target_Spot,0.5133088231086731
C:\Users\siddh\Downloads\plant dataset\New Plant Diseases Dataset(Augmented)\New Plant Diseases Dataset(Augmented)\valid\Peach___Bacterial_spot\15122784-2796-422e-b505-52956c1b14cc___Rutg._Bact.S 1365.JPG,Peach___Bacterial_spot,Tomato___Late_blight,0.5131880044937134
C:\Users\siddh\Downloads\plant dataset\New Plant Diseases Dataset(Augmented)\New Plant Diseases Dataset(Augmented)\valid\Cherry_(including_sour)___Powdery_mildew\6d700706-12f6-40a3-b293-699aabce7ba0___FREC_Pwd.M 0288.JPG,Cherry_(including_sour)___Powdery_mildew,"Pepper,_bell___healthy",0.5129945874214172
C:\Users\siddh\Downloads\plant dataset\New Plant Diseases Dataset(Augmented)\New Plant Diseases Dataset(Augmented)\valid\Tomato___Spider_mites Two-spotted_spider_mite\5bad9c7d-db56-488a-9f62-6fe285b511a3___Com.G_SpM_FL 1439_180deg.JPG,Tomato___Spider_mites Two-spotted_spider_mite,Tomato___Tomato_mosaic_virus,0.5125470757484436
C:\Users\siddh\Downloads\plant dataset\New Plant Diseases Dataset(Augmented)\New Plant Diseases Dataset(Augmented)\valid\Peach___Bacterial_spot\c664a6bf-dbd7-4394-9a29-170eaa27c3a2___Rut._Bact.S 0762.JPG,Peach___Bacterial_spot,Peach___healthy,0.5122696757316589
C:\Users\siddh\Downloads\plant dataset\New Plant Diseases Dataset(Augmented)\New Plant Diseases Dataset(Augmented)\valid\Strawberry___Leaf_scorch\eccc2000-fb04-4c85-8a90-11498d11addd___RS_L.Scorch 9945.JPG,Strawberry___Leaf_scorch,Grape___Esca_(Black_Measles),0.5115834474563599
"C:\Users\siddh\Downloads\plant dataset\New Plant Diseases Dataset(Augmented)\New Plant Diseases Dataset(Augmented)\valid\Pepper,_bell___Bacterial_spot\ead27319-4073-490e-80a0-08e916bbc1f2___JR_B.Spot 9084_180deg.JPG","Pepper,_bell___Bacterial_spot","Pepper,_bell___healthy",0.5113183856010437
C:\Users\siddh\Downloads\plant dataset\New Plant Diseases Dataset(Augmented)\New Plant Diseases Dataset(Augmented)\valid\Potato___Late_blight\2482a11a-46b1-4e06-9b5c-4af0089b3259___RS_LB 4087.JPG,Potato___Late_blight,Orange___Haunglongbing_(Citrus_greening),0.5103191137313843
C:\Users\siddh\Downloads\plant dataset\New Plant Diseases Dataset(Augmented)\New Plant Diseases Dataset(Augmented)\valid\Potato___Early_blight\f2a56e13-438e-4bef-a3ea-beb9f347d481___RS_Early.B 6691_flipTB.JPG,Potato___Early_blight,"Pepper,_bell___Bacterial_spot",0.5100858807563782
C:\Users\siddh\Downloads\plant dataset\New Plant Diseases Dataset(Augmented)\New Plant Diseases Dataset(Augmented)\valid\Tomato___Early_blight\872ec950-8238-4f73-a366-f72f2f92d3fe___RS_Erly.B 7487_180deg.JPG,Tomato___Early_blight,Tomato___Late_blight,0.5096428394317627
C:\Users\siddh\Downloads\plant dataset\New Plant Diseases Dataset(Augmented)\New Plant Diseases Dataset(Augmented)\valid\Peach___Bacterial_spot\43afc91f-1552-4ee4-b3d9-4e97ab21fa7c___Rut._Bact.S 3452.JPG,Peach___Bacterial_spot,"Pepper,_bell___Bacterial_spot",0.5093621015548706
C:\Users\siddh\Downloads\plant dataset\New Plant Diseases Dataset(Augmented)\New Plant Diseases Dataset(Augmented)\valid\Potato___Early_blight\5720f8b8-4fd7-451f-af18-a48730691c2d___RS_Early.B 7155.JPG,Potato___Early_blight,Tomato___Septoria_leaf_spot,0.5092568397521973
C:\Users\siddh\Downloads\plant dataset\New Plant Diseases Dataset(Augmented)\New Plant Diseases Dataset(Augmented)\valid\Tomato___Target_Spot\359af7c8-68a5-45d6-9804-387b62a92570___Com.G_TgS_FL 9955.JPG,Tomato___Target_Spot,Tomato___healthy,0.5086163282394409
C:\Users\siddh\Downloads\plant dataset\New Plant Diseases Dataset(Augmented)\New Plant Diseases Dataset(Augmented)\valid\Tomato___Early_blight\80c0ed57-74c8-4e02-9cd4-5c29ae099594___RS_Erly.B 6447_180deg.JPG,Tomato___Early_blight,Tomato___Leaf_Mold,0.5082145929336548
C:\Users\siddh\Downloads\plant dataset\New Plant Diseases Dataset(Augmented)\New Plant Diseases Dataset(Augmented)\valid\Potato___Late_blight\89c3b470-f3e6-4a8c-90a0-edfc0ef73085___RS_LB 4543.JPG,Potato___Late_blight,Tomato___Late_blight,0.5080000162124634
C:\Users\siddh\Downloads\plant dataset\New Plant Diseases Dataset(Augmented)\New Plant Diseases Dataset(Augmented)\valid\Squash___Powdery_mildew\d6ed345c-6ae8-45c4-b26c-69410c6a00d0___MD_Powd.M 0169.JPG,Squash___Powdery_mildew,Apple___Cedar_apple_rust,0.5078701376914978
C:\Users\siddh\Downloads\plant dataset\New Plant Diseases Dataset(Augmented)\New Plant Diseases Dataset(Augmented)\valid\Grape___Leaf_blight_(Isariopsis_Leaf_Spot)\6ef1c3be-ce3e-416a-ba51-d7b6b53d3faf___FAM_L.Blight 4969.JPG,Grape___Leaf_blight_(Isariopsis_Leaf_Spot),Tomato___Late_blight,0.5072764158248901
C:\Users\siddh\Downloads\plant dataset\New Plant Diseases Dataset(Augmented)\New Plant Diseases Dataset(Augmented)\valid\Corn_(maize)___Cercospora_leaf_spot Gray_leaf_spot\a01652a2-273e-4b0c-bc0a-c25f0245cfa9___RS_GLSp 4384.JPG,Corn_(maize)___Cercospora_leaf_spot Gray_leaf_spot,Corn_(maize)___Northern_Leaf_Blight,0.5070561170578003
C:\Users\siddh\Downloads\plant dataset\New Plant Diseases Dataset(Augmented)\New Plant Diseases Dataset(Augmented)\valid\Tomato___Early_blight\d529889a-662a-4321-9bd8-888244d50af8___RS_Erly.B 8381_180deg.JPG,Tomato___Early_blight,"Pepper,_bell___Bacterial_spot",0.506879448890686
C:\Users\siddh\Downloads\plant dataset\New Plant Diseases Dataset(Augmented)\New Plant Diseases Dataset(Augmented)\valid\Potato___Late_blight\1c6ec55e-182e-4b7c-b416-07029edfc970___RS_LB 3950.JPG,Potato___Late_blight,Tomato___Late_blight,0.5067216753959656
C:\Users\siddh\Downloads\plant dataset\New Plant Diseases Dataset(Augmented)\New Plant Diseases Dataset(Augmented)\valid\Grape___Black_rot\7fe9221e-8ba8-4cb3-98a4-6e786a67ec93___FAM_B.Rot 0406.JPG,Grape___Black_rot,Grape___Esca_(Black_Measles),0.5066849589347839
C:\Users\siddh\Downloads\plant dataset\New Plant Diseases Dataset(Augmented)\New Plant Diseases Dataset(Augmented)\valid\Grape___Esca_(Black_Measles)\ab8a8cb6-8fd5-4bb4-934a-a37dabacd13b___FAM_B.Msls 1877_flipLR.JPG,Grape___Esca_(Black_Measles),Grape___Black_rot,0.5064099431037903
C:\Users\siddh\Downloads\plant dataset\New Plant Diseases Dataset(Augmented)\New Plant Diseases Dataset(Augmented)\valid\Tomato___Leaf_Mold\82fc0697-cf02-48f0-8a16-23018cee64db___Crnl_L.Mold 6584_180deg.JPG,Tomato___Leaf_Mold,Tomato___Spider_mites Two-spotted_spider_mite,0.5063562393188477
C:\Users\siddh\Downloads\plant dataset\New Plant Diseases Dataset(Augmented)\New Plant Diseases Dataset(Augmented)\valid\Squash___Powdery_mildew\b5ef63c4-5beb-4315-aa8f-e70ea0e631c4___UMD_Powd.M 0720.JPG,Squash___Powdery_mildew,Apple___Apple_scab,0.5061541795730591
"C:\Users\siddh\Downloads\plant dataset\New Plant Diseases Dataset(Augmented)\New Plant Diseases Dataset(Augmented)\valid\Pepper,_bell___healthy\6e10aa60-1874-41a2-99c6-72359d113d77___JR_HL 8740_flipTB.JPG","Pepper,_bell___healthy",Cherry_(including_sour)___healthy,0.5058298110961914
C:\Users\siddh\Downloads\plant dataset\New Plant Diseases Dataset(Augmented)\New Plant Diseases Dataset(Augmented)\valid\Tomato___Leaf_Mold\d51c5c7e-feb1-46b2-b5c9-05b9b742bf16___Crnl_L.Mold 6505.JPG,Tomato___Leaf_Mold,Tomato___Tomato_mosaic_virus,0.5054857730865479
C:\Users\siddh\Downloads\plant dataset\New Plant Diseases Dataset(Augmented)\New Plant Diseases Dataset(Augmented)\valid\Tomato___Early_blight\243a77c6-b401-43c4-9230-68b4b11f3b83___RS_Erly.B 7754_180deg.JPG,Tomato___Early_blight,Tomato___Septoria_leaf_spot,0.5052853226661682
C:\Users\siddh\Downloads\plant dataset\New Plant Diseases Dataset(Augmented)\New Plant Diseases Dataset(Augmented)\valid\Grape___Black_rot\9bdf0f8d-0a5a-4283-bf78-17d7462349f8___FAM_B.Rot 0645_flipLR.JPG,Grape___Black_rot,Grape___Esca_(Black_Measles),0.5049334764480591
C:\Users\siddh\Downloads\plant dataset\New Plant Diseases Dataset(Augmented)\New Plant Diseases Dataset(Augmented)\valid\Tomato___Target_Spot\fddfa96b-42a0-43f1-bbee-eac32d7caff7___Com.G_TgS_FL 9820.JPG,Tomato___Target_Spot,Tomato___Spider_mites Two-spotted_spider_mite,0.5036183595657349
C:\Users\siddh\Downloads\plant dataset\New Plant Diseases Dataset(Augmented)\New Plant Diseases Dataset(Augmented)\valid\Grape___Black_rot\9aad4625-a52d-4a3d-839f-aedd88c2f300___FAM_B.Rot 0521.JPG,Grape___Black_rot,Grape___Esca_(Black_Measles),0.5034180879592896
C:\Users\siddh\Downloads\plant dataset\New Plant Diseases Dataset(Augmented)\New Plant Diseases Dataset(Augmented)\valid\Tomato___Tomato_Yellow_Leaf_Curl_Virus\d86ec732-45d8-46e0-9098-8f8af33da404___YLCV_NREC 2512.JPG,Tomato___Tomato_Yellow_Leaf_Curl_Virus,Tomato___Spider_mites Two-spotted_spider_mite,0.5026811361312866
C:\Users\siddh\Downloads\plant dataset\New Plant Diseases Dataset(Augmented)\New Plant Diseases Dataset(Augmented)\valid\Cherry_(including_sour)___Powdery_mildew\c86a51cc-d1a2-4fb2-b6b5-2866331631e9___FREC_Pwd.M 5089_flipLR.JPG,Cherry_(including_sour)___Powdery_mildew,"Pepper,_bell___Bacterial_spot",0.5025808811187744
C:\Users\siddh\Downloads\plant dataset\New Plant Diseases Dataset(Augmented)\New Plant Diseases Dataset(Augmented)\valid\Potato___healthy\ec6e43d3-512d-4908-99f2-c9e2a0be54be___RS_HL 4202_new200degFlipTB.JPG,Potato___healthy,Apple___Apple_scab,0.5025156140327454
C:\Users\siddh\Downloads\plant dataset\New Plant Diseases Dataset(Augmented)\New Plant Diseases Dataset(Augmented)\valid\Tomato___Target_Spot\38c3b873-fdb0-47b8-a56c-3580143b3acf___Com.G_TgS_FL 9818.JPG,Tomato___Target_Spot,Tomato___Spider_mites Two-spotted_spider_mite,0.5023695230484009
C:\Users\siddh\Downloads\plant dataset\New Plant Diseases Dataset(Augmented)\New Plant Diseases Dataset(Augmented)\valid\Corn_(maize)___healthy\c0c11e94-597e-4a17-94f2-8cb6e06ddb7d___R.S_HL 8086 copy_flipLR.jpg,Corn_(maize)___healthy,Corn_(maize)___Cercospora_leaf_spot Gray_leaf_spot,0.5023465156555176
C:\Users\siddh\Downloads\plant dataset\New Plant Diseases Dataset(Augmented)\New Plant Diseases Dataset(Augmented)\valid\Potato___Late_blight\acd7a42b-15eb-40e4-823c-49eff6b4e95e___RS_LB 4636_flipTB.JPG,Potato___Late_blight,Tomato___Late_blight,0.5021461844444275
C:\Users\siddh\Downloads\plant dataset\New Plant Diseases Dataset(Augmented)\New Plant Diseases Dataset(Augmented)\valid\Tomato___Early_blight\d354267e-4855-4197-a18a-668d706db705___RS_Erly.B 7405.JPG,Tomato___Early_blight,Tomato___Spider_mites Two-spotted_spider_mite,0.501927375793457
C:\Users\siddh\Downloads\plant dataset\New Plant Diseases Dataset(Augmented)\New Plant Diseases Dataset(Augmented)\valid\Tomato___Early_blight\345b59b4-87fd-43a2-9783-fed3e492c4d7___RS_Erly.B 7402.JPG,Tomato___Early_blight,Tomato___Spider_mites Two-spotted_spider_mite,0.5012189149856567
C:\Users\siddh\Downloads\plant dataset\New Plant Diseases Dataset(Augmented)\New Plant Diseases Dataset(Augmented)\valid\Corn_(maize)___Cercospora_leaf_spot Gray_leaf_spot\ef0479e0-c62b-4a8f-a5c6-1957d0a77c8f___RS_GLSp 4396_90deg.JPG,Corn_(maize)___Cercospora_leaf_spot Gray_leaf_spot,Corn_(maize)___Northern_Leaf_Blight,0.5009580850601196
C:\Users\siddh\Downloads\plant dataset\New Plant Diseases Dataset(Augmented)\New Plant Diseases Dataset(Augmented)\valid\Tomato___Tomato_Yellow_Leaf_Curl_Virus\77139872-d443-4ef0-966c-1e117e1d9df7___YLCV_GCREC 5523.JPG,Tomato___Tomato_Yellow_Leaf_Curl_Virus,Tomato___Late_blight,0.5008009076118469
"C:\Users\siddh\Downloads\plant dataset\New Plant Diseases Dataset(Augmented)\New Plant Diseases Dataset(Augmented)\valid\Pepper,_bell___healthy\05f73b75-e898-4752-9c9b-ae745994eb01___JR_HL 8801.JPG","Pepper,_bell___healthy",Tomato___Septoria_leaf_spot,0.5003358125686646
C:\Users\siddh\Downloads\plant dataset\New Plant Diseases Dataset(Augmented)\New Plant Diseases Dataset(Augmented)\valid\Grape___Leaf_blight_(Isariopsis_Leaf_Spot)\0cd3c290-1fe0-47e1-a2a4-ad8566fb7147___FAM_L.Blight 1714_flipLR.JPG,Grape___Leaf_blight_(Isariopsis_Leaf_Spot),Tomato___Septoria_leaf_spot,0.500182032585144
C:\Users\siddh\Downloads\plant dataset\New Plant Diseases Dataset(Augmented)\New Plant Diseases Dataset(Augmented)\valid\Tomato___Early_blight\e221d1fa-e003-44eb-a0b0-57e8fcd73fd3___RS_Erly.B 7571_180deg.JPG,Tomato___Early_blight,Tomato___Late_blight,0.4999973177909851
C:\Users\siddh\Downloads\plant dataset\New Plant Diseases Dataset(Augmented)\New Plant Diseases Dataset(Augmented)\valid\Tomato___Leaf_Mold\706355a7-3ca5-4a79-b946-6fecf0b17277___Crnl_L.Mold 8990_180deg.JPG,Tomato___Leaf_Mold,Tomato___Late_blight,0.499448299407959
C:\Users\siddh\Downloads\plant dataset\New Plant Diseases Dataset(Augmented)\New Plant Diseases Dataset(Augmented)\valid\Potato___healthy\ec6e43d3-512d-4908-99f2-c9e2a0be54be___RS_HL 4202_new30degFlipLR.JPG,Potato___healthy,Apple___Apple_scab,0.49920493364334106
C:\Users\siddh\Downloads\plant dataset\New Plant Diseases Dataset(Augmented)\New Plant Diseases Dataset(Augmented)\valid\Tomato___Septoria_leaf_spot\2e69e7bc-a60d-43b4-84f9-637c90eb71bb___JR_Sept.L.S 8538_180deg.JPG,Tomato___Septoria_leaf_spot,Tomato___Tomato_mosaic_virus,0.4988528788089752
C:\Users\siddh\Downloads\plant dataset\New Plant Diseases Dataset(Augmented)\New Plant Diseases Dataset(Augmented)\valid\Tomato___Early_blight\3f35dad7-734b-46ee-8193-09fd3c8562ff___RS_Erly.B 7600.JPG,Tomato___Early_blight,Tomato___Late_blight,0.49847936630249023
C:\Users\siddh\Downloads\plant dataset\New Plant Diseases Dataset(Augmented)\New Plant Diseases Dataset(Augmented)\valid\Apple___Apple_scab\cb36375a-3a30-4d01-8764-358eb6300f16___FREC_Scab 3378.JPG,Apple___Apple_scab,Apple___healthy,0.4980936348438263
C:\Users\siddh\Downloads\plant dataset\New Plant Diseases Dataset(Augmented)\New Plant Diseases Dataset(Augmented)\valid\Tomato___Tomato_mosaic_virus\e8c8a6a2-f3e4-4b4d-986b-76031a36abf4___PSU_CG 2371_180deg.JPG,Tomato___Tomato_mosaic_virus,Tomato___Leaf_Mold,0.49787935614585876
C:\Users\siddh\Downloads\plant dataset\New Plant Diseases Dataset(Augmented)\New Plant Diseases Dataset(Augmented)\valid\Peach___Bacterial_spot\569a1080-059c-49b6-a067-2126ae983064___Rutg._Bact.S 1296.JPG,Peach___Bacterial_spot,"Pepper,_bell___Bacterial_spot",0.4977555274963379
C:\Users\siddh\Downloads\plant dataset\New Plant Diseases Dataset(Augmented)\New Plant Diseases Dataset(Augmented)\valid\Peach___Bacterial_spot\93b24318-47cc-4438-ac43-d790e5f24305___Rut._Bact.S 1399.JPG,Peach___Bacterial_spot,Peach___healthy,0.4974713623523712
C:\Users\siddh\Downloads\plant dataset\New Plant Diseases Dataset(Augmented)\New Plant Diseases Dataset(Augmented)\valid\Grape___Leaf_blight_(Isariopsis_Leaf_Spot)\71119c61-edcb-4e12-93ca-4e10ab0c42c7___FAM_L.Blight 1562.JPG,Grape___Leaf_blight_(Isariopsis_Leaf_Spot),Tomato___Bacterial_spot,0.49739497900009155
C:\Users\siddh\Downloads\plant dataset\New Plant Diseases Dataset(Augmented)\New Plant Diseases Dataset(Augmented)\valid\Tomato___Target_Spot\42745c34-b8ec-44b1-8107-879222ac07d1___Com.G_TgS_FL 0866.JPG,Tomato___Target_Spot,Tomato___healthy,0.4972625970840454
C:\Users\siddh\Downloads\plant dataset\New Plant Diseases Dataset(Augmented)\New Plant Diseases Dataset(Augmented)\valid\Tomato___Bacterial_spot\777d71b0-d3ec-4eb1-a141-b3bf9df3e515___GCREC_Bact.Sp 3111.JPG,Tomato___Bacterial_spot,Tomato___Late_blight,0.49712449312210083
"C:\Users\siddh\Downloads\plant dataset\New Plant Diseases Dataset(Augmented)\New Plant Diseases Dataset(Augmented)\valid\Pepper,_bell___Bacterial_spot\384a0470-30f4-4f8a-bbc2-f2e2102b82dc___JR_B.Spot 3388_180deg.JPG","Pepper,_bell___Bacterial_spot",Tomato___Late_blight,0.49693742394447327
C:\Users\siddh\Downloads\plant dataset\New Plant Diseases Dataset(Augmented)\New Plant Diseases Dataset(Augmented)\valid\Apple___Apple_scab\eda0a3b5-fe6e-4646-acc6-7db5179e3e96___FREC_Scab 3380_270deg.JPG,Apple___Apple_scab,Apple___healthy,0.4968671500682831
C:\Users\siddh\Downloads\plant dataset\New Plant Diseases Dataset(Augmented)\New Plant Diseases Dataset(Augmented)\valid\Apple___healthy\bda31474-87d3-4256-ace8-00d20ef05139___RS_HL 7443.JPG,Apple___healthy,Peach___healthy,0.4968108832836151
C:\Users\siddh\Downloads\plant dataset\New Plant Diseases Dataset(Augmented)\New Plant Diseases Dataset(Augmented)\valid\Grape___Leaf_blight_(Isariopsis_Leaf_Spot)\f681ecc4-ed9e-459f-b192-75c3060fac2a___FAM_L.Blight 4986_flipLR.JPG,Grape___Leaf_blight_(Isariopsis_Leaf_Spot),Potato___Early_blight,0.49666881561279297
C:\Users\siddh\Downloads\plant dataset\New Plant Diseases Dataset(Augmented)\New Plant Diseases Dataset(Augmented)\valid\Tomato___Early_blight\b86c17e0-d24a-4edf-a67f-c16c421d36ae___RS_Erly.B 7746.JPG,Tomato___Early_blight,Tomato___Septoria_leaf_spot,0.4963146448135376
C:\Users\siddh\Downloads\plant dataset\New Plant Diseases Dataset(Augmented)\New Plant Diseases Dataset(Augmented)\valid\Tomato___Late_blight\40ad58d9-f6ab-4487-a150-e2da47f733f1___GHLB2 Leaf 8665.JPG,Tomato___Late_blight,Tomato___Tomato_mosaic_virus,0.49629127979278564
C:\Users\siddh\Downloads\plant dataset\New Plant Diseases Dataset(Augmented)\New Plant Diseases Dataset(Augmented)\valid\Tomato___Early_blight\c83d0821-505b-4270-acd7-1a5c79f671b4___RS_Erly.B 7629_180deg.JPG,Tomato___Early_blight,Tomato___Late_blight,0.49607381224632263
C:\Users\siddh\Downloads\plant dataset\New Plant Diseases Dataset(Augmented)\New Plant Diseases Dataset(Augmented)\valid\Potato___healthy\5df30492-0b54-474d-8883-bba9474ca88f___RS_HL 1801_flipLR.JPG,Potato___healthy,Soybean___healthy,0.49596938490867615
C:\Users\siddh\Downloads\plant dataset\New Plant Diseases Dataset(Augmented)\New Plant Diseases Dataset(Augmented)\valid\Tomato___Spider_mites Two-spotted_spider_mite\5da96ce7-7da5-4709-b88d-d560e70e0085___Com.G_SpM_FL 8532_flipTB.JPG,Tomato___Spider_mites Two-spotted_spider_mite,Potato___Late_blight,0.4952884912490845
C:\Users\siddh\Downloads\plant dataset\New Plant Diseases Dataset(Augmented)\New Plant Diseases Dataset(Augmented)\valid\Tomato___Early_blight\dfd261ab-30ad-456c-93b3-874a4ebaeaaf___RS_Erly.B 8451_flipTB.JPG,Tomato___Early_blight,Tomato___Late_blight,0.49515417218208313
C:\Users\siddh\Downloads\plant dataset\New Plant Diseases Dataset(Augmented)\New Plant Diseases Dataset(Augmented)\valid\Tomato___Tomato_Yellow_Leaf_Curl_Virus\57970cb7-5626-4892-b98e-01cb68d81972___YLCV_GCREC 2191.JPG,Tomato___Tomato_Yellow_Leaf_Curl_Virus,Tomato___Spider_mites Two-spotted_spider_mite,0.49459925293922424
C:\Users\siddh\Downloads\plant dataset\New Plant Diseases Dataset(Augmented)\New Plant Diseases Dataset(Augmented)\valid\Potato___Late_blight\7514a101-a131-449a-9dcd-80ba8733f124___RS_LB 4879_flipTB.JPG,Potato___Late_blight,Potato___healthy,0.4944300949573517
C:\Users\siddh\Downloads\plant dataset\New Plant Diseases Dataset(Augmented)\New Plant Diseases Dataset(Augmented)\valid\Tomato___healthy\3b1ba616-6a8f-44e9-948f-5c056eb565c8___RS_HL 9980_newPixel25.JPG,Tomato___healthy,Peach___healthy,0.4934544265270233
C:\Users\siddh\Downloads\plant dataset\New Plant Diseases Dataset(Augmented)\New Plant Diseases Dataset(Augmented)\valid\Tomato___Septoria_leaf_spot\712e2567-6375-4307-874f-da9b6f3cafcf___Matt.S_CG 7519.JPG,Tomato___Septoria_leaf_spot,Potato___Early_blight,0.49262872338294983
C:\Users\siddh\Downloads\plant dataset\New Plant Diseases Dataset(Augmented)\New Plant Diseases Dataset(Augmented)\valid\Potato___Early_blight\00d8f10f-5038-4e0f-bb58-0b885ddc0cc5___RS_Early.B 8722.JPG,Potato___Early_blight,Potato___Late_blight,0.49242743849754333
C:\Users\siddh\Downloads\plant dataset\New Plant Diseases Dataset(Augmented)\New Plant Diseases Dataset(Augmented)\valid\Peach___healthy\7204d56c-0a24-4a34-a3b8-8dbe5332e962___Rutg._HL 3523_newPixel25.JPG,Peach___healthy,"Pepper,_bell___Bacterial_spot",0.49229681491851807
C:\Users\siddh\Downloads\plant dataset\New Plant Diseases Dataset(Augmented)\New Plant Diseases Dataset(Augmented)\valid\Tomato___Early_blight\53bb67c4-0fef-4f13-b4a3-206d06155ffc___RS_Erly.B 6434_180deg.JPG,Tomato___Early_blight,Tomato___Late_blight,0.4920963943004608
"C:\Users\siddh\Downloads\plant dataset\New Plant Diseases Dataset(Augmented)\New Plant Diseases Dataset(Augmented)\valid\Pepper,_bell___healthy\b555e97b-a736-41c1-ab8f-43cadf71ae81___JR_HL 8000.JPG","Pepper,_bell___healthy","Pepper,_bell___Bacterial_spot",0.49043992161750793
C:\Users\siddh\Downloads\plant dataset\New Plant Diseases Dataset(Augmented)\New Plant Diseases Dataset(Augmented)\valid\Apple___Apple_scab\affb666c-6915-48e6-ba8a-92385af75826___FREC_Scab 3395_270deg.JPG,Apple___Apple_scab,Apple___Cedar_apple_rust,0.4902971088886261
C:\Users\siddh\Downloads\plant dataset\New Plant Diseases Dataset(Augmented)\New Plant Diseases Dataset(Augmented)\valid\Tomato___Leaf_Mold\b31c5c8a-aac0-4cad-af32-2b10e2fa64f6___Crnl_L.Mold 7053_flipTB.JPG,Tomato___Leaf_Mold,Tomato___Tomato_mosaic_virus,0.4900570213794708
C:\Users\siddh\Downloads\plant dataset\New Plant Diseases Dataset(Augmented)\New Plant Diseases Dataset(Augmented)\valid\Tomato___healthy\2eb4a2fa-d41e-47f1-9e3f-e49035c5b24a___RS_HL 9995.JPG,Tomato___healthy,Tomato___Target_Spot,0.48959675431251526
C:\Users\siddh\Downloads\plant dataset\New Plant Diseases Dataset(Augmented)\New Plant Diseases Dataset(Augmented)\valid\Tomato___Tomato_Yellow_Leaf_Curl_Virus\b02fab9e-b7f5-410f-83b4-44236f41f7a4___YLCV_NREC 2309.JPG,Tomato___Tomato_Yellow_Leaf_Curl_Virus,Tomato___Spider_mites Two-spotted_spider_mite,0.48939985036849976
C:\Users\siddh\Downloads\plant dataset\New Plant Diseases Dataset(Augmented)\New Plant Diseases Dataset(Augmented)\valid\Tomato___Leaf_Mold\904a5f71-4358-44b5-98ff-3681df988769___Crnl_L.Mold 6601_flipTB.JPG,Tomato___Leaf_Mold,Tomato___Spider_mites Two-spotted_spider_mite,0.48930826783180237
C:\Users\siddh\Downloads\plant dataset\New Plant Diseases Dataset(Augmented)\New Plant Diseases Dataset(Augmented)\valid\Tomato___Early_blight\cd2d8a7b-2389-4a2c-8647-b986092fa506___RS_Erly.B 8377_180deg.JPG,Tomato___Early_blight,"Pepper,_bell___Bacterial_spot",0.48897677659988403
C:\Users\siddh\Downloads\plant dataset\New Plant Diseases Dataset(Augmented)\New Plant Diseases Dataset(Augmented)\valid\Tomato___Leaf_Mold\2b8e612f-7448-44f7-899c-95b3c8291824___Crnl_L.Mold 6671.JPG,Tomato___Leaf_Mold,Tomato___Target_Spot,0.4886898696422577
C:\Users\siddh\Downloads\plant dataset\New Plant Diseases Dataset(Augmented)\New Plant Diseases Dataset(Augmented)\valid\Tomato___Early_blight\f432e10d-7fd7-4517-b635-cc7677f53d8e___RS_Erly.B 9590.JPG,Tomato___Early_blight,Tomato___Septoria_leaf_spot,0.4885488748550415
C:\Users\siddh\Downloads\plant dataset\New Plant Diseases Dataset(Augmented)\New Plant Diseases Dataset(Augmented)\valid\Tomato___Leaf_Mold\e2d4c4ee-752f-4494-a046-6076bc08ecbd___Crnl_L.Mold 7178_flipTB.JPG,Tomato___Leaf_Mold,Tomato___Tomato_mosaic_virus,0.4882773160934448
C:\Users\siddh\Downloads\plant dataset\New Plant Diseases Dataset(Augmented)\New Plant Diseases Dataset(Augmented)\valid\Tomato___Tomato_Yellow_Leaf_Curl_Virus\f9e40682-a18b-4be0-a6d8-6beaf81cdefb___YLCV_NREC 2073.JPG,Tomato___Tomato_Yellow_Leaf_Curl_Virus,Tomato___Leaf_Mold,0.4881182014942169
C:\Users\siddh\Downloads\plant dataset\New Plant Diseases Dataset(Augmented)\New Plant Diseases Dataset(Augmented)\valid\Tomato___Target_Spot\4a144d06-1caf-4e45-84f5-c4b5196ed52f___Com.G_TgS_FL 8167_180deg.JPG,Tomato___Target_Spot,Tomato___healthy,0.4879978597164154
C:\Users\siddh\Downloads\plant dataset\New Plant Diseases Dataset(Augmented)\New Plant Diseases Dataset(Augmented)\valid\Tomato___Target_Spot\c799a079-5151-4d82-bc0f-23979da84d4b___Com.G_TgS_FL 0798.JPG,Tomato___Target_Spot,Tomato___Early_blight,0.4876040816307068
C:\Users\siddh\Downloads\plant dataset\New Plant Diseases Dataset(Augmented)\New Plant Diseases Dataset(Augmented)\valid\Tomato___Early_blight\eabc47ee-5023-476b-9992-53baa566d270___RS_Erly.B 7757_180deg.JPG,Tomato___Early_blight,Tomato___Septoria_leaf_spot,0.4874952733516693
C:\Users\siddh\Downloads\plant dataset\New Plant Diseases Dataset(Augmented)\New Plant Diseases Dataset(Augmented)\valid\Raspberry___healthy\b2c6d751-869b-4b4e-b521-dda5be29482c___Mary_HL 9173_new30degFlipLR.JPG,Raspberry___healthy,Potato___healthy,0.487173467874527
C:\Users\siddh\Downloads\plant dataset\New Plant Diseases Dataset(Augmented)\New Plant Diseases Dataset(Augmented)\valid\Tomato___Leaf_Mold\d3046708-324c-48cc-acff-28c8020485d5___Crnl_L.Mold 9053.JPG,Tomato___Leaf_Mold,Tomato___Late_blight,0.48713433742523193
C:\Users\siddh\Downloads\plant dataset\New Plant Diseases Dataset(Augmented)\New Plant Diseases Dataset(Augmented)\valid\Tomato___Bacterial_spot\98a33963-bf05-4c93-a217-045c06047616___GCREC_Bact.Sp 5985.JPG,Tomato___Bacterial_spot,Tomato___Spider_mites Two-spotted_spider_mite,0.4869045615196228
C:\Users\siddh\Downloads\plant dataset\New Plant Diseases Dataset(Augmented)\New Plant Diseases Dataset(Augmented)\valid\Tomato___Early_blight\611a3c58-8a99-401e-9745-592b55bddb85___RS_Erly.B 7679.JPG,Tomato___Early_blight,Tomato___Target_Spot,0.48684161901474
C:\Users\siddh\Downloads\plant dataset\New Plant Diseases Dataset(Augmented)\New Plant Diseases Dataset(Augmented)\valid\Tomato___Leaf_Mold\82567342-f689-4e61-ac38-b25db55bb684___Crnl_L.Mold 7128_180deg.JPG,Tomato___Leaf_Mold,Tomato___Bacterial_spot,0.48677483201026917
C:\Users\siddh\Downloads\plant dataset\New Plant Diseases Dataset(Augmented)\New Plant Diseases Dataset(Augmented)\valid\Potato___Late_blight\ae966e38-73b3-47c1-9421-20ac2f570f46___RS_LB 3240_180deg.JPG,Potato___Late_blight,Tomato___Late_blight,0.4862571060657501
C:\Users\siddh\Downloads\plant dataset\New Plant Diseases Dataset(Augmented)\New Plant Diseases Dataset(Augmented)\valid\Tomato___Early_blight\c1291fe6-06c2-477e-b30f-dca9a9a80079___RS_Erly.B 8371.JPG,Tomato___Early_blight,"Pepper,_bell___Bacterial_spot",0.4862220287322998
C:\Users\siddh\Downloads\plant dataset\New Plant Diseases Dataset(Augmented)\New Plant Diseases Dataset(Augmented)\valid\Soybean___healthy\b55e4d3c-4c24-4fe0-986f-10289a5f3c13___RS_HL 4881.JPG,Soybean___healthy,Potato___healthy,0.48617932200431824
C:\Users\siddh\Downloads\plant dataset\New Plant Diseases Dataset(Augmented)\New Plant Diseases Dataset(Augmented)\valid\Tomato___Early_blight\4490b039-427d-414c-836d-a1fda6c1ad49___RS_Erly.B 8369.JPG,Tomato___Early_blight,Tomato___Late_blight,0.48608967661857605
C:\Users\siddh\Downloads\plant dataset\New Plant Diseases Dataset(Augmented)\New Plant Diseases Dataset(Augmented)\valid\Tomato___Leaf_Mold\091238ce-b84c-4629-a8b2-ba78254bd2e0___Crnl_L.Mold 8788_flipTB.JPG,Tomato___Leaf_Mold,Tomato___Late_blight,0.48585301637649536
C:\Users\siddh\Downloads\plant dataset\New Plant Diseases Dataset(Augmented)\New Plant Diseases Dataset(Augmented)\valid\Tomato___Tomato_Yellow_Leaf_Curl_Virus\101849ce-d61a-4c2f-a6a7-8da0d71f237e___YLCV_NREC 2725.JPG,Tomato___Tomato_Yellow_Leaf_Curl_Virus,Tomato___Late_blight,0.48579078912734985
C:\Users\siddh\Downloads\plant dataset\New Plant Diseases Dataset(Augmented)\New Plant Diseases Dataset(Augmented)\valid\Potato___Early_blight\c53d85d7-bddb-422b-955c-6842cce9a927___RS_Early.B 7253_flipTB.JPG,Potato___Early_blight,Tomato___Late_blight,0.485725462436676
C:\Users\siddh\Downloads\plant dataset\New Plant Diseases Dataset(Augmented)\New Plant Diseases Dataset(Augmented)\valid\Cherry_(including_sour)___Powdery_mildew\7665ae36-28ec-4350-9798-89b4a32e32a8___FREC_Pwd.M 5124.JPG,Cherry_(including_sour)___Powdery_mildew,Apple___healthy,0.48565903306007385
"C:\Users\siddh\Downloads\plant dataset\New Plant Diseases Dataset(Augmented)\New Plant Diseases Dataset(Augmented)\valid\Pepper,_bell___healthy\0e5d9ac1-4de8-491e-ab95-809850866805___JR_HL 8534_new30degFlipLR.JPG","Pepper,_bell___healthy",Soybean___healthy,0.4854600429534912
C:\Users\siddh\Downloads\plant dataset\New Plant Diseases Dataset(Augmented)\New Plant Diseases Dataset(Augmented)\valid\Tomato___Leaf_Mold\b825544a-33a3-4bf7-8568-506acca8eaf5___Crnl_L.Mold 8826.JPG,Tomato___Leaf_Mold,Tomato___Septoria_leaf_spot,0.4848369359970093
C:\Users\siddh\Downloads\plant dataset\New Plant Diseases Dataset(Augmented)\New Plant Diseases Dataset(Augmented)\valid\Potato___Late_blight\4337f628-ff14-4603-9120-8639c78cacea___RS_LB 3183.JPG,Potato___Late_blight,Tomato___Late_blight,0.4846852123737335
C:\Users\siddh\Downloads\plant dataset\New Plant Diseases Dataset(Augmented)\New Plant Diseases Dataset(Augmented)\valid\Tomato___Leaf_Mold\6371bae8-f9d4-4b4c-88d7-96de89c4c14a___Crnl_L.Mold 7058.JPG,Tomato___Leaf_Mold,Tomato___Late_blight,0.48458051681518555
C:\Users\siddh\Downloads\plant dataset\New Plant Diseases Dataset(Augmented)\New Plant Diseases Dataset(Augmented)\valid\Potato___Early_blight\b7157976-61c2-4366-87c5-e3de23aa7c10___RS_Early.B 7227.JPG,Potato___Early_blight,"Pepper,_bell___Bacterial_spot",0.48419010639190674
C:\Users\siddh\Downloads\plant dataset\New Plant Diseases Dataset(Augmented)\New Plant Diseases Dataset(Augmented)\valid\Tomato___Early_blight\cf8c6e28-201c-4c8e-994f-8dcf98362e64___RS_Erly.B 7651_flipTB.JPG,Tomato___Early_blight,Tomato___Late_blight,0.4841320812702179
C:\Users\siddh\Downloads\plant dataset\New Plant Diseases Dataset(Augmented)\New Plant Diseases Dataset(Augmented)\valid\Tomato___Spider_mites Two-spotted_spider_mite\4f67760e-24e8-4a5d-8162-93e0ce8d93f7___Com.G_SpM_FL 1146.JPG,Tomato___Spider_mites Two-spotted_spider_mite,Tomato___healthy,0.48395976424217224
C:\Users\siddh\Downloads\plant dataset\New Plant Diseases Dataset(Augmented)\New Plant Diseases Dataset(Augmented)\valid\Corn_(maize)___Northern_Leaf_Blight\028a7e62-b520-42fe-8607-ee4d4bc6764d___RS_NLB 3844.JPG,Corn_(maize)___Northern_Leaf_Blight,Corn_(maize)___Cercospora_leaf_spot Gray_leaf_spot,0.4837382137775421
C:\Users\siddh\Downloads\plant dataset\New Plant Diseases Dataset(Augmented)\New Plant Diseases Dataset(Augmented)\valid\Tomato___Early_blight\f7357222-4e77-4c46-a0ff-a17e165a70ff___RS_Erly.B 9619_flipTB.JPG,Tomato___Early_blight,Tomato___Late_blight,0.4837161898612976
C:\Users\siddh\Downloads\plant dataset\New Plant Diseases Dataset(Augmented)\New Plant Diseases Dataset(Augmented)\valid\Tomato___healthy\4777e41f-56f7-4f8f-9c81-33bd40ca1d0b___RS_HL 9875.JPG,Tomato___healthy,"Pepper,_bell___healthy",0.48357072472572327
C:\Users\siddh\Downloads\plant dataset\New Plant Diseases Dataset(Augmented)\New Plant Diseases Dataset(Augmented)\valid\Tomato___Bacterial_spot\34f9b271-4f62-4fd4-8c69-edfdf3b08314___UF.GRC_BS_Lab Leaf 1199.JPG,Tomato___Bacterial_spot,Tomato___Late_blight,0.48268336057662964
C:\Users\siddh\Downloads\plant dataset\New Plant Diseases Dataset(Augmented)\New Plant Diseases Dataset(Augmented)\valid\Tomato___Bacterial_spot\f1cc12b3-3116-4b31-81fc-6383303f84ae___UF.GRC_BS_Lab Leaf 0352.JPG,Tomato___Bacterial_spot,Tomato___Late_blight,0.48244044184684753
C:\Users\siddh\Downloads\plant dataset\New Plant Diseases Dataset(Augmented)\New Plant Diseases Dataset(Augmented)\valid\Strawberry___Leaf_scorch\ad48a0f5-3036-4d59-9d9b-27a5ea752131___RS_L.Scorch 9964.JPG,Strawberry___Leaf_scorch,Grape___Black_rot,0.4823002219200134
C:\Users\siddh\Downloads\plant dataset\New Plant Diseases Dataset(Augmented)\New Plant Diseases Dataset(Augmented)\valid\Strawberry___Leaf_scorch\8521b2b5-d5fa-42fe-ad72-d0f5c94b3ca8___RS_L.Scorch 9940.JPG,Strawberry___Leaf_scorch,Grape___Black_rot,0.482189804315567
C:\Users\siddh\Downloads\plant dataset\New Plant Diseases Dataset(Augmented)\New Plant Diseases Dataset(Augmented)\valid\Tomato___Spider_mites Two-spotted_spider_mite\a6ab82be-a59d-4288-aec5-194d8d796a31___Com.G_SpM_FL 9322.JPG,Tomato___Spider_mites Two-spotted_spider_mite,Tomato___healthy,0.4821324050426483
C:\Users\siddh\Downloads\plant dataset\New Plant Diseases Dataset(Augmented)\New Plant Diseases Dataset(Augmented)\valid\Tomato___Early_blight\73cf82cf-a099-4243-a7a6-b06c79eedb65___RS_Erly.B 7412_flipTB.JPG,Tomato___Early_blight,Tomato___Late_blight,0.48208773136138916
C:\Users\siddh\Downloads\plant dataset\New Plant Diseases Dataset(Augmented)\New Plant Diseases Dataset(Augmented)\valid\Tomato___Target_Spot\0fe0ad25-e48a-4b91-bd06-bdd5799944e5___Com.G_TgS_FL 8351_flipTB.JPG,Tomato___Target_Spot,Tomato___Spider_mites Two-spotted_spider_mite,0.48196735978126526
C:\Users\siddh\Downloads\plant dataset\New Plant Diseases Dataset(Augmented)\New Plant Diseases Dataset(Augmented)\valid\Tomato___Early_blight\c6e96373-484c-45da-b043-0a294a59ad2c___RS_Erly.B 7401_180deg.JPG,Tomato___Early_blight,Tomato___Late_blight,0.48176485300064087
C:\Users\siddh\Downloads\plant dataset\New Plant Diseases Dataset(Augmented)\New Plant Diseases Dataset(Augmented)\valid\Tomato___Target_Spot\4b5b48f8-7d82-400a-af7a-43f7804896c6___Com.G_TgS_FL 9762_newPixel25.JPG,Tomato___Target_Spot,Tomato___healthy,0.4816034734249115
C:\Users\siddh\Downloads\plant dataset\New Plant Diseases Dataset(Augmented)\New Plant Diseases Dataset(Augmented)\valid\Strawberry___healthy\d451b14d-8338-47e7-9505-1797ae645742___RS_HL 1976_180deg.JPG,Strawberry___healthy,Cherry_(including_sour)___healthy,0.48123106360435486
C:\Users\siddh\Downloads\plant dataset\New Plant Diseases Dataset(Augmented)\New Plant Diseases Dataset(Augmented)\valid\Tomato___Target_Spot\6bd21bee-4648-43fc-b481-dc4913a8c9be___Com.G_TgS_FL 0841_180deg.JPG,Tomato___Target_Spot,Tomato___healthy,0.4811552166938782
C:\Users\siddh\Downloads\plant dataset\New Plant Diseases Dataset(Augmented)\New Plant Diseases Dataset(Augmented)\valid\Potato___healthy\949cafd0-098b-497f-9590-f0fb8ccafc94___RS_HL 4168_newPixel25.JPG,Potato___healthy,Potato___Early_blight,0.48098519444465637
C:\Users\siddh\Downloads\plant dataset\New Plant Diseases Dataset(Augmented)\New Plant Diseases Dataset(Augmented)\valid\Tomato___Tomato_mosaic_virus\54355f0e-7332-4990-b96e-fbff2637f5b7___PSU_CG 2245_180deg.JPG,Tomato___Tomato_mosaic_virus,Tomato___healthy,0.48094621300697327
C:\Users\siddh\Downloads\plant dataset\New Plant Diseases Dataset(Augmented)\New Plant Diseases Dataset(Augmented)\valid\Tomato___Septoria_leaf_spot\177caa36-f976-4c64-8098-25fba2a4038f___Keller.St_CG 1787.JPG,Tomato___Septoria_leaf_spot,Tomato___Late_blight,0.4804714620113373
C:\Users\siddh\Downloads\plant dataset\New Plant Diseases Dataset(Augmented)\New Plant Diseases Dataset(Augmented)\valid\Tomato___Septoria_leaf_spot\c8055b76-f328-4519-b530-b34a695b9261___Keller.St_CG 1901.JPG,Tomato___Septoria_leaf_spot,Tomato___Bacterial_spot,0.4798543155193329
C:\Users\siddh\Downloads\plant dataset\New Plant Diseases Dataset(Augmented)\New Plant Diseases Dataset(Augmented)\valid\Tomato___Leaf_Mold\bf1b824c-7a99-45a5-9b60-5da58b3fe47c___Crnl_L.Mold 8759.JPG,Tomato___Leaf_Mold,"Pepper,_bell___Bacterial_spot",0.4798341393470764
C:\Users\siddh\Downloads\plant dataset\New Plant Diseases Dataset(Augmented)\New Plant Diseases Dataset(Augmented)\valid\Tomato___Septoria_leaf_spot\02d2c484-8bdb-4ef2-8d07-0bdb3ac330cc___Matt.S_CG 0975.JPG,Tomato___Septoria_leaf_spot,Tomato___Bacterial_spot,0.4797886908054352
C:\Users\siddh\Downloads\plant dataset\New Plant Diseases Dataset(Augmented)\New Plant Diseases Dataset(Augmented)\valid\Tomato___Leaf_Mold\9a067a91-70b3-4801-9a25-bb86f8d0691e___Crnl_L.Mold 8867.JPG,Tomato___Leaf_Mold,Tomato___Late_blight,0.47969967126846313
C:\Users\siddh\Downloads\plant dataset\New Plant Diseases Dataset(Augmented)\New Plant Diseases Dataset(Augmented)\valid\Tomato___Early_blight\f62b2695-c850-47d4-9e42-e35e5596e729___RS_Erly.B 7777.JPG,Tomato___Early_blight,Tomato___Late_blight,0.4793287515640259
C:\Users\siddh\Downloads\plant dataset\New Plant Diseases Dataset(Augmented)\New Plant Diseases Dataset(Augmented)\valid\Tomato___Early_blight\eabc47ee-5023-476b-9992-53baa566d270___RS_Erly.B 7757_flipTB.JPG,Tomato___Early_blight,Tomato___Septoria_leaf_spot,0.47922438383102417
C:\Users\siddh\Downloads\plant dataset\New Plant Diseases Dataset(Augmented)\New Plant Diseases Dataset(Augmented)\valid\Tomato___Early_blight\c7005da5-2322-44e9-aceb-c6abe348f98c___RS_Erly.B 6490.JPG,Tomato___Early_blight,Tomato___Late_blight,0.4791448712348938
C:\Users\siddh\Downloads\plant dataset\New Plant Diseases Dataset(Augmented)\New Plant Diseases Dataset(Augmented)\valid\Apple___Apple_scab\91decba3-10b0-4d3e-974c-bcc7729e867d___FREC_Scab 3527_270deg.JPG,Apple___Apple_scab,Apple___Black_rot,0.4784855544567108
C:\Users\siddh\Downloads\plant dataset\New Plant Diseases Dataset(Augmented)\New Plant Diseases Dataset(Augmented)\valid\Tomato___Early_blight\60b089ee-97ea-4df8-bb95-cd8c2094b24e___RS_Erly.B 9426.JPG,Tomato___Early_blight,Tomato___Late_blight,0.4775671362876892
C:\Users\siddh\Downloads\plant dataset\New Plant Diseases Dataset(Augmented)\New Plant Diseases Dataset(Augmented)\valid\Raspberry___healthy\2eee8fcd-9f57-4cf3-aedd-f037cba03a3a___Mary_HL 9256_90deg.JPG,Raspberry___healthy,Strawberry___healthy,0.4775327146053314
C:\Users\siddh\Downloads\plant dataset\New Plant Diseases Dataset(Augmented)\New Plant Diseases Dataset(Augmented)\valid\Tomato___Early_blight\98f19e26-5889-4e8e-9175-8dbbaa3439ef___RS_Erly.B 6449_flipTB.JPG,Tomato___Early_blight,Tomato___Bacterial_spot,0.47747182846069336
C:\Users\siddh\Downloads\plant dataset\New Plant Diseases Dataset(Augmented)\New Plant Diseases Dataset(Augmented)\valid\Grape___Leaf_blight_(Isariopsis_Leaf_Spot)\2b82e665-b765-4514-93c9-715a2e452b34___FAM_L.Blight 0791_flipLR.JPG,Grape___Leaf_blight_(Isariopsis_Leaf_Spot),Tomato___Bacterial_spot,0.47693490982055664
C:\Users\siddh\Downloads\plant dataset\New Plant Diseases Dataset(Augmented)\New Plant Diseases Dataset(Augmented)\valid\Tomato___Target_Spot\970f236d-e002-4393-b65d-f763feba78e2___Com.G_TgS_FL 9698.JPG,Tomato___Target_Spot,Tomato___Spider_mites Two-spotted_spider_mite,0.4766218662261963
C:\Users\siddh\Downloads\plant dataset\New Plant Diseases Dataset(Augmented)\New Plant Diseases Dataset(Augmented)\valid\Peach___Bacterial_spot\3c54c40a-e6d9-4105-8263-c32caf543b10___Rut._Bact.S 1234.JPG,Peach___Bacterial_spot,Peach___healthy,0.47618475556373596
C:\Users\siddh\Downloads\plant dataset\New Plant Diseases Dataset(Augmented)\New Plant Diseases Dataset(Augmented)\valid\Tomato___Early_blight\6c5baf51-ae97-41dd-9728-1995177e3b6a___RS_Erly.B 7723.JPG,Tomato___Early_blight,Tomato___Late_blight,0.47617006301879883
C:\Users\siddh\Downloads\plant dataset\New Plant Diseases Dataset(Augmented)\New Plant Diseases Dataset(Augmented)\valid\Tomato___Target_Spot\5da40213-3be5-43d6-91f6-88e7d0334f90___Com.G_TgS_FL 9722_newPixel25.JPG,Tomato___Target_Spot,Tomato___healthy,0.47600728273391724
C:\Users\siddh\Downloads\plant dataset\New Plant Diseases Dataset(Augmented)\New Plant Diseases Dataset(Augmented)\valid\Soybean___healthy\a036529c-94f5-4a86-9a86-05172d7de5a7___RS_HL 2843.JPG,Soybean___healthy,Blueberry___healthy,0.4758916199207306
C:\Users\siddh\Downloads\plant dataset\New Plant Diseases Dataset(Augmented)\New Plant Diseases Dataset(Augmented)\valid\Tomato___Early_blight\ab1f0275-f2db-4dcf-befb-8921c6101b80___RS_Erly.B 7596_flipTB.JPG,Tomato___Early_blight,"Pepper,_bell___Bacterial_spot",0.47570258378982544
C:\Users\siddh\Downloads\plant dataset\New Plant Diseases Dataset(Augmented)\New Plant Diseases Dataset(Augmented)\valid\Tomato___Target_Spot\1cc31c92-0fbd-488a-b0a2-ef25f985bf13___Com.G_TgS_FL 9840.JPG,Tomato___Target_Spot,Tomato___Bacterial_spot,0.474978506565094
C:\Users\siddh\Downloads\plant dataset\New Plant Diseases Dataset(Augmented)\New Plant Diseases Dataset(Augmented)\valid\Tomato___Septoria_leaf_spot\ab772665-1f53-48d3-997b-920c0b2b385f___JR_Sept.L.S 2661.JPG,Tomato___Septoria_leaf_spot,Tomato___Late_blight,0.4746806025505066
C:\Users\siddh\Downloads\plant dataset\New Plant Diseases Dataset(Augmented)\New Plant Diseases Dataset(Augmented)\valid\Peach___Bacterial_spot\03ec8ee1-54a8-4c60-8231-a8ed7b357ca0___Rut._Bact.S 0968.JPG,Peach___Bacterial_spot,Apple___Black_rot,0.47465282678604126
C:\Users\siddh\Downloads\plant dataset\New Plant Diseases Dataset(Augmented)\New Plant Diseases Dataset(Augmented)\valid\Tomato___Late_blight\ac89de10-2de8-40a4-8f6e-f0a37e97cd57___RS_Late.B 5126.JPG,Tomato___Late_blight,Peach___healthy,0.4743775427341461
C:\Users\siddh\Downloads\plant dataset\New Plant Diseases Dataset(Augmented)\New Plant Diseases Dataset(Augmented)\valid\Tomato___Leaf_Mold\905a051a-0649-4b4a-8dc7-273952cbd832___Crnl_L.Mold 6574_180deg.JPG,Tomato___Leaf_Mold,Tomato___Tomato_mosaic_virus,0.47415691614151
C:\Users\siddh\Downloads\plant dataset\New Plant Diseases Dataset(Augmented)\New Plant Diseases Dataset(Augmented)\valid\Tomato___Leaf_Mold\b97c1d3f-45b5-4057-aa68-1c92e65b06dc___Crnl_L.Mold 8696_180deg.JPG,Tomato___Leaf_Mold,Tomato___Tomato_mosaic_virus,0.47393158078193665
C:\Users\siddh\Downloads\plant dataset\New Plant Diseases Dataset(Augmented)\New Plant Diseases Dataset(Augmented)\valid\Tomato___Early_blight\fd6417ac-d076-4658-a4f8-6916d781c72a___RS_Erly.B 7360.JPG,Tomato___Early_blight,Tomato___Spider_mites Two-spotted_spider_mite,0.473802775144577
"C:\Users\siddh\Downloads\plant dataset\New Plant Diseases Dataset(Augmented)\New Plant Diseases Dataset(Augmented)\valid\Pepper,_bell___healthy\1bd09026-a26c-46be-b5ec-850a287c6cb5___JR_HL 5972_newPixel25.JPG","Pepper,_bell___healthy",Apple___Cedar_apple_rust,0.473553866147995
C:\Users\siddh\Downloads\plant dataset\New Plant Diseases Dataset(Augmented)\New Plant Diseases Dataset(Augmented)\valid\Tomato___Spider_mites Two-spotted_spider_mite\33e011de-c050-4433-a251-aedbbf3886a1___Com.G_SpM_FL 8932.JPG,Tomato___Spider_mites Two-spotted_spider_mite,Tomato___Tomato_Yellow_Leaf_Curl_Virus,0.4733322560787201
C:\Users\siddh\Downloads\plant dataset\New Plant Diseases Dataset(Augmented)\New Plant Diseases Dataset(Augmented)\valid\Potato___healthy\849aa978-c7b9-4344-9ca8-129219a65f8e___RS_HL 1874_new90degFlipLR.JPG,Potato___healthy,Soybean___healthy,0.4731490910053253
C:\Users\siddh\Downloads\plant dataset\New Plant Diseases Dataset(Augmented)\New Plant Diseases Dataset(Augmented)\valid\Tomato___Leaf_Mold\f7826d86-2eb1-408f-b2c1-a43afe0268b3___Crnl_L.Mold 9056.JPG,Tomato___Leaf_Mold,Tomato___Late_blight,0.47297078371047974
C:\Users\siddh\Downloads\plant dataset\New Plant Diseases Dataset(Augmented)\New Plant Diseases Dataset(Augmented)\valid\Potato___Early_blight\65f6e2f1-300b-42f0-bcc8-467753411947___RS_Early.B 7591_180deg.JPG,Potato___Early_blight,Potato___Late_blight,0.4723493456840515
C:\Users\siddh\Downloads\plant dataset\New Plant Diseases Dataset(Augmented)\New Plant Diseases Dataset(Augmented)\valid\Corn_(maize)___healthy\650d4770-c4b9-4854-8476-681d9d93034c___R.S_HL 5557 copy.jpg,Corn_(maize)___healthy,Corn_(maize)___Cercospora_leaf_spot Gray_leaf_spot,0.4720403254032135
C:\Users\siddh\Downloads\plant dataset\New Plant Diseases Dataset(Augmented)\New Plant Diseases Dataset(Augmented)\valid\Tomato___Septoria_leaf_spot\702a5117-4fee-46b6-bd3b-980ad9496dea___Matt.S_CG 6094.JPG,Tomato___Septoria_leaf_spot,Grape___Leaf_blight_(Isariopsis_Leaf_Spot),0.47182077169418335
C:\Users\siddh\Downloads\plant dataset\New Plant Diseases Dataset(Augmented)\New Plant Diseases Dataset(Augmented)\valid\Grape___Black_rot\02a1df6c-97ec-41d4-b00c-9510741a39dc___FAM_B.Rot 0552_flipLR.JPG,Grape___Black_rot,Grape___Esca_(Black_Measles),0.47180670499801636
C:\Users\siddh\Downloads\plant dataset\New Plant Diseases Dataset(Augmented)\New Plant Diseases Dataset(Augmented)\valid\Tomato___Target_Spot\6df82d72-cc8d-4136-8c9e-b7756255e324___Com.G_TgS_FL 0983.JPG,Tomato___Target_Spot,Tomato___healthy,0.4715491235256195
C:\Users\siddh\Downloads\plant dataset\New Plant Diseases Dataset(Augmented)\New Plant Diseases Dataset(Augmented)\valid\Tomato___Early_blight\6043e8e3-0ab2-4b30-b125-e2a26123b487___RS_Erly.B 8307.JPG,Tomato___Early_blight,Potato___Early_blight,0.47148799896240234
C:\Users\siddh\Downloads\plant dataset\New Plant Diseases Dataset(Augmented)\New Plant Diseases Dataset(Augmented)\valid\Peach___healthy\7a42f00f-0b6f-48f4-ada5-569fb12ce8f7___Rutg._HL 3682.JPG,Peach___healthy,"Pepper,_bell___healthy",0.4712531268596649
C:\Users\siddh\Downloads\plant dataset\New Plant Diseases Dataset(Augmented)\New Plant Diseases Dataset(Augmented)\valid\Tomato___Target_Spot\ee7d5b86-6015-4bea-b881-e2487eb85805___Com.G_TgS_FL 0041.JPG,Tomato___Target_Spot,Tomato___healthy,0.4705723822116852
C:\Users\siddh\Downloads\plant dataset\New Plant Diseases Dataset(Augmented)\New Plant Diseases Dataset(Augmented)\valid\Tomato___Early_blight\d6ac1972-b67c-422e-b81d-11f2f1d9ec5f___RS_Erly.B 9435.JPG,Tomato___Early_blight,Tomato___Late_blight,0.4705512225627899
C:\Users\siddh\Downloads\plant dataset\New Plant Diseases Dataset(Augmented)\New Plant Diseases Dataset(Augmented)\valid\Tomato___Target_Spot\db1798d0-9c2c-4239-812a-f5328e5a3502___Com.G_TgS_FL 9822.JPG,Tomato___Target_Spot,Tomato___Late_blight,0.47040387988090515
C:\Users\siddh\Downloads\plant dataset\New Plant Diseases Dataset(Augmented)\New Plant Diseases Dataset(Augmented)\valid\Tomato___Early_blight\e219e45e-3a8e-46dc-9621-9914f42bf3af___RS_Erly.B 7838_180deg.JPG,Tomato___Early_blight,Tomato___Late_blight,0.47013553977012634
C:\Users\siddh\Downloads\plant dataset\New Plant Diseases Dataset(Augmented)\New Plant Diseases Dataset(Augmented)\valid\Tomato___Septoria_leaf_spot\fae75392-41a3-4363-b073-32f20bc1cc68___Keller.St_CG 1999.JPG,Tomato___Septoria_leaf_spot,Tomato___Late_blight,0.4699726700782776
C:\Users\siddh\Downloads\plant dataset\New Plant Diseases Dataset(Augmented)\New Plant Diseases Dataset(Augmented)\valid\Peach___healthy\aedd3442-b50a-4df3-aed3-dbcfd371f925___Rutg._HL 3550_180deg.JPG,Peach___healthy,Blueberry___healthy,0.4699309766292572
C:\Users\siddh\Downloads\plant dataset\New Plant Diseases Dataset(Augmented)\New Plant Diseases Dataset(Augmented)\valid\Strawberry___Leaf_scorch\804af05b-899f-44c2-8606-1b87bbe78c69___RS_L.Scorch 9961_flipLR.JPG,Strawberry___Leaf_scorch,Tomato___Late_blight,0.46969178318977356
C:\Users\siddh\Downloads\plant dataset\New Plant Diseases Dataset(Augmented)\New Plant Diseases Dataset(Augmented)\valid\Corn_(maize)___Northern_Leaf_Blight\c4eb96b2-1345-46d0-a796-161042da21df___RS_NLB 0824 copy_flipTB.jpg,Corn_(maize)___Northern_Leaf_Blight,Corn_(maize)___healthy,0.46929261088371277
C:\Users\siddh\Downloads\plant dataset\New Plant Diseases Dataset(Augmented)\New Plant Diseases Dataset(Augmented)\valid\Tomato___Target_Spot\a33fabf8-5bfb-4a99-b7f9-50315267e9b6___Com.G_TgS_FL 1072.JPG,Tomato___Target_Spot,Tomato___healthy,0.46897509694099426
C:\Users\siddh\Downloads\plant dataset\New Plant Diseases Dataset(Augmented)\New Plant Diseases Dataset(Augmented)\valid\Apple___healthy\24adc938-da71-4d2a-9c7e-f2dc3a73c908___RS_HL 7307.JPG,Apple___healthy,Cherry_(including_sour)___healthy,0.468389093875885
C:\Users\siddh\Downloads\plant dataset\New Plant Diseases Dataset(Augmented)\New Plant Diseases Dataset(Augmented)\valid\Strawberry___healthy\4005fb13-0d7c-4a30-9ee3-73e9e4cee05e___RS_HL 1688.JPG,Strawberry___healthy,Raspberry___healthy,0.4682014584541321
C:\Users\siddh\Downloads\plant dataset\New Plant Diseases Dataset(Augmented)\New Plant Diseases Dataset(Augmented)\valid\Tomato___healthy\3ea5eb53-bde0-44f1-8aac-d6457e5b0b73___RS_HL 0427_newPixel25.JPG,Tomato___healthy,Tomato___Target_Spot,0.4681198298931122
C:\Users\siddh\Downloads\plant dataset\New Plant Diseases Dataset(Augmented)\New Plant Diseases Dataset(Augmented)\valid\Tomato___Leaf_Mold\d10c19de-1b3f-42fb-822f-6a2927d17c14___Crnl_L.Mold 8812.JPG,Tomato___Leaf_Mold,Tomato___healthy,0.4679829776287079
C:\Users\siddh\Downloads\plant dataset\New Plant Diseases Dataset(Augmented)\New Plant Diseases Dataset(Augmented)\valid\Tomato___Leaf_Mold\da70a983-649d-4262-a78f-4b5be677167e___Crnl_L.Mold 9168_180deg.JPG,Tomato___Leaf_Mold,Tomato___Late_blight,0.46724653244018555
C:\Users\siddh\Downloads\plant dataset\New Plant Diseases Dataset(Augmented)\New Plant Diseases Dataset(Augmented)\valid\Tomato___Early_blight\518d8b79-c548-42e4-b78d-f2145eb1d6da___RS_Erly.B 7794_180deg.JPG,Tomato___Early_blight,Tomato___Tomato_mosaic_virus,0.4665905833244324
C:\Users\siddh\Downloads\plant dataset\New Plant Diseases Dataset(Augmented)\New Plant Diseases Dataset(Augmented)\valid\Tomato___Leaf_Mold\7aec2458-4ab2-4525-9f08-91e3269c7420___Crnl_L.Mold 6845.JPG,Tomato___Leaf_Mold,Tomato___Tomato_mosaic_virus,0.46655672788619995
C:\Users\siddh\Downloads\plant dataset\New Plant Diseases Dataset(Augmented)\New Plant Diseases Dataset(Augmented)\valid\Potato___Early_blight\bea108c2-bdf1-484d-807c-fa9431f4dc95___RS_Early.B 7265.JPG,Potato___Early_blight,Tomato___Septoria_leaf_spot,0.4664975702762604
"C:\Users\siddh\Downloads\plant dataset\New Plant Diseases Dataset(Augmented)\New Plant Diseases Dataset(Augmented)\valid\Pepper,_bell___healthy\1bfbdcd9-68ae-4676-9693-5f02fd310860___JR_HL 8715_new30degFlipLR.JPG","Pepper,_bell___healthy",Potato___healthy,0.4663837254047394
C:\Users\siddh\Downloads\plant dataset\New Plant Diseases Dataset(Augmented)\New Plant Diseases Dataset(Augmented)\valid\Tomato___Target_Spot\6d9ca6a6-93df-48c6-93ea-9adc126f2fdf___Com.G_TgS_FL 0019_flipTB.JPG,Tomato___Target_Spot,Tomato___Spider_mites Two-spotted_spider_mite,0.4659320116043091
C:\Users\siddh\Downloads\plant dataset\New Plant Diseases Dataset(Augmented)\New Plant Diseases Dataset(Augmented)\valid\Tomato___Late_blight\33b5c25b-ab14-4b22-a7f0-764b2070b2d7___GHLB2 Leaf 8670.JPG,Tomato___Late_blight,Apple___Cedar_apple_rust,0.4654758870601654
C:\Users\siddh\Downloads\plant dataset\New Plant Diseases Dataset(Augmented)\New Plant Diseases Dataset(Augmented)\valid\Potato___Early_blight\12429fa8-02ea-4017-88ef-b2d219b892f7___RS_Early.B 6916.JPG,Potato___Early_blight,Grape___Leaf_blight_(Isariopsis_Leaf_Spot),0.4654511511325836
C:\Users\siddh\Downloads\plant dataset\New Plant Diseases Dataset(Augmented)\New Plant Diseases Dataset(Augmented)\valid\Tomato___Spider_mites Two-spotted_spider_mite\1d34e045-0cee-4bea-bd14-3a60de7c255e___Com.G_SpM_FL 1312_flipTB.JPG,Tomato___Spider_mites Two-spotted_spider_mite,"Pepper,_bell___Bacterial_spot",0.4652380049228668
C:\Users\siddh\Downloads\plant dataset\New Plant Diseases Dataset(Augmented)\New Plant Diseases Dataset(Augmented)\valid\Apple___Apple_scab\b1efda88-84a3-4d96-b3bf-48d7e12155e9___FREC_Scab 3009_90deg.JPG,Apple___Apple_scab,Apple___Black_rot,0.4649218022823334
C:\Users\siddh\Downloads\plant dataset\New Plant Diseases Dataset(Augmented)\New Plant Diseases Dataset(Augmented)\valid\Tomato___Leaf_Mold\b0eb89d7-6d76-4799-acfc-37426aeb4589___Crnl_L.Mold 6719.JPG,Tomato___Leaf_Mold,Tomato___Tomato_mosaic_virus,0.4642851650714874
C:\Users\siddh\Downloads\plant dataset\New Plant Diseases Dataset(Augmented)\New Plant Diseases Dataset(Augmented)\valid\Tomato___Early_blight\a8d93308-45b8-46e0-b708-02c325d6b027___RS_Erly.B 9535_180deg.JPG,Tomato___Early_blight,Tomato___Late_blight,0.46412384510040283
C:\Users\siddh\Downloads\plant dataset\New Plant Diseases Dataset(Augmented)\New Plant Diseases Dataset(Augmented)\valid\Tomato___Target_Spot\6c750a22-e196-4476-a5da-f4eeab43d9b0___Com.G_TgS_FL 8052_newPixel25.JPG,Tomato___Target_Spot,Tomato___healthy,0.46385714411735535
C:\Users\siddh\Downloads\plant dataset\New Plant Diseases Dataset(Augmented)\New Plant Diseases Dataset(Augmented)\valid\Tomato___Leaf_Mold\697ae68d-7932-4320-a28e-c8228cd23f50___Crnl_L.Mold 8629.JPG,Tomato___Leaf_Mold,Tomato___Late_blight,0.4636561870574951
C:\Users\siddh\Downloads\plant dataset\New Plant Diseases Dataset(Augmented)\New Plant Diseases Dataset(Augmented)\valid\Tomato___Target_Spot\9365125f-1687-4a9b-ba71-e92a869b774c___Com.G_TgS_FL 1120.JPG,Tomato___Target_Spot,Tomato___Spider_mites Two-spotted_spider_mite,0.46331024169921875
C:\Users\siddh\Downloads\plant dataset\New Plant Diseases Dataset(Augmented)\New Plant Diseases Dataset(Augmented)\valid\Tomato___Tomato_Yellow_Leaf_Curl_Virus\40441998-2e0b-4f97-9111-bea536867e2c___YLCV_NREC 2487.JPG,Tomato___Tomato_Yellow_Leaf_Curl_Virus,Tomato___Tomato_mosaic_virus,0.4632624387741089
C:\Users\siddh\Downloads\plant dataset\New Plant Diseases Dataset(Augmented)\New Plant Diseases Dataset(Augmented)\valid\Apple___healthy\f9368405-e343-4423-8288-9b7112352b16___RS_HL 5833_flipTB.JPG,Apple___healthy,Peach___healthy,0.462505578994751
C:\Users\siddh\Downloads\plant dataset\New Plant Diseases Dataset(Augmented)\New Plant Diseases Dataset(Augmented)\valid\Tomato___Leaf_Mold\f7a198ea-1064-41ab-be9c-f0bab081a128___Crnl_L.Mold 6918_180deg.JPG,Tomato___Leaf_Mold,Tomato___Tomato_mosaic_virus,0.4621570110321045
C:\Users\siddh\Downloads\plant dataset\New Plant Diseases Dataset(Augmented)\New Plant Diseases Dataset(Augmented)\valid\Tomato___Tomato_Yellow_Leaf_Curl_Virus\edbeb216-1ad8-4593-848e-84cc21886897___YLCV_GCREC 2380.JPG,Tomato___Tomato_Yellow_Leaf_Curl_Virus,Tomato___Spider_mites Two-spotted_spider_mite,0.46212854981422424
C:\Users\siddh\Downloads\plant dataset\New Plant Diseases Dataset(Augmented)\New Plant Diseases Dataset(Augmented)\valid\Tomato___Septoria_leaf_spot\f6fc8ed7-225e-41a9-8d22-af61401a60b9___Matt.S_CG 6506.JPG,Tomato___Septoria_leaf_spot,Tomato___Bacterial_spot,0.46208733320236206
C:\Users\siddh\Downloads\plant dataset\New Plant Diseases Dataset(Augmented)\New Plant Diseases Dataset(Augmented)\valid\Tomato___Septoria_leaf_spot\fb6bea39-f361-457c-b73e-fe3b2dbe6259___Matt.S_CG 2786.JPG,Tomato___Septoria_leaf_spot,Tomato___Late_blight,0.46082445979118347
C:\Users\siddh\Downloads\plant dataset\New Plant Diseases Dataset(Augmented)\New Plant Diseases Dataset(Augmented)\valid\Tomato___Target_Spot\2334031d-35e6-4e99-bfee-e21c5fa1a75f___Com.G_TgS_FL 8334.JPG,Tomato___Target_Spot,Tomato___healthy,0.46050509810447693
C:\Users\siddh\Downloads\plant dataset\New Plant Diseases Dataset(Augmented)\New Plant Diseases Dataset(Augmented)\valid\Strawberry___Leaf_scorch\c883953a-0380-4952-8eb4-35579bcff94b___RS_L.Scorch 0925_flipLR.JPG,Strawberry___Leaf_scorch,Potato___Early_blight,0.4603956341743469
C:\Users\siddh\Downloads\plant dataset\New Plant Diseases Dataset(Augmented)\New Plant Diseases Dataset(Augmented)\valid\Tomato___Target_Spot\9d04eab3-3ca0-4c04-aca6-6b63a5c0b491___Com.G_TgS_FL 0816.JPG,Tomato___Target_Spot,Tomato___healthy,0.46034765243530273
C:\Users\siddh\Downloads\plant dataset\New Plant Diseases Dataset(Augmented)\New Plant Diseases Dataset(Augmented)\valid\Tomato___Target_Spot\3a12d335-da9d-454c-925d-157e5b59f3b9___Com.G_TgS_FL 8144_newPixel25.JPG,Tomato___Target_Spot,Peach___healthy,0.45985299348831177
C:\Users\siddh\Downloads\plant dataset\New Plant Diseases Dataset(Augmented)\New Plant Diseases Dataset(Augmented)\valid\Tomato___Septoria_leaf_spot\941b0412-6299-4aff-bda4-e7d89f51af91___JR_Sept.L.S 2628.JPG,Tomato___Septoria_leaf_spot,Tomato___Late_blight,0.4594460427761078
C:\Users\siddh\Downloads\plant dataset\New Plant Diseases Dataset(Augmented)\New Plant Diseases Dataset(Augmented)\valid\Tomato___Leaf_Mold\b97c1d3f-45b5-4057-aa68-1c92e65b06dc___Crnl_L.Mold 8696_flipTB.JPG,Tomato___Leaf_Mold,Tomato___Tomato_mosaic_virus,0.4593702554702759
C:\Users\siddh\Downloads\plant dataset\New Plant Diseases Dataset(Augmented)\New Plant Diseases Dataset(Augmented)\valid\Tomato___Target_Spot\379d8b0b-aca7-450c-a1bb-80d0b3cd5033___Com.G_TgS_FL 9963.JPG,Tomato___Target_Spot,Tomato___Spider_mites Two-spotted_spider_mite,0.4593541622161865
C:\Users\siddh\Downloads\plant dataset\New Plant Diseases Dataset(Augmented)\New Plant Diseases Dataset(Augmented)\valid\Tomato___Tomato_Yellow_Leaf_Curl_Virus\e8db7386-db51-4952-ba59-4b7bc44b1520___YLCV_NREC 2688.JPG,Tomato___Tomato_Yellow_Leaf_Curl_Virus,Tomato___Spider_mites Two-spotted_spider_mite,0.4591048061847687
C:\Users\siddh\Downloads\plant dataset\New Plant Diseases Dataset(Augmented)\New Plant Diseases Dataset(Augmented)\valid\Apple___Black_rot\fe588823-1009-4181-88e6-bdbf70fe33c3___JR_FrgE.S 8655_new30degFlipLR.JPG,Apple___Black_rot,Apple___Apple_scab,0.459018349647522
C:\Users\siddh\Downloads\plant dataset\New Plant Diseases Dataset(Augmented)\New Plant Diseases Dataset(Augmented)\valid\Tomato___Tomato_Yellow_Leaf_Curl_Virus\befa4552-7850-4826-ab54-521f89240c88___YLCV_GCREC 2940.JPG,Tomato___Tomato_Yellow_Leaf_Curl_Virus,Tomato___Spider_mites Two-spotted_spider_mite,0.45836731791496277
C:\Users\siddh\Downloads\plant dataset\New Plant Diseases Dataset(Augmented)\New Plant Diseases Dataset(Augmented)\valid\Tomato___Leaf_Mold\e2d2986e-7661-4844-86a7-74d9494d0025___Crnl_L.Mold 8699_flipTB.JPG,Tomato___Leaf_Mold,Tomato___Septoria_leaf_spot,0.45801275968551636
C:\Users\siddh\Downloads\plant dataset\New Plant Diseases Dataset(Augmented)\New Plant Diseases Dataset(Augmented)\valid\Apple___healthy\ab56c266-3b13-43f0-9856-587367a3b45a___RS_HL 5770_flipTB.JPG,Apple___healthy,Apple___Black_rot,0.4579155445098877
C:\Users\siddh\Downloads\plant dataset\New Plant Diseases Dataset(Augmented)\New Plant Diseases Dataset(Augmented)\valid\Tomato___Target_Spot\1fef7bcc-bdc0-45dc-a8e6-1c9ee855a675___Com.G_TgS_FL 9950_new30degFlipLR.JPG,Tomato___Target_Spot,Apple___Apple_scab,0.4578838646411896
C:\Users\siddh\Downloads\plant dataset\New Plant Diseases Dataset(Augmented)\New Plant Diseases Dataset(Augmented)\valid\Tomato___Tomato_Yellow_Leaf_Curl_Virus\eec6cfb3-3856-4d30-a800-1dc0a1a11f13___UF.GRC_YLCV_Lab 08537.JPG,Tomato___Tomato_Yellow_Leaf_Curl_Virus,Tomato___Bacterial_spot,0.45779648423194885
C:\Users\siddh\Downloads\plant dataset\New Plant Diseases Dataset(Augmented)\New Plant Diseases Dataset(Augmented)\valid\Tomato___healthy\3b05e678-aa3c-47c6-9ebd-0650efd82b16___GH_HL Leaf 399_newPixel25.JPG,Tomato___healthy,Apple___Cedar_apple_rust,0.45729491114616394
C:\Users\siddh\Downloads\plant dataset\New Plant Diseases Dataset(Augmented)\New Plant Diseases Dataset(Augmented)\valid\Tomato___Target_Spot\c190c3ef-31e1-4d88-bb28-c6e747d4ff1f___Com.G_TgS_FL 9838.JPG,Tomato___Target_Spot,Tomato___Bacterial_spot,0.45702803134918213
C:\Users\siddh\Downloads\plant dataset\New Plant Diseases Dataset(Augmented)\New Plant Diseases Dataset(Augmented)\valid\Potato___healthy\111cd9d8-4d27-4225-be9e-d29b21cf56b9___RS_HL 5419_newGRR.JPG,Potato___healthy,Soybean___healthy,0.4570007026195526
C:\Users\siddh\Downloads\plant dataset\New Plant Diseases Dataset(Augmented)\New Plant Diseases Dataset(Augmented)\valid\Peach___Bacterial_spot\6ea7432c-ec09-4ab1-979b-ff39fe9a11a1___Rut._Bact.S 0983.JPG,Peach___Bacterial_spot,"Pepper,_bell___Bacterial_spot",0.45692622661590576
C:\Users\siddh\Downloads\plant dataset\New Plant Diseases Dataset(Augmented)\New Plant Diseases Dataset(Augmented)\valid\Tomato___Tomato_Yellow_Leaf_Curl_Virus\d3411f48-9c96-453f-8860-69ede64c9780___YLCV_GCREC 2741.JPG,Tomato___Tomato_Yellow_Leaf_Curl_Virus,Tomato___Tomato_mosaic_virus,0.45660415291786194
C:\Users\siddh\Downloads\plant dataset\New Plant Diseases Dataset(Augmented)\New Plant Diseases Dataset(Augmented)\valid\Tomato___healthy\989dc406-c1db-4a9c-9cda-ae66f1288b9b___RS_HL 0032.JPG,Tomato___healthy,Tomato___Target_Spot,0.4564794600009918
C:\Users\siddh\Downloads\plant dataset\New Plant Diseases Dataset(Augmented)\New Plant Diseases Dataset(Augmented)\valid\Tomato___Target_Spot\2c93d540-be61-4546-9cbc-74c776f19379___Com.G_TgS_FL 0690_newPixel25.JPG,Tomato___Target_Spot,Tomato___healthy,0.4562460780143738
C:\Users\siddh\Downloads\plant dataset\New Plant Diseases Dataset(Augmented)\New Plant Diseases Dataset(Augmented)\valid\Tomato___Tomato_Yellow_Leaf_Curl_Virus\b34be8f0-485a-409f-a61f-8b07ad59c87c___YLCV_NREC 2408.JPG,Tomato___Tomato_Yellow_Leaf_Curl_Virus,Tomato___Spider_mites Two-spotted_spider_mite,0.45620936155319214
C:\Users\siddh\Downloads\plant dataset\New Plant Diseases Dataset(Augmented)\New Plant Diseases Dataset(Augmented)\valid\Tomato___Bacterial_spot\3c7e6602-8832-4502-9a10-fc06389b9604___UF.GRC_BS_Lab Leaf 0641.JPG,Tomato___Bacterial_spot,Tomato___Late_blight,0.4561280906200409
C:\Users\siddh\Downloads\plant dataset\New Plant Diseases Dataset(Augmented)\New Plant Diseases Dataset(Augmented)\valid\Tomato___Early_blight\eea79799-a869-4a1f-bfa2-5c85a27716ae___RS_Erly.B 8391_flipTB.JPG,Tomato___Early_blight,"Pepper,_bell___Bacterial_spot",0.4558044970035553
C:\Users\siddh\Downloads\plant dataset\New Plant Diseases Dataset(Augmented)\New Plant Diseases Dataset(Augmented)\valid\Tomato___Target_Spot\e148d32e-b3e5-421f-8f30-838fc4792a71___Com.G_TgS_FL 0916.JPG,Tomato___Target_Spot,Tomato___healthy,0.45571210980415344
C:\Users\siddh\Downloads\plant dataset\New Plant Diseases Dataset(Augmented)\New Plant Diseases Dataset(Augmented)\valid\Tomato___Tomato_mosaic_virus\67662638-1bfa-4ff6-8305-2d8544277ef0___PSU_CG 2222_90deg.JPG,Tomato___Tomato_mosaic_virus,Tomato___Leaf_Mold,0.45564377307891846
C:\Users\siddh\Downloads\plant dataset\New Plant Diseases Dataset(Augmented)\New Plant Diseases Dataset(Augmented)\valid\Tomato___Leaf_Mold\59be5fe5-77f9-4538-a3c9-8c3be20f662d___Crnl_L.Mold 8938.JPG,Tomato___Leaf_Mold,Tomato___Late_blight,0.4554421305656433
C:\Users\siddh\Downloads\plant dataset\New Plant Diseases Dataset(Augmented)\New Plant Diseases Dataset(Augmented)\valid\Tomato___Tomato_Yellow_Leaf_Curl_Virus\de984d53-8f26-4801-806b-ce31b01b5a1a___YLCV_GCREC 2247.JPG,Tomato___Tomato_Yellow_Leaf_Curl_Virus,Tomato___Spider_mites Two-spotted_spider_mite,0.4553735852241516
C:\Users\siddh\Downloads\plant dataset\New Plant Diseases Dataset(Augmented)\New Plant Diseases Dataset(Augmented)\valid\Apple___healthy\c6d3d356-50ed-4d65-8d29-e1b1b9f8f478___RS_HL 7347.JPG,Apple___healthy,Apple___Black_rot,0.4552691876888275
C:\Users\siddh\Downloads\plant dataset\New Plant Diseases Dataset(Augmented)\New Plant Diseases Dataset(Augmented)\valid\Tomato___Target_Spot\711d5e75-cea6-4016-a259-a89f12293053___Com.G_TgS_FL 8291.JPG,Tomato___Target_Spot,Tomato___Spider_mites Two-spotted_spider_mite,0.45522433519363403
C:\Users\siddh\Downloads\plant dataset\New Plant Diseases Dataset(Augmented)\New Plant Diseases Dataset(Augmented)\valid\Potato___Late_blight\df6898c4-f3a1-4ff2-8f44-3bc45a8d4ec5___RS_LB 3316_180deg.JPG,Potato___Late_blight,"Pepper,_bell___healthy",0.4547494351863861
C:\Users\siddh\Downloads\plant dataset\New Plant Diseases Dataset(Augmented)\New Plant Diseases Dataset(Augmented)\valid\Potato___Early_blight\357b61ef-a56b-4207-aa26-161b0ef3e635___RS_Early.B 8492_180deg.JPG,Potato___Early_blight,Potato___Late_blight,0.4545806050300598
C:\Users\siddh\Downloads\plant dataset\New Plant Diseases Dataset(Augmented)\New Plant Diseases Dataset(Augmented)\valid\Tomato___Early_blight\87b7f08f-2ea2-4fce-bd6a-7aeee641652d___RS_Erly.B 8413_180deg.JPG,Tomato___Early_blight,Tomato___Late_blight,0.45454540848731995
C:\Users\siddh\Downloads\plant dataset\New Plant Diseases Dataset(Augmented)\New Plant Diseases Dataset(Augmented)\valid\Grape___healthy\14d473e9-7495-41fb-857a-b21d014950fb___Mt.N.V_HL 8997_270deg.JPG,Grape___healthy,Soybean___healthy,0.45400023460388184
C:\Users\siddh\Downloads\plant dataset\New Plant Diseases Dataset(Augmented)\New Plant Diseases Dataset(Augmented)\valid\Cherry_(including_sour)___Powdery_mildew\c4aac531-67ac-4117-8484-cfba3b091b7f___FREC_Pwd.M 5167_flipLR.JPG,Cherry_(including_sour)___Powdery_mildew,"Pepper,_bell___Bacterial_spot",0.4539240300655365
C:\Users\siddh\Downloads\plant dataset\New Plant Diseases Dataset(Augmented)\New Plant Diseases Dataset(Augmented)\valid\Strawberry___Leaf_scorch\264b9cb2-f632-4d66-bf0b-8f0f445866e9___RS_L.Scorch 9979_flipLR.JPG,Strawberry___Leaf_scorch,Grape___Leaf_blight_(Isariopsis_Leaf_Spot),0.45391514897346497
C:\Users\siddh\Downloads\plant dataset\New Plant Diseases Dataset(Augmented)\New Plant Diseases Dataset(Augmented)\valid\Apple___healthy\7e2b569c-2eb5-4f4e-af96-e4cde4971634___RS_HL 6136.JPG,Apple___healthy,Soybean___healthy,0.45363643765449524
C:\Users\siddh\Downloads\plant dataset\New Plant Diseases Dataset(Augmented)\New Plant Diseases Dataset(Augmented)\valid\Tomato___Early_blight\0f111718-a749-42cf-9495-412f4b51acf0___RS_Erly.B 7482.JPG,Tomato___Early_blight,Tomato___Late_blight,0.45354530215263367
C:\Users\siddh\Downloads\plant dataset\New Plant Diseases Dataset(Augmented)\New Plant Diseases Dataset(Augmented)\valid\Potato___healthy\36bdc44c-96a4-40bb-86f7-63a91d706e96___RS_HL 4203_270deg.JPG,Potato___healthy,Soybean___healthy,0.4534057378768921
C:\Users\siddh\Downloads\plant dataset\New Plant Diseases Dataset(Augmented)\New Plant Diseases Dataset(Augmented)\valid\Tomato___Leaf_Mold\c92cbefd-7687-4a82-a07e-95cf5990c1d9___Crnl_L.Mold 8698_flipTB.JPG,Tomato___Leaf_Mold,Tomato___Septoria_leaf_spot,0.4532459080219269
C:\Users\siddh\Downloads\plant dataset\New Plant Diseases Dataset(Augmented)\New Plant Diseases Dataset(Augmented)\valid\Soybean___healthy\657650da-1f8f-4acc-8ae1-9ef2ecba90c2___RS_HL 5750 1.JPG,Soybean___healthy,Apple___healthy,0.45218977332115173
"C:\Users\siddh\Downloads\plant dataset\New Plant Diseases Dataset(Augmented)\New Plant Diseases Dataset(Augmented)\valid\Pepper,_bell___Bacterial_spot\ead27319-4073-490e-80a0-08e916bbc1f2___JR_B.Spot 9084.JPG","Pepper,_bell___Bacterial_spot","Pepper,_bell___healthy",0.45210376381874084
C:\Users\siddh\Downloads\plant dataset\New Plant Diseases Dataset(Augmented)\New Plant Diseases Dataset(Augmented)\valid\Tomato___Leaf_Mold\41836b15-e96b-4d31-98c5-f9078970dd21___Crnl_L.Mold 6530.JPG,Tomato___Leaf_Mold,Tomato___Spider_mites Two-spotted_spider_mite,0.4520774781703949
C:\Users\siddh\Downloads\plant dataset\New Plant Diseases Dataset(Augmented)\New Plant Diseases Dataset(Augmented)\valid\Tomato___Late_blight\a0cdaa93-f328-466d-9722-57a29c53e18b___RS_Late.B 7006.JPG,Tomato___Late_blight,Tomato___Spider_mites Two-spotted_spider_mite,0.4517122507095337
C:\Users\siddh\Downloads\plant dataset\New Plant Diseases Dataset(Augmented)\New Plant Diseases Dataset(Augmented)\valid\Apple___Apple_scab\352a5659-3552-4e94-8333-c3715d38cc27___FREC_Scab 3049_90deg.JPG,Apple___Apple_scab,Raspberry___healthy,0.4514773488044739
C:\Users\siddh\Downloads\plant dataset\New Plant Diseases Dataset(Augmented)\New Plant Diseases Dataset(Augmented)\valid\Potato___healthy\5a3fc4bb-a78c-4276-8934-f0b037ffb860___RS_HL 5412_flipLR.JPG,Potato___healthy,Tomato___Spider_mites Two-spotted_spider_mite,0.45120763778686523
C:\Users\siddh\Downloads\plant dataset\New Plant Diseases Dataset(Augmented)\New Plant Diseases Dataset(Augmented)\valid\Tomato___healthy\466832f0-bff9-4766-a597-dc89880a7b4a___RS_HL 0111.JPG,Tomato___healthy,Tomato___Target_Spot,0.451206237077713
C:\Users\siddh\Downloads\plant dataset\New Plant Diseases Dataset(Augmented)\New Plant Diseases Dataset(Augmented)\valid\Tomato___Leaf_Mold\c1672351-bc9d-46b1-b9bc-332f9a9505bb___Crnl_L.Mold 8819_180deg.JPG,Tomato___Leaf_Mold,Tomato___Septoria_leaf_spot,0.4504871070384979
C:\Users\siddh\Downloads\plant dataset\New Plant Diseases Dataset(Augmented)\New Plant Diseases Dataset(Augmented)\valid\Apple___Apple_scab\b4dd08e1-926f-41e0-b266-c2f37cea3203___FREC_Scab 3030_90deg.JPG,Apple___Apple_scab,Cherry_(including_sour)___healthy,0.45037010312080383
C:\Users\siddh\Downloads\plant dataset\New Plant Diseases Dataset(Augmented)\New Plant Diseases Dataset(Augmented)\valid\Tomato___Target_Spot\0fccb8d0-3f91-442c-8d74-6dbfb163f8a9___Com.G_TgS_FL 8365_new30degFlipLR.JPG,Tomato___Target_Spot,Tomato___healthy,0.4503149688243866
C:\Users\siddh\Downloads\plant dataset\New Plant Diseases Dataset(Augmented)\New Plant Diseases Dataset(Augmented)\valid\Tomato___Septoria_leaf_spot\3a89c017-4b4b-4f64-a018-05c98a2fa611___Matt.S_CG 1219_180deg.JPG,Tomato___Septoria_leaf_spot,Tomato___Bacterial_spot,0.45023325085639954
C:\Users\siddh\Downloads\plant dataset\New Plant Diseases Dataset(Augmented)\New Plant Diseases Dataset(Augmented)\valid\Apple___Apple_scab\0208f4eb-45a4-4399-904e-989ac2c6257c___FREC_Scab 3037_90deg.JPG,Apple___Apple_scab,Tomato___Late_blight,0.4501725435256958
"C:\Users\siddh\Downloads\plant dataset\New Plant Diseases Dataset(Augmented)\New Plant Diseases Dataset(Augmented)\valid\Pepper,_bell___healthy\2b7b288c-141a-495f-9df0-3199a2815c9a___JR_HL 8731_180deg.JPG","Pepper,_bell___healthy",Potato___healthy,0.45001330971717834
C:\Users\siddh\Downloads\plant dataset\New Plant Diseases Dataset(Augmented)\New Plant Diseases Dataset(Augmented)\valid\Tomato___Leaf_Mold\41b84dbf-0402-4480-a0b2-55ab4686dcdf___Crnl_L.Mold 8933_flipTB.JPG,Tomato___Leaf_Mold,Tomato___Late_blight,0.4497924745082855
C:\Users\siddh\Downloads\plant dataset\New Plant Diseases Dataset(Augmented)\New Plant Diseases Dataset(Augmented)\valid\Apple___healthy\8e4e37b7-0ac8-44d3-90e7-001bf26aa5f3___RS_HL 7417.JPG,Apple___healthy,Tomato___healthy,0.44948840141296387
C:\Users\siddh\Downloads\plant dataset\New Plant Diseases Dataset(Augmented)\New Plant Diseases Dataset(Augmented)\valid\Tomato___Bacterial_spot\ee0ba215-e20d-4ba0-855e-2610d771fb3c___GCREC_Bact.Sp 3509.JPG,Tomato___Bacterial_spot,Apple___healthy,0.4494689404964447
C:\Users\siddh\Downloads\plant dataset\New Plant Diseases Dataset(Augmented)\New Plant Diseases Dataset(Augmented)\valid\Peach___healthy\1bfd0438-e8ea-4581-a20e-b4aba6f2ff87___Rutg._HL 3527_new30degFlipLR.JPG,Peach___healthy,Apple___Apple_scab,0.44925013184547424
C:\Users\siddh\Downloads\plant dataset\New Plant Diseases Dataset(Augmented)\New Plant Diseases Dataset(Augmented)\valid\Raspberry___healthy\4ad8532d-57cd-41b7-af50-c6e13e009ae8___Mary_HL 9236_270deg.JPG,Raspberry___healthy,Strawberry___healthy,0.44795864820480347
C:\Users\siddh\Downloads\plant dataset\New Plant Diseases Dataset(Augmented)\New Plant Diseases Dataset(Augmented)\valid\Tomato___Septoria_leaf_spot\89d94469-6bd0-4b98-8736-bf9a1247271f___Matt.S_CG 7410.JPG,Tomato___Septoria_leaf_spot,Tomato___Target_Spot,0.4471034109592438
C:\Users\siddh\Downloads\plant dataset\New Plant Diseases Dataset(Augmented)\New Plant Diseases Dataset(Augmented)\valid\Apple___Black_rot\75e9b8ed-e579-469c-96ec-d964fc7d4d90___JR_FrgE.S 8581_new30degFlipLR.JPG,Apple___Black_rot,Peach___healthy,0.4454424977302551
"C:\Users\siddh\Downloads\plant dataset\New Plant Diseases Dataset(Augmented)\New Plant Diseases Dataset(Augmented)\valid\Pepper,_bell___healthy\4e6e9475-7cdb-443b-aacf-3e10d937e1a3___JR_HL 8290_newPixel25.JPG","Pepper,_bell___healthy",Peach___healthy,0.44489532709121704
C:\Users\siddh\Downloads\plant dataset\New Plant Diseases Dataset(Augmented)\New Plant Diseases Dataset(Augmented)\valid\Tomato___Target_Spot\1c980f09-7e37-4e57-96e5-d18783691134___Com.G_TgS_FL 9908.JPG,Tomato___Target_Spot,Tomato___Late_blight,0.4447619616985321
C:\Users\siddh\Downloads\plant dataset\New Plant Diseases Dataset(Augmented)\New Plant Diseases Dataset(Augmented)\valid\Tomato___Bacterial_spot\18f11c42-356f-4f3a-bc6d-f770dd101ba4___GCREC_Bact.Sp 5631.JPG,Tomato___Bacterial_spot,Tomato___Septoria_leaf_spot,0.444536954164505
C:\Users\siddh\Downloads\plant dataset\New Plant Diseases Dataset(Augmented)\New Plant Diseases Dataset(Augmented)\valid\Tomato___Bacterial_spot\9a9f7f17-5af2-4b88-95f4-6d5e1776dd18___UF.GRC_BS_Lab Leaf 0267.JPG,Tomato___Bacterial_spot,Tomato___Late_blight,0.4443868100643158
C:\Users\siddh\Downloads\plant dataset\New Plant Diseases Dataset(Augmented)\New Plant Diseases Dataset(Augmented)\valid\Tomato___Leaf_Mold\c6a98e7b-610d-462e-895e-f415dcc0fcfb___Crnl_L.Mold 8869_flipTB.JPG,Tomato___Leaf_Mold,Tomato___Late_blight,0.44381722807884216
C:\Users\siddh\Downloads\plant dataset\New Plant Diseases Dataset(Augmented)\New Plant Diseases Dataset(Augmented)\valid\Tomato___Target_Spot\0197df47-a9cb-4b6c-b72c-ac0e9af6d135___Com.G_TgS_FL 0779.JPG,Tomato___Target_Spot,Tomato___healthy,0.4435005486011505
C:\Users\siddh\Downloads\plant dataset\New Plant Diseases Dataset(Augmented)\New Plant Diseases Dataset(Augmented)\valid\Tomato___Late_blight\84b7d3ab-56ae-4eef-a852-7b32f3ef0160___GHLB2 Leaf 150.JPG,Tomato___Late_blight,Orange___Haunglongbing_(Citrus_greening),0.4432791769504547
C:\Users\siddh\Downloads\plant dataset\New Plant Diseases Dataset(Augmented)\New Plant Diseases Dataset(Augmented)\valid\Tomato___Target_Spot\b8514357-a1cf-454c-b6c3-9873b8a1bab9___Com.G_TgS_FL 9903.JPG,Tomato___Target_Spot,Tomato___Spider_mites Two-spotted_spider_mite,0.4432688355445862
C:\Users\siddh\Downloads\plant dataset\New Plant Diseases Dataset(Augmented)\New Plant Diseases Dataset(Augmented)\valid\Tomato___Leaf_Mold\f6c43250-2d85-42fb-85e6-57699cbb9350___Crnl_L.Mold 6765_180deg.JPG,Tomato___Leaf_Mold,Tomato___Septoria_leaf_spot,0.44324782490730286
C:\Users\siddh\Downloads\plant dataset\New Plant Diseases Dataset(Augmented)\New Plant Diseases Dataset(Augmented)\valid\Apple___Apple_scab\9431682d-6de3-4b1f-bdde-11b706fe2e85___FREC_Scab 3029.JPG,Apple___Apple_scab,Cherry_(including_sour)___healthy,0.4431101083755493
C:\Users\siddh\Downloads\plant dataset\New Plant Diseases Dataset(Augmented)\New Plant Diseases Dataset(Augmented)\valid\Tomato___Target_Spot\a1d8306e-51da-4e73-bb56-7233c6c08143___Com.G_TgS_FL 8170.JPG,Tomato___Target_Spot,Tomato___healthy,0.44307902455329895
C:\Users\siddh\Downloads\plant dataset\New Plant Diseases Dataset(Augmented)\New Plant Diseases Dataset(Augmented)\valid\Tomato___Target_Spot\ba1699ce-ca94-4f42-910d-c1236695c331___Com.G_TgS_FL 0844.JPG,Tomato___Target_Spot,Tomato___healthy,0.44306522607803345
C:\Users\siddh\Downloads\plant dataset\New Plant Diseases Dataset(Augmented)\New Plant Diseases Dataset(Augmented)\valid\Tomato___Septoria_leaf_spot\131407de-62dc-44bf-81c8-b0c4c173df9e___JR_Sept.L.S 2726.JPG,Tomato___Septoria_leaf_spot,Tomato___Tomato_mosaic_virus,0.4428194463253021
C:\Users\siddh\Downloads\plant dataset\New Plant Diseases Dataset(Augmented)\New Plant Diseases Dataset(Augmented)\valid\Tomato___Early_blight\c684e255-de5d-4905-b934-962180be33cb___RS_Erly.B 7353_flipTB.JPG,Tomato___Early_blight,Tomato___Spider_mites Two-spotted_spider_mite,0.44278743863105774
C:\Users\siddh\Downloads\plant dataset\New Plant Diseases Dataset(Augmented)\New Plant Diseases Dataset(Augmented)\valid\Potato___healthy\f0fdde26-78b4-46f0-9eb8-7c2a743d34aa___RS_HL 4165_new30degFlipLR.JPG,Potato___healthy,Soybean___healthy,0.4420151114463806
C:\Users\siddh\Downloads\plant dataset\New Plant Diseases Dataset(Augmented)\New Plant Diseases Dataset(Augmented)\valid\Tomato___Late_blight\6dd1bc0c-72c3-420c-aa48-c3bb4ca8dc7c___GHLB2 Leaf 83.1.JPG,Tomato___Late_blight,Apple___Cedar_apple_rust,0.44168710708618164
C:\Users\siddh\Downloads\plant dataset\New Plant Diseases Dataset(Augmented)\New Plant Diseases Dataset(Augmented)\valid\Tomato___Early_blight\c66ca8bd-a004-4efb-a66c-3be5168aaaca___RS_Erly.B 7826_flipTB.JPG,Tomato___Early_blight,Tomato___Late_blight,0.4416366517543793
C:\Users\siddh\Downloads\plant dataset\New Plant Diseases Dataset(Augmented)\New Plant Diseases Dataset(Augmented)\valid\Tomato___Target_Spot\86d175d4-99b2-4967-9464-51bd7c7942bb___Com.G_TgS_FL 9865.JPG,Tomato___Target_Spot,Tomato___Bacterial_spot,0.44160279631614685
C:\Users\siddh\Downloads\plant dataset\New Plant Diseases Dataset(Augmented)\New Plant Diseases Dataset(Augmented)\valid\Corn_(maize)___healthy\139db478-1c5e-4749-9b14-885376bfd8e3___R.S_HL 5493 copy 3.jpg,Corn_(maize)___healthy,Corn_(maize)___Cercospora_leaf_spot Gray_leaf_spot,0.44157809019088745
C:\Users\siddh\Downloads\plant dataset\New Plant Diseases Dataset(Augmented)\New Plant Diseases Dataset(Augmented)\valid\Tomato___Leaf_Mold\a2923cd0-fc9c-471e-a97c-b92701c17af2___Crnl_L.Mold 6682_180deg.JPG,Tomato___Leaf_Mold,Tomato___Tomato_mosaic_virus,0.44140517711639404
C:\Users\siddh\Downloads\plant dataset\New Plant Diseases Dataset(Augmented)\New Plant Diseases Dataset(Augmented)\valid\Strawberry___Leaf_scorch\eccc2000-fb04-4c85-8a90-11498d11addd___RS_L.Scorch 9945_flipLR.JPG,Strawberry___Leaf_scorch,Grape___Esca_(Black_Measles),0.44136694073677063
C:\Users\siddh\Downloads\plant dataset\New Plant Diseases Dataset(Augmented)\New Plant Diseases Dataset(Augmented)\valid\Soybean___healthy\d95572f8-b8d2-429a-a0a7-e50d45249e13___RS_HL 6465.JPG,Soybean___healthy,Apple___healthy,0.44133108854293823
C:\Users\siddh\Downloads\plant dataset\New Plant Diseases Dataset(Augmented)\New Plant Diseases Dataset(Augmented)\valid\Tomato___Septoria_leaf_spot\ab242fd5-a0d8-4080-b2e1-15bc475c13c0___JR_Sept.L.S 2713.JPG,Tomato___Septoria_leaf_spot,Tomato___Tomato_mosaic_virus,0.44123199582099915
C:\Users\siddh\Downloads\plant dataset\New Plant Diseases Dataset(Augmented)\New Plant Diseases Dataset(Augmented)\valid\Tomato___Septoria_leaf_spot\bc462a9d-4df2-4675-bce7-fb226d8f6d35___Matt.S_CG 1401.JPG,Tomato___Septoria_leaf_spot,Soybean___healthy,0.44117939472198486
C:\Users\siddh\Downloads\plant dataset\New Plant Diseases Dataset(Augmented)\New Plant Diseases Dataset(Augmented)\valid\Grape___Leaf_blight_(Isariopsis_Leaf_Spot)\9ee84925-2772-44ee-95f8-aac03f6495f6___FAM_L.Blight 1595_flipLR.JPG,Grape___Leaf_blight_(Isariopsis_Leaf_Spot),Grape___Black_rot,0.4409068822860718
C:\Users\siddh\Downloads\plant dataset\New Plant Diseases Dataset(Augmented)\New Plant Diseases Dataset(Augmented)\valid\Tomato___Spider_mites Two-spotted_spider_mite\3d56ef50-1028-4b69-b04c-e1800cc740aa___Com.G_SpM_FL 1440_180deg.JPG,Tomato___Spider_mites Two-spotted_spider_mite,Tomato___Tomato_mosaic_virus,0.440807580947876
C:\Users\siddh\Downloads\plant dataset\New Plant Diseases Dataset(Augmented)\New Plant Diseases Dataset(Augmented)\valid\Potato___Early_blight\c9296b35-7b8b-4ac2-99db-07c426ec774b___RS_Early.B 6832.JPG,Potato___Early_blight,Potato___healthy,0.43967750668525696
C:\Users\siddh\Downloads\plant dataset\New Plant Diseases Dataset(Augmented)\New Plant Diseases Dataset(Augmented)\valid\Tomato___Early_blight\accd568b-73d3-49f9-8ddb-4a51e1595383___RS_Erly.B 6375.JPG,Tomato___Early_blight,Tomato___Bacterial_spot,0.4395581781864166
C:\Users\siddh\Downloads\plant dataset\New Plant Diseases Dataset(Augmented)\New Plant Diseases Dataset(Augmented)\valid\Cherry_(including_sour)___healthy\33fa5349-1348-4b48-9677-f1dfdff20474___JR_HL 3951.JPG,Cherry_(including_sour)___healthy,Apple___Black_rot,0.4390878677368164
C:\Users\siddh\Downloads\plant dataset\New Plant Diseases Dataset(Augmented)\New Plant Diseases Dataset(Augmented)\valid\Cherry_(including_sour)___Powdery_mildew\5ec8805d-ee83-4bcc-a76f-e6bfbeed7a71___FREC_Pwd.M 5158_flipLR.JPG,Cherry_(including_sour)___Powdery_mildew,Tomato___Leaf_Mold,0.4380553662776947
C:\Users\siddh\Downloads\plant dataset\New Plant Diseases Dataset(Augmented)\New Plant Diseases Dataset(Augmented)\valid\Apple___healthy\c8f83443-9ab6-483b-99e2-d90760e32ea3___RS_HL 7535_flipTB.JPG,Apple___healthy,Peach___healthy,0.43769463896751404
C:\Users\siddh\Downloads\plant dataset\New Plant Diseases Dataset(Augmented)\New Plant Diseases Dataset(Augmented)\valid\Tomato___Leaf_Mold\c6a98e7b-610d-462e-895e-f415dcc0fcfb___Crnl_L.Mold 8869_180deg.JPG,Tomato___Leaf_Mold,Tomato___Late_blight,0.43731045722961426
C:\Users\siddh\Downloads\plant dataset\New Plant Diseases Dataset(Augmented)\New Plant Diseases Dataset(Augmented)\valid\Tomato___Target_Spot\0e8a96d7-528a-4d09-8263-2a2d92f3c3b1___Com.G_TgS_FL 8337_newPixel25.JPG,Tomato___Target_Spot,Tomato___healthy,0.43725183606147766
C:\Users\siddh\Downloads\plant dataset\New Plant Diseases Dataset(Augmented)\New Plant Diseases Dataset(Augmented)\valid\Tomato___Early_blight\f33995ae-6456-476c-b832-4ff4cbaf49f7___RS_Erly.B 7525.JPG,Tomato___Early_blight,Tomato___Bacterial_spot,0.43650543689727783
C:\Users\siddh\Downloads\plant dataset\New Plant Diseases Dataset(Augmented)\New Plant Diseases Dataset(Augmented)\valid\Tomato___Leaf_Mold\53a46a74-0eb9-43e4-9480-1540475cf419___Crnl_L.Mold 8892.JPG,Tomato___Leaf_Mold,Tomato___Late_blight,0.4363357424736023
C:\Users\siddh\Downloads\plant dataset\New Plant Diseases Dataset(Augmented)\New Plant Diseases Dataset(Augmented)\valid\Tomato___Early_blight\503785a3-9eaa-4887-b832-2288f747624a___RS_Erly.B 7636.JPG,Tomato___Early_blight,Tomato___Bacterial_spot,0.43539461493492126
C:\Users\siddh\Downloads\plant dataset\New Plant Diseases Dataset(Augmented)\New Plant Diseases Dataset(Augmented)\valid\Tomato___healthy\4b7deb4f-5bce-4915-ba64-7e75c66624c2___RS_HL 0153.JPG,Tomato___healthy,Tomato___Target_Spot,0.4350065588951111
C:\Users\siddh\Downloads\plant dataset\New Plant Diseases Dataset(Augmented)\New Plant Diseases Dataset(Augmented)\valid\Tomato___healthy\2ee6d2c6-a766-422c-a710-e89582d8155e___GH_HL Leaf 470_new30degFlipLR.JPG,Tomato___healthy,Apple___Apple_scab,0.4344203770160675
C:\Users\siddh\Downloads\plant dataset\New Plant Diseases Dataset(Augmented)\New Plant Diseases Dataset(Augmented)\valid\Tomato___Early_blight\e3aef05b-9ed6-421c-a44d-82a996b3e3bb___RS_Erly.B 7803.JPG,Tomato___Early_blight,Tomato___Late_blight,0.4342855215072632
C:\Users\siddh\Downloads\plant dataset\New Plant Diseases Dataset(Augmented)\New Plant Diseases Dataset(Augmented)\valid\Grape___Black_rot\8e972621-5e05-4b55-a371-80c1db805fff___FAM_B.Rot 0402_flipLR.JPG,Grape___Black_rot,"Pepper,_bell___Bacterial_spot",0.43410223722457886
C:\Users\siddh\Downloads\plant dataset\New Plant Diseases Dataset(Augmented)\New Plant Diseases Dataset(Augmented)\valid\Tomato___Septoria_leaf_spot\650abe19-6687-4d96-ad08-1c887b8c2a62___JR_Sept.L.S 8497.JPG,Tomato___Septoria_leaf_spot,Tomato___Late_blight,0.4337676465511322
C:\Users\siddh\Downloads\plant dataset\New Plant Diseases Dataset(Augmented)\New Plant Diseases Dataset(Augmented)\valid\Tomato___Septoria_leaf_spot\70fb038b-90e8-4218-a440-4db6daa90fe0___Matt.S_CG 1102.JPG,Tomato___Septoria_leaf_spot,Tomato___Bacterial_spot,0.433376669883728
C:\Users\siddh\Downloads\plant dataset\New Plant Diseases Dataset(Augmented)\New Plant Diseases Dataset(Augmented)\valid\Tomato___Early_blight\533debcd-c993-4c11-8515-9ec280cdc023___RS_Erly.B 7389_180deg.JPG,Tomato___Early_blight,Tomato___Late_blight,0.4332621693611145
C:\Users\siddh\Downloads\plant dataset\New Plant Diseases Dataset(Augmented)\New Plant Diseases Dataset(Augmented)\valid\Tomato___Early_blight\8597694d-3162-40ab-9f5b-e8c7cf03e045___RS_Erly.B 9485.JPG,Tomato___Early_blight,Tomato___Bacterial_spot,0.4328517019748688
"C:\Users\siddh\Downloads\plant dataset\New Plant Diseases Dataset(Augmented)\New Plant Diseases Dataset(Augmented)\valid\Pepper,_bell___Bacterial_spot\a1e5160a-2a84-4b52-b765-4fbc507682a8___JR_B.Spot 3266_flipTB.JPG","Pepper,_bell___Bacterial_spot","Pepper,_bell___healthy",0.43257442116737366
C:\Users\siddh\Downloads\plant dataset\New Plant Diseases Dataset(Augmented)\New Plant Diseases Dataset(Augmented)\valid\Tomato___Target_Spot\6c213594-9828-4c8e-ad0a-4e5cb6276f4b___Com.G_TgS_FL 7924.JPG,Tomato___Target_Spot,Tomato___Spider_mites Two-spotted_spider_mite,0.4318370819091797
C:\Users\siddh\Downloads\plant dataset\New Plant Diseases Dataset(Augmented)\New Plant Diseases Dataset(Augmented)\valid\Apple___Apple_scab\55cd6283-a5b1-47e9-b061-c7692c8ba781___FREC_Scab 3460.JPG,Apple___Apple_scab,Peach___Bacterial_spot,0.43177729845046997
C:\Users\siddh\Downloads\plant dataset\New Plant Diseases Dataset(Augmented)\New Plant Diseases Dataset(Augmented)\valid\Grape___Leaf_blight_(Isariopsis_Leaf_Spot)\0cd3c290-1fe0-47e1-a2a4-ad8566fb7147___FAM_L.Blight 1714.JPG,Grape___Leaf_blight_(Isariopsis_Leaf_Spot),Tomato___Septoria_leaf_spot,0.43175214529037476
C:\Users\siddh\Downloads\plant dataset\New Plant Diseases Dataset(Augmented)\New Plant Diseases Dataset(Augmented)\valid\Potato___Early_blight\20978e65-f4d0-419a-bab9-f6042ab2d318___RS_Early.B 6868_flipTB.JPG,Potato___Early_blight,Potato___healthy,0.43141284584999084
C:\Users\siddh\Downloads\plant dataset\New Plant Diseases Dataset(Augmented)\New Plant Diseases Dataset(Augmented)\valid\Tomato___healthy\1fa569d8-45ba-4633-b66d-3fdb07ed523e___RS_HL 0533_flipTB.JPG,Tomato___healthy,Tomato___Spider_mites Two-spotted_spider_mite,0.43134576082229614
C:\Users\siddh\Downloads\plant dataset\New Plant Diseases Dataset(Augmented)\New Plant Diseases Dataset(Augmented)\valid\Tomato___Target_Spot\ad5a2a34-2d92-42e8-a11e-5c473b65e77a___Com.G_TgS_FL 9890.JPG,Tomato___Target_Spot,Tomato___Spider_mites Two-spotted_spider_mite,0.4299929141998291
C:\Users\siddh\Downloads\plant dataset\New Plant Diseases Dataset(Augmented)\New Plant Diseases Dataset(Augmented)\valid\Tomato___Early_blight\65568918-2d9c-4f0c-aa9d-3f4fa8b9a60c___RS_Erly.B 7354.JPG,Tomato___Early_blight,Tomato___Bacterial_spot,0.4292715787887573
C:\Users\siddh\Downloads\plant dataset\New Plant Diseases Dataset(Augmented)\New Plant Diseases Dataset(Augmented)\valid\Tomato___Leaf_Mold\f6c104df-09ed-467c-8e67-30d5bd5d7cd2___Crnl_L.Mold 6829.JPG,Tomato___Leaf_Mold,Tomato___Spider_mites Two-spotted_spider_mite,0.4292418956756592
C:\Users\siddh\Downloads\plant dataset\New Plant Diseases Dataset(Augmented)\New Plant Diseases Dataset(Augmented)\valid\Tomato___Spider_mites Two-spotted_spider_mite\74f16a00-dacc-42ae-ba07-ed3a22ba1ecc___Com.G_SpM_FL 8625.JPG,Tomato___Spider_mites Two-spotted_spider_mite,Tomato___Late_blight,0.4286879301071167
C:\Users\siddh\Downloads\plant dataset\New Plant Diseases Dataset(Augmented)\New Plant Diseases Dataset(Augmented)\valid\Tomato___Bacterial_spot\456afc9b-bdae-4506-a04f-aa228de3dd2b___GCREC_Bact.Sp 3548.JPG,Tomato___Bacterial_spot,Tomato___Target_Spot,0.42865681648254395
C:\Users\siddh\Downloads\plant dataset\New Plant Diseases Dataset(Augmented)\New Plant Diseases Dataset(Augmented)\valid\Tomato___Septoria_leaf_spot\50cb3118-d96b-4805-b975-99a443575a64___Matt.S_CG 7409.JPG,Tomato___Septoria_leaf_spot,Tomato___Target_Spot,0.4285101890563965
C:\Users\siddh\Downloads\plant dataset\New Plant Diseases Dataset(Augmented)\New Plant Diseases Dataset(Augmented)\valid\Tomato___Early_blight\cf7acf3d-e079-4587-b3e8-bafe507c40d5___RS_Erly.B 8246.JPG,Tomato___Early_blight,Tomato___Late_blight,0.42809608578681946
C:\Users\siddh\Downloads\plant dataset\New Plant Diseases Dataset(Augmented)\New Plant Diseases Dataset(Augmented)\valid\Tomato___Tomato_mosaic_virus\00c07a77-15e6-4815-92d4-8d1e1afb7f3c___PSU_CG 2052_180deg.JPG,Tomato___Tomato_mosaic_virus,"Pepper,_bell___Bacterial_spot",0.4279963970184326
C:\Users\siddh\Downloads\plant dataset\New Plant Diseases Dataset(Augmented)\New Plant Diseases Dataset(Augmented)\valid\Cherry_(including_sour)___Powdery_mildew\0b1da03f-3c6e-4977-96b7-6460433168b8___FREC_Pwd.M 5137_flipLR.JPG,Cherry_(including_sour)___Powdery_mildew,Tomato___healthy,0.42794355750083923
"C:\Users\siddh\Downloads\plant dataset\New Plant Diseases Dataset(Augmented)\New Plant Diseases Dataset(Augmented)\valid\Pepper,_bell___healthy\4b305da8-ccc7-4c6c-938c-cef12420aaab___JR_HL 5954_new30degFlipLR.JPG","Pepper,_bell___healthy",Apple___Apple_scab,0.42713358998298645
C:\Users\siddh\Downloads\plant dataset\New Plant Diseases Dataset(Augmented)\New Plant Diseases Dataset(Augmented)\valid\Grape___Esca_(Black_Measles)\6f4e3e0f-9e84-451e-b3aa-61e665ef49b6___FAM_B.Msls 3951.JPG,Grape___Esca_(Black_Measles),Grape___Black_rot,0.4270465075969696
C:\Users\siddh\Downloads\plant dataset\New Plant Diseases Dataset(Augmented)\New Plant Diseases Dataset(Augmented)\valid\Tomato___Leaf_Mold\9f8e73b0-a649-44db-b77c-547a8ef7912d___Crnl_L.Mold 9171.JPG,Tomato___Leaf_Mold,Tomato___Bacterial_spot,0.4266394078731537
C:\Users\siddh\Downloads\plant dataset\New Plant Diseases Dataset(Augmented)\New Plant Diseases Dataset(Augmented)\valid\Tomato___Leaf_Mold\fcfc6758-32cd-4e18-8d56-e3ffde988921___Crnl_L.Mold 6591_flipTB.JPG,Tomato___Leaf_Mold,Potato___healthy,0.4265913665294647
C:\Users\siddh\Downloads\plant dataset\New Plant Diseases Dataset(Augmented)\New Plant Diseases Dataset(Augmented)\valid\Peach___healthy\92330542-da73-46c4-888d-5a42714366d7___Rutg._HL 3559_new30degFlipLR.JPG,Peach___healthy,Apple___Apple_scab,0.4265558421611786
C:\Users\siddh\Downloads\plant dataset\New Plant Diseases Dataset(Augmented)\New Plant Diseases Dataset(Augmented)\valid\Tomato___healthy\0b5cfce2-38fd-4984-8926-2d2911c48490___RS_HL 9733_newPixel25.JPG,Tomato___healthy,Tomato___Tomato_mosaic_virus,0.42632657289505005
C:\Users\siddh\Downloads\plant dataset\New Plant Diseases Dataset(Augmented)\New Plant Diseases Dataset(Augmented)\valid\Corn_(maize)___Cercospora_leaf_spot Gray_leaf_spot\7a93142b-986d-46d4-ad77-646d64f418dc___RS_GLSp 9341_new30degFlipLR.JPG,Corn_(maize)___Cercospora_leaf_spot Gray_leaf_spot,Corn_(maize)___Common_rust_,0.4259864091873169
C:\Users\siddh\Downloads\plant dataset\New Plant Diseases Dataset(Augmented)\New Plant Diseases Dataset(Augmented)\valid\Tomato___Leaf_Mold\f80ea01a-c910-4f53-b415-9b327dc51402___Crnl_L.Mold 6804_flipTB.JPG,Tomato___Leaf_Mold,Tomato___Spider_mites Two-spotted_spider_mite,0.42583075165748596
C:\Users\siddh\Downloads\plant dataset\New Plant Diseases Dataset(Augmented)\New Plant Diseases Dataset(Augmented)\valid\Corn_(maize)___Cercospora_leaf_spot Gray_leaf_spot\71deb36b-bebd-4f7e-8ed3-362b1bbf86b2___RS_GLSp 4446_new30degFlipLR.JPG,Corn_(maize)___Cercospora_leaf_spot Gray_leaf_spot,Corn_(maize)___Common_rust_,0.4247288107872009
C:\Users\siddh\Downloads\plant dataset\New Plant Diseases Dataset(Augmented)\New Plant Diseases Dataset(Augmented)\valid\Squash___Powdery_mildew\64285e8e-2cfe-4a79-9327-72b8e1af78ae___UMD_Powd.M 9658.JPG,Squash___Powdery_mildew,Apple___Apple_scab,0.4244500398635864
C:\Users\siddh\Downloads\plant dataset\New Plant Diseases Dataset(Augmented)\New Plant Diseases Dataset(Augmented)\valid\Tomato___Target_Spot\5f693474-3522-4b5e-adaa-2f55e407f45e___Com.G_TgS_FL 8049.JPG,Tomato___Target_Spot,"Pepper,_bell___Bacterial_spot",0.4243260324001312
C:\Users\siddh\Downloads\plant dataset\New Plant Diseases Dataset(Augmented)\New Plant Diseases Dataset(Augmented)\valid\Tomato___healthy\0cabff41-b00b-4692-98af-6b8b0aeba7aa___RS_HL 9774_new30degFlipLR.JPG,Tomato___healthy,Potato___healthy,0.42365312576293945
C:\Users\siddh\Downloads\plant dataset\New Plant Diseases Dataset(Augmented)\New Plant Diseases Dataset(Augmented)\valid\Tomato___Tomato_Yellow_Leaf_Curl_Virus\e346fbf7-5888-423a-b2c6-ff67dd1e3b3f___YLCV_GCREC 2166.JPG,Tomato___Tomato_Yellow_Leaf_Curl_Virus,Tomato___Spider_mites Two-spotted_spider_mite,0.42357370257377625
C:\Users\siddh\Downloads\plant dataset\New Plant Diseases Dataset(Augmented)\New Plant Diseases Dataset(Augmented)\valid\Strawberry___healthy\a34f4043-6213-42b5-a837-b372ef04c959___RS_HL 4454_new30degFlipLR.JPG,Strawberry___healthy,Raspberry___healthy,0.4227886199951172
C:\Users\siddh\Downloads\plant dataset\New Plant Diseases Dataset(Augmented)\New Plant Diseases Dataset(Augmented)\valid\Tomato___Leaf_Mold\87e7e3be-acc9-45bf-a843-5528b1ec9484___Crnl_L.Mold 8924_180deg.JPG,Tomato___Leaf_Mold,Tomato___Tomato_mosaic_virus,0.4226851463317871
C:\Users\siddh\Downloads\plant dataset\New Plant Diseases Dataset(Augmented)\New Plant Diseases Dataset(Augmented)\valid\Tomato___Tomato_mosaic_virus\7d688270-b9e9-41fb-a22a-6af2f6285b46___PSU_CG 2091.JPG,Tomato___Tomato_mosaic_virus,Tomato___healthy,0.42261365056037903
C:\Users\siddh\Downloads\plant dataset\New Plant Diseases Dataset(Augmented)\New Plant Diseases Dataset(Augmented)\valid\Tomato___Early_blight\0e2abcfb-e62b-4c61-a24a-0800cad904a8___RS_Erly.B 7382.JPG,Tomato___Early_blight,Tomato___Spider_mites Two-spotted_spider_mite,0.4224867820739746
C:\Users\siddh\Downloads\plant dataset\New Plant Diseases Dataset(Augmented)\New Plant Diseases Dataset(Augmented)\valid\Tomato___Leaf_Mold\90d8cc22-bf80-4882-ae80-0a8e02c7ef92___Crnl_L.Mold 6789_180deg.JPG,Tomato___Leaf_Mold,Tomato___Spider_mites Two-spotted_spider_mite,0.4224720001220703
C:\Users\siddh\Downloads\plant dataset\New Plant Diseases Dataset(Augmented)\New Plant Diseases Dataset(Augmented)\valid\Tomato___Septoria_leaf_spot\ba371c18-0d08-4c18-a8d8-e7c716fa9cfa___Matt.S_CG 6518.JPG,Tomato___Septoria_leaf_spot,Tomato___Bacterial_spot,0.4223092794418335
C:\Users\siddh\Downloads\plant dataset\New Plant Diseases Dataset(Augmented)\New Plant Diseases Dataset(Augmented)\valid\Apple___Apple_scab\517d0958-b10e-4260-a736-7a4bbb9706c0___FREC_Scab 3497.JPG,Apple___Apple_scab,Cherry_(including_sour)___Powdery_mildew,0.4218800961971283
C:\Users\siddh\Downloads\plant dataset\New Plant Diseases Dataset(Augmented)\New Plant Diseases Dataset(Augmented)\valid\Tomato___Target_Spot\5aab15ae-5464-4eac-a257-a27209916e51___Com.G_TgS_FL 9699_newPixel25.JPG,Tomato___Target_Spot,Potato___Early_blight,0.42171385884284973
C:\Users\siddh\Downloads\plant dataset\New Plant Diseases Dataset(Augmented)\New Plant Diseases Dataset(Augmented)\valid\Tomato___Tomato_Yellow_Leaf_Curl_Virus\cf968b6f-7659-4e03-afa6-6fb3f57f47b0___UF.GRC_YLCV_Lab 08498.JPG,Tomato___Tomato_Yellow_Leaf_Curl_Virus,Tomato___Bacterial_spot,0.42054036259651184
C:\Users\siddh\Downloads\plant dataset\New Plant Diseases Dataset(Augmented)\New Plant Diseases Dataset(Augmented)\valid\Potato___Early_blight\bc8a7fa5-1f77-4829-a1ee-0ccbeef289eb___RS_Early.B 7228.JPG,Potato___Early_blight,Tomato___Late_blight,0.4204369783401489
C:\Users\siddh\Downloads\plant dataset\New Plant Diseases Dataset(Augmented)\New Plant Diseases Dataset(Augmented)\valid\Tomato___Early_blight\3af16e88-1b4d-46d5-a099-7450600f11e8___RS_Erly.B 9545.JPG,Tomato___Early_blight,Tomato___Late_blight,0.41972604393959045
C:\Users\siddh\Downloads\plant dataset\New Plant Diseases Dataset(Augmented)\New Plant Diseases Dataset(Augmented)\valid\Potato___Early_blight\24fb74df-0aa9-4e89-9ba4-55a4664438ab___RS_Early.B 8634.JPG,Potato___Early_blight,Apple___Apple_scab,0.41958895325660706
C:\Users\siddh\Downloads\plant dataset\New Plant Diseases Dataset(Augmented)\New Plant Diseases Dataset(Augmented)\valid\Tomato___healthy\1a972145-610d-4efe-96e7-e0253c4ece4a___GH_HL Leaf 237.1_new30degFlipLR.JPG,Tomato___healthy,Soybean___healthy,0.4195052683353424
C:\Users\siddh\Downloads\plant dataset\New Plant Diseases Dataset(Augmented)\New Plant Diseases Dataset(Augmented)\valid\Strawberry___healthy\33d585b6-736d-4767-9004-2444f4916fd9___RS_HL 4360_90deg.JPG,Strawberry___healthy,Apple___Black_rot,0.4192671775817871
C:\Users\siddh\Downloads\plant dataset\New Plant Diseases Dataset(Augmented)\New Plant Diseases Dataset(Augmented)\valid\Tomato___Target_Spot\9d6a295a-f083-49df-875d-d1a6d49f352f___Com.G_TgS_FL 9837.JPG,Tomato___Target_Spot,Tomato___Bacterial_spot,0.41891008615493774
C:\Users\siddh\Downloads\plant dataset\New Plant Diseases Dataset(Augmented)\New Plant Diseases Dataset(Augmented)\valid\Tomato___Early_blight\e2edea17-f5cf-4496-8cce-7e421375c452___RS_Erly.B 7666_180deg.JPG,Tomato___Early_blight,Tomato___Late_blight,0.41864442825317383
C:\Users\siddh\Downloads\plant dataset\New Plant Diseases Dataset(Augmented)\New Plant Diseases Dataset(Augmented)\valid\Tomato___Early_blight\e592659e-566b-454b-95ba-851f3a53197c___RS_Erly.B 7843.JPG,Tomato___Early_blight,Tomato___Late_blight,0.41845524311065674
C:\Users\siddh\Downloads\plant dataset\New Plant Diseases Dataset(Augmented)\New Plant Diseases Dataset(Augmented)\valid\Tomato___Leaf_Mold\b31c5c8a-aac0-4cad-af32-2b10e2fa64f6___Crnl_L.Mold 7053.JPG,Tomato___Leaf_Mold,Tomato___Tomato_mosaic_virus,0.4183608889579773
C:\Users\siddh\Downloads\plant dataset\New Plant Diseases Dataset(Augmented)\New Plant Diseases Dataset(Augmented)\valid\Grape___Leaf_blight_(Isariopsis_Leaf_Spot)\2a302142-7c38-4432-b903-aba03eb5d47e___FAM_L.Blight 1656_flipLR.JPG,Grape___Leaf_blight_(Isariopsis_Leaf_Spot),Tomato___Septoria_leaf_spot,0.4181727170944214
C:\Users\siddh\Downloads\plant dataset\New Plant Diseases Dataset(Augmented)\New Plant Diseases Dataset(Augmented)\valid\Tomato___Target_Spot\7b6e537a-75bf-4ea0-b89a-088730d7c633___Com.G_TgS_FL 1112.JPG,Tomato___Target_Spot,Tomato___healthy,0.4181431829929352
C:\Users\siddh\Downloads\plant dataset\New Plant Diseases Dataset(Augmented)\New Plant Diseases Dataset(Augmented)\valid\Tomato___Spider_mites Two-spotted_spider_mite\3c4379ee-ffcf-4387-bcc6-3e1bbb98c11e___Com.G_SpM_FL 9596_flipTB.JPG,Tomato___Spider_mites Two-spotted_spider_mite,Tomato___healthy,0.41774696111679077
C:\Users\siddh\Downloads\plant dataset\New Plant Diseases Dataset(Augmented)\New Plant Diseases Dataset(Augmented)\valid\Grape___Leaf_blight_(Isariopsis_Leaf_Spot)\b2532931-1b49-4c97-8773-63f660fe359f___FAM_L.Blight 1650_flipLR.JPG,Grape___Leaf_blight_(Isariopsis_Leaf_Spot),Grape___healthy,0.41751712560653687
C:\Users\siddh\Downloads\plant dataset\New Plant Diseases Dataset(Augmented)\New Plant Diseases Dataset(Augmented)\valid\Apple___Black_rot\c575ad09-2607-4537-b199-4d2b022779fd___JR_FrgE.S 3086_new30degFlipLR.JPG,Apple___Black_rot,Apple___Apple_scab,0.4172312021255493
C:\Users\siddh\Downloads\plant dataset\New Plant Diseases Dataset(Augmented)\New Plant Diseases Dataset(Augmented)\valid\Tomato___Early_blight\bde8917a-9b0c-4a7b-8ff1-26f31609d6d7___RS_Erly.B 7750_180deg.JPG,Tomato___Early_blight,Tomato___Tomato_mosaic_virus,0.41708970069885254
C:\Users\siddh\Downloads\plant dataset\New Plant Diseases Dataset(Augmented)\New Plant Diseases Dataset(Augmented)\valid\Tomato___Leaf_Mold\69317010-b2b4-4a64-837e-94f8302fd508___Crnl_L.Mold 9149_180deg.JPG,Tomato___Leaf_Mold,Tomato___Bacterial_spot,0.4170435667037964
C:\Users\siddh\Downloads\plant dataset\New Plant Diseases Dataset(Augmented)\New Plant Diseases Dataset(Augmented)\valid\Tomato___Target_Spot\290ea84a-2458-4291-8065-644c5a826935___Com.G_TgS_FL 0039.JPG,Tomato___Target_Spot,Tomato___Bacterial_spot,0.4165981113910675
C:\Users\siddh\Downloads\plant dataset\New Plant Diseases Dataset(Augmented)\New Plant Diseases Dataset(Augmented)\valid\Tomato___Target_Spot\13eeb215-0df7-48c3-a6ed-5bc0db687a5f___Com.G_TgS_FL 9723.JPG,Tomato___Target_Spot,Tomato___Spider_mites Two-spotted_spider_mite,0.41621729731559753
C:\Users\siddh\Downloads\plant dataset\New Plant Diseases Dataset(Augmented)\New Plant Diseases Dataset(Augmented)\valid\Potato___healthy\949cafd0-098b-497f-9590-f0fb8ccafc94___RS_HL 4168_flipLR.JPG,Potato___healthy,Soybean___healthy,0.4161900281906128
C:\Users\siddh\Downloads\plant dataset\New Plant Diseases Dataset(Augmented)\New Plant Diseases Dataset(Augmented)\valid\Tomato___healthy\3e4f86b3-55d1-4efc-bd8a-f13af318b181___GH_HL Leaf 492_new30degFlipLR.JPG,Tomato___healthy,Apple___Cedar_apple_rust,0.415246844291687
C:\Users\siddh\Downloads\plant dataset\New Plant Diseases Dataset(Augmented)\New Plant Diseases Dataset(Augmented)\valid\Tomato___Septoria_leaf_spot\abdebe47-6f94-4284-a9c9-4bbf78eeb7c7___Matt.S_CG 1274.JPG,Tomato___Septoria_leaf_spot,Tomato___Bacterial_spot,0.41495978832244873
C:\Users\siddh\Downloads\plant dataset\New Plant Diseases Dataset(Augmented)\New Plant Diseases Dataset(Augmented)\valid\Tomato___Tomato_Yellow_Leaf_Curl_Virus\780812ad-50f2-41b2-96ca-d3af691e970c___YLCV_NREC 0233.JPG,Tomato___Tomato_Yellow_Leaf_Curl_Virus,Tomato___Spider_mites Two-spotted_spider_mite,0.41473156213760376
C:\Users\siddh\Downloads\plant dataset\New Plant Diseases Dataset(Augmented)\New Plant Diseases Dataset(Augmented)\valid\Tomato___Bacterial_spot\eea69188-8c51-4d11-9e2d-4aec3e91a078___UF.GRC_BS_Lab Leaf 8912.JPG,Tomato___Bacterial_spot,Tomato___Late_blight,0.4146726131439209
C:\Users\siddh\Downloads\plant dataset\New Plant Diseases Dataset(Augmented)\New Plant Diseases Dataset(Augmented)\valid\Tomato___Septoria_leaf_spot\1a555e99-78f6-459f-8572-b877b2e7b73c___Matt.S_CG 7415.JPG,Tomato___Septoria_leaf_spot,Tomato___Target_Spot,0.41452401876449585
C:\Users\siddh\Downloads\plant dataset\New Plant Diseases Dataset(Augmented)\New Plant Diseases Dataset(Augmented)\valid\Potato___healthy\14484ea5-9c34-427c-abe4-2743265aced0___RS_HL 4204_flipLR.JPG,Potato___healthy,Blueberry___healthy,0.4142111837863922
C:\Users\siddh\Downloads\plant dataset\New Plant Diseases Dataset(Augmented)\New Plant Diseases Dataset(Augmented)\valid\Tomato___Septoria_leaf_spot\c5dda767-1685-414e-bcfe-4f0f09328c0b___JR_Sept.L.S 2521.JPG,Tomato___Septoria_leaf_spot,Tomato___Late_blight,0.4140419661998749
C:\Users\siddh\Downloads\plant dataset\New Plant Diseases Dataset(Augmented)\New Plant Diseases Dataset(Augmented)\valid\Apple___healthy\2a53473e-0c50-43d5-933c-a62576fb5f52___RS_HL 7664.JPG,Apple___healthy,Apple___Apple_scab,0.4140136241912842
C:\Users\siddh\Downloads\plant dataset\New Plant Diseases Dataset(Augmented)\New Plant Diseases Dataset(Augmented)\valid\Apple___healthy\46c590f0-7e60-4ccd-af4e-45f911abf66a___RS_HL 6152.JPG,Apple___healthy,Peach___healthy,0.4138852059841156
C:\Users\siddh\Downloads\plant dataset\New Plant Diseases Dataset(Augmented)\New Plant Diseases Dataset(Augmented)\valid\Tomato___Target_Spot\40e782a0-4834-434b-9346-443fc65fd22c___Com.G_TgS_FL 0745.JPG,Tomato___Target_Spot,Tomato___Late_blight,0.41377153992652893
"C:\Users\siddh\Downloads\plant dataset\New Plant Diseases Dataset(Augmented)\New Plant Diseases Dataset(Augmented)\valid\Pepper,_bell___Bacterial_spot\ef02f719-ca79-481f-9429-365fa1685a80___JR_B.Spot 9056_flipTB.JPG","Pepper,_bell___Bacterial_spot",Tomato___Late_blight,0.4136729836463928
C:\Users\siddh\Downloads\plant dataset\New Plant Diseases Dataset(Augmented)\New Plant Diseases Dataset(Augmented)\valid\Tomato___Septoria_leaf_spot\ee279b2b-6a3c-4517-b056-8b586785cb05___JR_Sept.L.S 2668.JPG,Tomato___Septoria_leaf_spot,Tomato___Late_blight,0.41358116269111633
C:\Users\siddh\Downloads\plant dataset\New Plant Diseases Dataset(Augmented)\New Plant Diseases Dataset(Augmented)\valid\Tomato___Early_blight\7763d482-8290-46f4-83aa-edb87ae15297___RS_Erly.B 7766_flipTB.JPG,Tomato___Early_blight,Tomato___Target_Spot,0.4135425388813019
"C:\Users\siddh\Downloads\plant dataset\New Plant Diseases Dataset(Augmented)\New Plant Diseases Dataset(Augmented)\valid\Pepper,_bell___healthy\5d5bbf38-ae12-4229-b6cb-54f0d2583628___JR_HL 8797_180deg.JPG","Pepper,_bell___healthy","Pepper,_bell___Bacterial_spot",0.41319796442985535
C:\Users\siddh\Downloads\plant dataset\New Plant Diseases Dataset(Augmented)\New Plant Diseases Dataset(Augmented)\valid\Tomato___Spider_mites Two-spotted_spider_mite\7c425456-e0e6-4594-a8ef-a195c4d5b088___Com.G_SpM_FL 9463.JPG,Tomato___Spider_mites Two-spotted_spider_mite,Tomato___Late_blight,0.41312137246131897
C:\Users\siddh\Downloads\plant dataset\New Plant Diseases Dataset(Augmented)\New Plant Diseases Dataset(Augmented)\valid\Strawberry___healthy\78d75cc6-54e0-469d-ade8-d67d1752872a___RS_HL 2018_180deg.JPG,Strawberry___healthy,Raspberry___healthy,0.4130208492279053
C:\Users\siddh\Downloads\plant dataset\New Plant Diseases Dataset(Augmented)\New Plant Diseases Dataset(Augmented)\valid\Potato___Late_blight\613b5b7f-225d-4df8-8893-0f30111925ae___RS_LB 4243.JPG,Potato___Late_blight,"Pepper,_bell___Bacterial_spot",0.4123123288154602
C:\Users\siddh\Downloads\plant dataset\New Plant Diseases Dataset(Augmented)\New Plant Diseases Dataset(Augmented)\valid\Tomato___Tomato_Yellow_Leaf_Curl_Virus\cfb78471-bb1f-4ff1-8770-31471af27d37___UF.GRC_YLCV_Lab 03360.JPG,Tomato___Tomato_Yellow_Leaf_Curl_Virus,Tomato___Late_blight,0.4123050570487976
C:\Users\siddh\Downloads\plant dataset\New Plant Diseases Dataset(Augmented)\New Plant Diseases Dataset(Augmented)\valid\Strawberry___Leaf_scorch\5891c20a-f582-4ff7-b6d0-c5ba94afac60___RS_L.Scorch 1428.JPG,Strawberry___Leaf_scorch,Potato___Early_blight,0.41207045316696167
C:\Users\siddh\Downloads\plant dataset\New Plant Diseases Dataset(Augmented)\New Plant Diseases Dataset(Augmented)\valid\Tomato___Bacterial_spot\35eba8e4-d6ea-437a-8945-91cbca22cd8b___UF.GRC_BS_Lab Leaf 0398.JPG,Tomato___Bacterial_spot,Tomato___Late_blight,0.41172096133232117
C:\Users\siddh\Downloads\plant dataset\New Plant Diseases Dataset(Augmented)\New Plant Diseases Dataset(Augmented)\valid\Apple___healthy\6dd6bf2b-b606-46fd-af76-6c9166c7d626___RS_HL 7276.JPG,Apple___healthy,Apple___Apple_scab,0.41046804189682007
C:\Users\siddh\Downloads\plant dataset\New Plant Diseases Dataset(Augmented)\New Plant Diseases Dataset(Augmented)\valid\Tomato___Target_Spot\eccda975-ab26-41a3-939a-7e820e53dab4___Com.G_TgS_FL 9792.JPG,Tomato___Target_Spot,Tomato___Spider_mites Two-spotted_spider_mite,0.41045647859573364
C:\Users\siddh\Downloads\plant dataset\New Plant Diseases Dataset(Augmented)\New Plant Diseases Dataset(Augmented)\valid\Tomato___Spider_mites Two-spotted_spider_mite\cd69a28b-61e1-476c-8a44-9c584cde6c2a___Com.G_SpM_FL 9481.JPG,Tomato___Spider_mites Two-spotted_spider_mite,Tomato___Late_blight,0.41015082597732544
C:\Users\siddh\Downloads\plant dataset\New Plant Diseases Dataset(Augmented)\New Plant Diseases Dataset(Augmented)\valid\Tomato___Tomato_mosaic_virus\b8972ee2-b576-4fdd-bb69-f8c43b87471b___PSU_CG 2060.JPG,Tomato___Tomato_mosaic_virus,Tomato___Late_blight,0.4100498557090759
C:\Users\siddh\Downloads\plant dataset\New Plant Diseases Dataset(Augmented)\New Plant Diseases Dataset(Augmented)\valid\Tomato___Early_blight\a8844870-0efc-494c-af8c-d5c94fd619f3___RS_Erly.B 7756_180deg.JPG,Tomato___Early_blight,Apple___Cedar_apple_rust,0.40969040989875793
C:\Users\siddh\Downloads\plant dataset\New Plant Diseases Dataset(Augmented)\New Plant Diseases Dataset(Augmented)\valid\Tomato___Target_Spot\2e4a4f1b-f045-42c2-9e29-6b7edcb8f2ef___Com.G_TgS_FL 0996_new30degFlipLR.JPG,Tomato___Target_Spot,Apple___Apple_scab,0.4096239507198334
C:\Users\siddh\Downloads\plant dataset\New Plant Diseases Dataset(Augmented)\New Plant Diseases Dataset(Augmented)\valid\Tomato___Target_Spot\34c49f9c-0733-44d6-ad40-d97d7d655d0d___Com.G_TgS_FL 0714.JPG,Tomato___Target_Spot,Tomato___Tomato_Yellow_Leaf_Curl_Virus,0.40883585810661316
C:\Users\siddh\Downloads\plant dataset\New Plant Diseases Dataset(Augmented)\New Plant Diseases Dataset(Augmented)\valid\Grape___healthy\7042c2f6-b859-41ec-8ee0-b058f9e9e906___Mt.N.V_HL 6164_new30degFlipLR.JPG,Grape___healthy,Apple___Apple_scab,0.4084838628768921
C:\Users\siddh\Downloads\plant dataset\New Plant Diseases Dataset(Augmented)\New Plant Diseases Dataset(Augmented)\valid\Tomato___Early_blight\e2edea17-f5cf-4496-8cce-7e421375c452___RS_Erly.B 7666_flipTB.JPG,Tomato___Early_blight,Tomato___Late_blight,0.4067375957965851
C:\Users\siddh\Downloads\plant dataset\New Plant Diseases Dataset(Augmented)\New Plant Diseases Dataset(Augmented)\valid\Tomato___Early_blight\cf2919ca-2b62-4f23-8a55-5dfa953db83c___RS_Erly.B 7352_180deg.JPG,Tomato___Early_blight,Tomato___Late_blight,0.40664514899253845
C:\Users\siddh\Downloads\plant dataset\New Plant Diseases Dataset(Augmented)\New Plant Diseases Dataset(Augmented)\valid\Tomato___Spider_mites Two-spotted_spider_mite\200410b0-390d-406f-aa66-5573ec4d8e04___Com.G_SpM_FL 1214.JPG,Tomato___Spider_mites Two-spotted_spider_mite,Tomato___healthy,0.4063695967197418
C:\Users\siddh\Downloads\plant dataset\New Plant Diseases Dataset(Augmented)\New Plant Diseases Dataset(Augmented)\valid\Grape___Black_rot\b15f50bc-64db-428b-a65c-786befec714e___FAM_B.Rot 0369_flipLR.JPG,Grape___Black_rot,Grape___Esca_(Black_Measles),0.40629178285598755
C:\Users\siddh\Downloads\plant dataset\New Plant Diseases Dataset(Augmented)\New Plant Diseases Dataset(Augmented)\valid\Strawberry___Leaf_scorch\70c7d7ed-2ca9-41f4-a19a-864e20f5bbb8___RS_L.Scorch 9977_flipLR.JPG,Strawberry___Leaf_scorch,Tomato___Early_blight,0.4062172472476959
C:\Users\siddh\Downloads\plant dataset\New Plant Diseases Dataset(Augmented)\New Plant Diseases Dataset(Augmented)\valid\Tomato___Early_blight\a52492e3-7916-4a13-a175-6a6c0dd3440a___RS_Erly.B 7613_flipTB.JPG,Tomato___Early_blight,Tomato___Bacterial_spot,0.4062083065509796
C:\Users\siddh\Downloads\plant dataset\New Plant Diseases Dataset(Augmented)\New Plant Diseases Dataset(Augmented)\valid\Tomato___Leaf_Mold\be2680f9-cdba-44e5-8834-7bc5b615a0ea___Crnl_L.Mold 7158_flipTB.JPG,Tomato___Leaf_Mold,Tomato___Late_blight,0.40614452958106995
C:\Users\siddh\Downloads\plant dataset\New Plant Diseases Dataset(Augmented)\New Plant Diseases Dataset(Augmented)\valid\Tomato___Tomato_Yellow_Leaf_Curl_Virus\8244735f-4ba8-4ab0-8130-e315189986a3___YLCV_GCREC 5460.JPG,Tomato___Tomato_Yellow_Leaf_Curl_Virus,Tomato___Target_Spot,0.40611591935157776
C:\Users\siddh\Downloads\plant dataset\New Plant Diseases Dataset(Augmented)\New Plant Diseases Dataset(Augmented)\valid\Tomato___Spider_mites Two-spotted_spider_mite\bafa7923-1efe-4e44-94b0-9427b6726bc1___Com.G_SpM_FL 9525.JPG,Tomato___Spider_mites Two-spotted_spider_mite,Tomato___healthy,0.4059399664402008
C:\Users\siddh\Downloads\plant dataset\New Plant Diseases Dataset(Augmented)\New Plant Diseases Dataset(Augmented)\valid\Cherry_(including_sour)___Powdery_mildew\3ec67b8f-007a-4e49-9e5f-0ce292ea0675___FREC_Pwd.M 5138_flipLR.JPG,Cherry_(including_sour)___Powdery_mildew,Apple___Apple_scab,0.4052436947822571
C:\Users\siddh\Downloads\plant dataset\New Plant Diseases Dataset(Augmented)\New Plant Diseases Dataset(Augmented)\valid\Tomato___Septoria_leaf_spot\668b9b02-3107-402b-8ece-1e95dda4f635___Matt.S_CG 1362.JPG,Tomato___Septoria_leaf_spot,Tomato___Bacterial_spot,0.40520548820495605
C:\Users\siddh\Downloads\plant dataset\New Plant Diseases Dataset(Augmented)\New Plant Diseases Dataset(Augmented)\valid\Apple___Apple_scab\23466313-6a2c-46e7-ad89-1f95dd2d3b40___FREC_Scab 3517.JPG,Apple___Apple_scab,"Pepper,_bell___Bacterial_spot",0.40471675992012024
C:\Users\siddh\Downloads\plant dataset\New Plant Diseases Dataset(Augmented)\New Plant Diseases Dataset(Augmented)\valid\Tomato___Target_Spot\3daf2e68-664e-491b-b7e9-e4a2a2a1ebec___Com.G_TgS_FL 8395_180deg.JPG,Tomato___Target_Spot,Tomato___Spider_mites Two-spotted_spider_mite,0.4045220613479614
C:\Users\siddh\Downloads\plant dataset\New Plant Diseases Dataset(Augmented)\New Plant Diseases Dataset(Augmented)\valid\Tomato___Tomato_mosaic_virus\39dc536a-03ba-4e34-9ade-9618715f4b96___PSU_CG 2106_newPixel25.JPG,Tomato___Tomato_mosaic_virus,Apple___Cedar_apple_rust,0.40451183915138245
C:\Users\siddh\Downloads\plant dataset\New Plant Diseases Dataset(Augmented)\New Plant Diseases Dataset(Augmented)\valid\Potato___Early_blight\87c0254c-c987-4c54-adda-45c5e7346170___RS_Early.B 8848_180deg.JPG,Potato___Early_blight,"Pepper,_bell___Bacterial_spot",0.4045053720474243
C:\Users\siddh\Downloads\plant dataset\New Plant Diseases Dataset(Augmented)\New Plant Diseases Dataset(Augmented)\valid\Tomato___Spider_mites Two-spotted_spider_mite\e813ff58-97d7-4261-a796-e17ab814bc88___Com.G_SpM_FL 9460.JPG,Tomato___Spider_mites Two-spotted_spider_mite,Tomato___healthy,0.4043174088001251
C:\Users\siddh\Downloads\plant dataset\New Plant Diseases Dataset(Augmented)\New Plant Diseases Dataset(Augmented)\valid\Apple___Black_rot\2171eff3-55f1-4b5e-8258-d8ddacc66062___JR_FrgE.S 2752_new30degFlipLR.JPG,Apple___Black_rot,Apple___Apple_scab,0.4043077230453491
C:\Users\siddh\Downloads\plant dataset\New Plant Diseases Dataset(Augmented)\New Plant Diseases Dataset(Augmented)\valid\Cherry_(including_sour)___healthy\a433544e-7479-4587-82c7-5fdb07f37e59___JR_HL 4203.JPG,Cherry_(including_sour)___healthy,Soybean___healthy,0.4041547179222107
C:\Users\siddh\Downloads\plant dataset\New Plant Diseases Dataset(Augmented)\New Plant Diseases Dataset(Augmented)\valid\Tomato___Spider_mites Two-spotted_spider_mite\a3e550eb-e6e8-4ec5-a2c3-9e7f34fb6292___Com.G_SpM_FL 8540.JPG,Tomato___Spider_mites Two-spotted_spider_mite,Tomato___Late_blight,0.4040450155735016
C:\Users\siddh\Downloads\plant dataset\New Plant Diseases Dataset(Augmented)\New Plant Diseases Dataset(Augmented)\valid\Strawberry___healthy\77b3d4a4-0712-4e25-bc50-57c12961f7d2___RS_HL 4519_new30degFlipLR.JPG,Strawberry___healthy,Apple___Apple_scab,0.4037540853023529
C:\Users\siddh\Downloads\plant dataset\New Plant Diseases Dataset(Augmented)\New Plant Diseases Dataset(Augmented)\valid\Apple___Black_rot\932e43a7-738f-4864-92e2-745bb715160e___JR_FrgE.S 2997_new30degFlipLR.JPG,Apple___Black_rot,Apple___Apple_scab,0.40364593267440796
C:\Users\siddh\Downloads\plant dataset\New Plant Diseases Dataset(Augmented)\New Plant Diseases Dataset(Augmented)\valid\Tomato___healthy\4b9bc37a-a9af-4e3f-a4e4-1e6cfb79c673___RS_HL 0262_new30degFlipLR.JPG,Tomato___healthy,Potato___healthy,0.4035474956035614
C:\Users\siddh\Downloads\plant dataset\New Plant Diseases Dataset(Augmented)\New Plant Diseases Dataset(Augmented)\valid\Apple___healthy\baf96695-955b-4e24-8b10-c0d544a5d91a___RS_HL 7248.JPG,Apple___healthy,Cherry_(including_sour)___healthy,0.4029941260814667
C:\Users\siddh\Downloads\plant dataset\New Plant Diseases Dataset(Augmented)\New Plant Diseases Dataset(Augmented)\valid\Tomato___Septoria_leaf_spot\fdd1fcf3-2b4f-44ce-b2f1-7aa4fdba6a63___JR_Sept.L.S 2640.JPG,Tomato___Septoria_leaf_spot,Tomato___healthy,0.40282386541366577
C:\Users\siddh\Downloads\plant dataset\New Plant Diseases Dataset(Augmented)\New Plant Diseases Dataset(Augmented)\valid\Tomato___Early_blight\e9e56650-8172-4a98-8100-72e79a3a5858___RS_Erly.B 7481.JPG,Tomato___Early_blight,Tomato___Late_blight,0.40280357003211975
C:\Users\siddh\Downloads\plant dataset\New Plant Diseases Dataset(Augmented)\New Plant Diseases Dataset(Augmented)\valid\Tomato___Septoria_leaf_spot\5be70ee0-f463-488c-b0e5-377994a0cf45___JR_Sept.L.S 2502.JPG,Tomato___Septoria_leaf_spot,Tomato___Target_Spot,0.4027426242828369
C:\Users\siddh\Downloads\plant dataset\New Plant Diseases Dataset(Augmented)\New Plant Diseases Dataset(Augmented)\valid\Tomato___Target_Spot\4877b5f3-e026-4de3-a167-42350a40f28b___Com.G_TgS_FL 9826.JPG,Tomato___Target_Spot,Tomato___Bacterial_spot,0.40266990661621094
C:\Users\siddh\Downloads\plant dataset\New Plant Diseases Dataset(Augmented)\New Plant Diseases Dataset(Augmented)\valid\Peach___healthy\17ac623e-bce1-469f-9a32-171ab33f47b9___Rutg._HL 2439_newPixel25.JPG,Peach___healthy,"Pepper,_bell___healthy",0.4025898277759552
C:\Users\siddh\Downloads\plant dataset\New Plant Diseases Dataset(Augmented)\New Plant Diseases Dataset(Augmented)\valid\Tomato___Target_Spot\2e66bdf7-5fb4-4814-a0e9-db1b2cad451a___Com.G_TgS_FL 8300_new30degFlipLR.JPG,Tomato___Target_Spot,Tomato___Tomato_mosaic_virus,0.4024715721607208
C:\Users\siddh\Downloads\plant dataset\New Plant Diseases Dataset(Augmented)\New Plant Diseases Dataset(Augmented)\valid\Tomato___Target_Spot\4a144d06-1caf-4e45-84f5-c4b5196ed52f___Com.G_TgS_FL 8167_flipTB.JPG,Tomato___Target_Spot,Tomato___healthy,0.40179967880249023
C:\Users\siddh\Downloads\plant dataset\New Plant Diseases Dataset(Augmented)\New Plant Diseases Dataset(Augmented)\valid\Tomato___Early_blight\b165d0d3-726d-4913-8b92-3f14e1b99410___RS_Erly.B 6377.JPG,Tomato___Early_blight,Tomato___Bacterial_spot,0.4017336368560791
C:\Users\siddh\Downloads\plant dataset\New Plant Diseases Dataset(Augmented)\New Plant Diseases Dataset(Augmented)\valid\Peach___Bacterial_spot\b4dc7342-cd63-4aad-a82d-b4165d4fb759___Rut._Bact.S 1177.JPG,Peach___Bacterial_spot,Tomato___Bacterial_spot,0.40141788125038147
C:\Users\siddh\Downloads\plant dataset\New Plant Diseases Dataset(Augmented)\New Plant Diseases Dataset(Augmented)\valid\Tomato___Early_blight\552787d3-3937-4ee5-9824-6b78e90e5cbb___RS_Erly.B 7510.JPG,Tomato___Early_blight,Tomato___Late_blight,0.40140601992607117
C:\Users\siddh\Downloads\plant dataset\New Plant Diseases Dataset(Augmented)\New Plant Diseases Dataset(Augmented)\valid\Tomato___Leaf_Mold\e1af66f2-f7a8-4ae8-8f79-f9b8e8508d58___Crnl_L.Mold 8697.JPG,Tomato___Leaf_Mold,Tomato___Septoria_leaf_spot,0.4014037549495697
"C:\Users\siddh\Downloads\plant dataset\New Plant Diseases Dataset(Augmented)\New Plant Diseases Dataset(Augmented)\valid\Pepper,_bell___healthy\6beaecfa-1194-470b-9004-fe2eaf8df406___JR_HL 5923_flipTB.JPG","Pepper,_bell___healthy",Blueberry___healthy,0.40095391869544983
C:\Users\siddh\Downloads\plant dataset\New Plant Diseases Dataset(Augmented)\New Plant Diseases Dataset(Augmented)\valid\Corn_(maize)___Cercospora_leaf_spot Gray_leaf_spot\aa7c5620-2ec9-4b2c-9091-8ce30597661e___RS_GLSp 9363.JPG,Corn_(maize)___Cercospora_leaf_spot Gray_leaf_spot,Corn_(maize)___Common_rust_,0.4009297788143158
C:\Users\siddh\Downloads\plant dataset\New Plant Diseases Dataset(Augmented)\New Plant Diseases Dataset(Augmented)\valid\Tomato___healthy\2a1dd125-ece3-499f-a24b-1d00dbcc3184___GH_HL Leaf 227_new30degFlipLR.JPG,Tomato___healthy,Apple___Apple_scab,0.40023279190063477
C:\Users\siddh\Downloads\plant dataset\New Plant Diseases Dataset(Augmented)\New Plant Diseases Dataset(Augmented)\valid\Peach___Bacterial_spot\14a67b43-3569-45d0-8a27-0c678e413b64___Rut._Bact.S 3468.JPG,Peach___Bacterial_spot,Apple___Apple_scab,0.40011635422706604
C:\Users\siddh\Downloads\plant dataset\New Plant Diseases Dataset(Augmented)\New Plant Diseases Dataset(Augmented)\valid\Potato___healthy\14484ea5-9c34-427c-abe4-2743265aced0___RS_HL 4204_flipTB.JPG,Potato___healthy,Blueberry___healthy,0.39973604679107666
C:\Users\siddh\Downloads\plant dataset\New Plant Diseases Dataset(Augmented)\New Plant Diseases Dataset(Augmented)\valid\Raspberry___healthy\c2cd3b65-f99c-47aa-a154-5aaeb1e554cc___Mary_HL 9353_new30degFlipLR.JPG,Raspberry___healthy,Strawberry___healthy,0.39944276213645935
C:\Users\siddh\Downloads\plant dataset\New Plant Diseases Dataset(Augmented)\New Plant Diseases Dataset(Augmented)\valid\Raspberry___healthy\67285b4b-1172-4cca-abfd-0f95c83d697b___Mary_HL 6224.JPG,Raspberry___healthy,Tomato___Late_blight,0.3992851972579956
C:\Users\siddh\Downloads\plant dataset\New Plant Diseases Dataset(Augmented)\New Plant Diseases Dataset(Augmented)\valid\Tomato___Spider_mites Two-spotted_spider_mite\05a76480-4ffe-476f-a101-fdadd8b3fbcf___Com.G_SpM_FL 9329_flipTB.JPG,Tomato___Spider_mites Two-spotted_spider_mite,Blueberry___healthy,0.39903926849365234
C:\Users\siddh\Downloads\plant dataset\New Plant Diseases Dataset(Augmented)\New Plant Diseases Dataset(Augmented)\valid\Tomato___Septoria_leaf_spot\53f65bdf-e5cc-4e3a-a672-43ac0edc8f24___Matt.S_CG 6098.JPG,Tomato___Septoria_leaf_spot,Grape___Leaf_blight_(Isariopsis_Leaf_Spot),0.3989824056625366
C:\Users\siddh\Downloads\plant dataset\New Plant Diseases Dataset(Augmented)\New Plant Diseases Dataset(Augmented)\valid\Tomato___Early_blight\d4e4bce8-d7ca-492b-8dda-69f3e95f4e5a___RS_Erly.B 6418.JPG,Tomato___Early_blight,Tomato___Late_blight,0.3978288173675537
C:\Users\siddh\Downloads\plant dataset\New Plant Diseases Dataset(Augmented)\New Plant Diseases Dataset(Augmented)\valid\Potato___Early_blight\bcedd1ec-17b4-495b-b47f-5877ef836f88___RS_Early.B 7248_flipTB.JPG,Potato___Early_blight,Tomato___Late_blight,0.3977028727531433
C:\Users\siddh\Downloads\plant dataset\New Plant Diseases Dataset(Augmented)\New Plant Diseases Dataset(Augmented)\valid\Soybean___healthy\d4f2b905-daf6-4cc2-a7aa-2c0001ff0d07___RS_HL 4122.JPG,Soybean___healthy,Tomato___Septoria_leaf_spot,0.3972817063331604
C:\Users\siddh\Downloads\plant dataset\New Plant Diseases Dataset(Augmented)\New Plant Diseases Dataset(Augmented)\valid\Raspberry___healthy\71522d65-5013-4d81-ac9e-da1d92313030___Mary_HL 9172_270deg.JPG,Raspberry___healthy,Potato___healthy,0.3971080780029297
C:\Users\siddh\Downloads\plant dataset\New Plant Diseases Dataset(Augmented)\New Plant Diseases Dataset(Augmented)\valid\Tomato___Leaf_Mold\27e8bb41-97a2-44b7-95e2-fd3b2e99f317___Crnl_L.Mold 7064.JPG,Tomato___Leaf_Mold,Tomato___Bacterial_spot,0.3967794179916382
C:\Users\siddh\Downloads\plant dataset\New Plant Diseases Dataset(Augmented)\New Plant Diseases Dataset(Augmented)\valid\Potato___Late_blight\317a40c6-c4d8-4b4e-9878-4f742e7f409a___RS_LB 4462_180deg.JPG,Potato___Late_blight,Tomato___Late_blight,0.39673545956611633
C:\Users\siddh\Downloads\plant dataset\New Plant Diseases Dataset(Augmented)\New Plant Diseases Dataset(Augmented)\valid\Tomato___healthy\96d85e53-b980-42f7-8e3d-cd6f7ec9c287___GH_HL Leaf 520.5.JPG,Tomato___healthy,Blueberry___healthy,0.39630326628685
C:\Users\siddh\Downloads\plant dataset\New Plant Diseases Dataset(Augmented)\New Plant Diseases Dataset(Augmented)\valid\Tomato___Early_blight\d368153c-6779-4a7e-a82d-9ae10dd36bb2___RS_Erly.B 7678_flipTB.JPG,Tomato___Early_blight,Tomato___Late_blight,0.39598700404167175
C:\Users\siddh\Downloads\plant dataset\New Plant Diseases Dataset(Augmented)\New Plant Diseases Dataset(Augmented)\valid\Potato___Late_blight\eb5ff6de-b988-42d7-87bf-374a4b938af9___RS_LB 4234_flipTB.JPG,Potato___Late_blight,Tomato___Spider_mites Two-spotted_spider_mite,0.39574190974235535
C:\Users\siddh\Downloads\plant dataset\New Plant Diseases Dataset(Augmented)\New Plant Diseases Dataset(Augmented)\valid\Tomato___Target_Spot\faeadae6-ed49-4445-8d6d-1d56d3d22d02___Com.G_TgS_FL 7945.JPG,Tomato___Target_Spot,"Pepper,_bell___healthy",0.39547625184059143
C:\Users\siddh\Downloads\plant dataset\New Plant Diseases Dataset(Augmented)\New Plant Diseases Dataset(Augmented)\valid\Tomato___Early_blight\b8b9300b-f085-49ce-a052-5c003e493f7e___RS_Erly.B 7507_flipTB.JPG,Tomato___Early_blight,Tomato___Late_blight,0.3952150344848633
C:\Users\siddh\Downloads\plant dataset\New Plant Diseases Dataset(Augmented)\New Plant Diseases Dataset(Augmented)\valid\Grape___healthy\9733dad1-a4ce-43a5-a166-70dd361df8e3___Mt.N.V_HL 8963_270deg.JPG,Grape___healthy,Strawberry___healthy,0.39479681849479675
C:\Users\siddh\Downloads\plant dataset\New Plant Diseases Dataset(Augmented)\New Plant Diseases Dataset(Augmented)\valid\Cherry_(including_sour)___Powdery_mildew\4c756b73-5e7d-40ec-9b36-1866c49f2e43___FREC_Pwd.M 5156.JPG,Cherry_(including_sour)___Powdery_mildew,Apple___healthy,0.3947415351867676
C:\Users\siddh\Downloads\plant dataset\New Plant Diseases Dataset(Augmented)\New Plant Diseases Dataset(Augmented)\valid\Tomato___Spider_mites Two-spotted_spider_mite\1075cc73-3ea9-47c1-a92d-98cda4b222b7___Com.G_SpM_FL 9467.JPG,Tomato___Spider_mites Two-spotted_spider_mite,Tomato___Late_blight,0.3946968913078308
C:\Users\siddh\Downloads\plant dataset\New Plant Diseases Dataset(Augmented)\New Plant Diseases Dataset(Augmented)\valid\Tomato___Bacterial_spot\830824a7-c51d-477e-b987-19ae4d388f48___UF.GRC_BS_Lab Leaf 8838.JPG,Tomato___Bacterial_spot,Tomato___Septoria_leaf_spot,0.39464685320854187
C:\Users\siddh\Downloads\plant dataset\New Plant Diseases Dataset(Augmented)\New Plant Diseases Dataset(Augmented)\valid\Peach___Bacterial_spot\8c4b6a9d-c3a0-413a-b01d-aa05a0172d61___Rut._Bact.S 0886.JPG,Peach___Bacterial_spot,"Pepper,_bell___Bacterial_spot",0.3946223556995392
C:\Users\siddh\Downloads\plant dataset\New Plant Diseases Dataset(Augmented)\New Plant Diseases Dataset(Augmented)\valid\Tomato___Target_Spot\a9409c3d-dbfc-4679-84b6-e671906e8c3a___Com.G_TgS_FL 9780.JPG,Tomato___Target_Spot,Tomato___Spider_mites Two-spotted_spider_mite,0.3944636583328247
C:\Users\siddh\Downloads\plant dataset\New Plant Diseases Dataset(Augmented)\New Plant Diseases Dataset(Augmented)\valid\Tomato___Tomato_Yellow_Leaf_Curl_Virus\78690647-14e6-49d6-bca6-7bcf80b95fba___YLCV_GCREC 2267.JPG,Tomato___Tomato_Yellow_Leaf_Curl_Virus,Tomato___Spider_mites Two-spotted_spider_mite,0.39446327090263367
C:\Users\siddh\Downloads\plant dataset\New Plant Diseases Dataset(Augmented)\New Plant Diseases Dataset(Augmented)\valid\Raspberry___healthy\18333c95-ee6e-4af6-be83-a98f3ed68ccf___Mary_HL 9350.JPG,Raspberry___healthy,Strawberry___healthy,0.39427560567855835
C:\Users\siddh\Downloads\plant dataset\New Plant Diseases Dataset(Augmented)\New Plant Diseases Dataset(Augmented)\valid\Tomato___Leaf_Mold\33021b9c-389e-4d58-99c5-13b36a496f09___Crnl_L.Mold 6961_flipTB.JPG,Tomato___Leaf_Mold,Tomato___Late_blight,0.39415162801742554
C:\Users\siddh\Downloads\plant dataset\New Plant Diseases Dataset(Augmented)\New Plant Diseases Dataset(Augmented)\valid\Tomato___Target_Spot\0a51617c-ecb5-42ce-9d34-300307be3465___Com.G_TgS_FL 0976_180deg.JPG,Tomato___Target_Spot,Tomato___healthy,0.39346733689308167
C:\Users\siddh\Downloads\plant dataset\New Plant Diseases Dataset(Augmented)\New Plant Diseases Dataset(Augmented)\valid\Tomato___Target_Spot\1fb2795b-4c60-405e-873b-e3dd3fe6563e___Com.G_TgS_FL 0043_flipTB.JPG,Tomato___Target_Spot,Tomato___healthy,0.3932969570159912
C:\Users\siddh\Downloads\plant dataset\New Plant Diseases Dataset(Augmented)\New Plant Diseases Dataset(Augmented)\valid\Grape___healthy\fdf4cdd9-cb41-42de-a73e-87301576fade___Mt.N.V_HL 9000.JPG,Grape___healthy,Soybean___healthy,0.39327892661094666
C:\Users\siddh\Downloads\plant dataset\New Plant Diseases Dataset(Augmented)\New Plant Diseases Dataset(Augmented)\valid\Tomato___Septoria_leaf_spot\4b712088-62f3-43ff-8358-6f07279f0b8c___Keller.St_CG 1961_180deg.JPG,Tomato___Septoria_leaf_spot,Tomato___Late_blight,0.39314278960227966
C:\Users\siddh\Downloads\plant dataset\New Plant Diseases Dataset(Augmented)\New Plant Diseases Dataset(Augmented)\valid\Tomato___Late_blight\74bfd410-bb0e-4cf1-8dfe-466385f6d522___RS_Late.B 5355.JPG,Tomato___Late_blight,Tomato___Bacterial_spot,0.3929530382156372
C:\Users\siddh\Downloads\plant dataset\New Plant Diseases Dataset(Augmented)\New Plant Diseases Dataset(Augmented)\valid\Tomato___Early_blight\b0f9d534-0c29-4185-bdd1-43b83dc586f8___RS_Erly.B 6453_flipTB.JPG,Tomato___Early_blight,Tomato___Bacterial_spot,0.39196422696113586
C:\Users\siddh\Downloads\plant dataset\New Plant Diseases Dataset(Augmented)\New Plant Diseases Dataset(Augmented)\valid\Apple___healthy\ee80e1f5-3e45-49a2-9766-ee6ec0981f91___RS_HL 5690.JPG,Apple___healthy,Soybean___healthy,0.39189279079437256
C:\Users\siddh\Downloads\plant dataset\New Plant Diseases Dataset(Augmented)\New Plant Diseases Dataset(Augmented)\valid\Potato___Early_blight\d06681cc-3ed1-4af2-ae40-2597eaea3dd4___RS_Early.B 8691_180deg.JPG,Potato___Early_blight,Tomato___Late_blight,0.39179638028144836
C:\Users\siddh\Downloads\plant dataset\New Plant Diseases Dataset(Augmented)\New Plant Diseases Dataset(Augmented)\valid\Tomato___healthy\2d4db3f7-a768-4a27-832c-fc72496e79b4___GH_HL Leaf 446_new30degFlipLR.JPG,Tomato___healthy,Apple___Apple_scab,0.39140790700912476
C:\Users\siddh\Downloads\plant dataset\New Plant Diseases Dataset(Augmented)\New Plant Diseases Dataset(Augmented)\valid\Tomato___Target_Spot\5e792d39-4b82-4ac1-8b2e-4fa124cb2605___Com.G_TgS_FL 9986_180deg.JPG,Tomato___Target_Spot,Tomato___Spider_mites Two-spotted_spider_mite,0.3908563256263733
C:\Users\siddh\Downloads\plant dataset\New Plant Diseases Dataset(Augmented)\New Plant Diseases Dataset(Augmented)\valid\Tomato___Early_blight\ef7a2893-ca76-4f77-beb4-5bfcc729e324___RS_Erly.B 7454_flipTB.JPG,Tomato___Early_blight,Tomato___Late_blight,0.3906668424606323
C:\Users\siddh\Downloads\plant dataset\New Plant Diseases Dataset(Augmented)\New Plant Diseases Dataset(Augmented)\valid\Tomato___Late_blight\2850266c-aca2-4114-807f-a5b90ad012e5___GHLB Leaf 9 Day 6.JPG,Tomato___Late_blight,Apple___healthy,0.3906024694442749
C:\Users\siddh\Downloads\plant dataset\New Plant Diseases Dataset(Augmented)\New Plant Diseases Dataset(Augmented)\valid\Tomato___Early_blight\c10623b4-33fe-458c-9d8e-d9a74fb74a6a___RS_Erly.B 7450.JPG,Tomato___Early_blight,Tomato___Bacterial_spot,0.3905617296695709
C:\Users\siddh\Downloads\plant dataset\New Plant Diseases Dataset(Augmented)\New Plant Diseases Dataset(Augmented)\valid\Tomato___Early_blight\68d40fcc-8554-4973-9abc-27fc1928cc9c___RS_Erly.B 7595_flipTB.JPG,Tomato___Early_blight,Tomato___Late_blight,0.3905441164970398
C:\Users\siddh\Downloads\plant dataset\New Plant Diseases Dataset(Augmented)\New Plant Diseases Dataset(Augmented)\valid\Tomato___Septoria_leaf_spot\b4d1fd1c-27f2-476a-8d86-4636028ea4ab___Matt.S_CG 1271.JPG,Tomato___Septoria_leaf_spot,Tomato___Tomato_Yellow_Leaf_Curl_Virus,0.3905429542064667
C:\Users\siddh\Downloads\plant dataset\New Plant Diseases Dataset(Augmented)\New Plant Diseases Dataset(Augmented)\valid\Tomato___Target_Spot\5d55ddf1-3cd2-48ce-9312-0cffb3f59a3f___Com.G_TgS_FL 9676.JPG,Tomato___Target_Spot,Tomato___Spider_mites Two-spotted_spider_mite,0.3902699053287506
C:\Users\siddh\Downloads\plant dataset\New Plant Diseases Dataset(Augmented)\New Plant Diseases Dataset(Augmented)\valid\Tomato___Leaf_Mold\d6441d7c-be78-420d-b202-1298cd5b94e9___Crnl_L.Mold 6571_180deg.JPG,Tomato___Leaf_Mold,Tomato___Spider_mites Two-spotted_spider_mite,0.3902502655982971
C:\Users\siddh\Downloads\plant dataset\New Plant Diseases Dataset(Augmented)\New Plant Diseases Dataset(Augmented)\valid\Apple___Apple_scab\0b1e31fa-cbc0-41ed-9139-c794e6855e82___FREC_Scab 3089_90deg.JPG,Apple___Apple_scab,Apple___Black_rot,0.39021602272987366
C:\Users\siddh\Downloads\plant dataset\New Plant Diseases Dataset(Augmented)\New Plant Diseases Dataset(Augmented)\valid\Potato___healthy\170f1f57-0fd4-421f-9c82-3b1804be63ad___RS_HL 1771_newPixel25.JPG,Potato___healthy,Potato___Early_blight,0.39020776748657227
C:\Users\siddh\Downloads\plant dataset\New Plant Diseases Dataset(Augmented)\New Plant Diseases Dataset(Augmented)\valid\Tomato___Septoria_leaf_spot\1764aae7-ae4b-45f9-b364-23cd799cee12___JR_Sept.L.S 8458.JPG,Tomato___Septoria_leaf_spot,Tomato___Spider_mites Two-spotted_spider_mite,0.3900398910045624
C:\Users\siddh\Downloads\plant dataset\New Plant Diseases Dataset(Augmented)\New Plant Diseases Dataset(Augmented)\valid\Tomato___healthy\3a211a87-cac9-4393-84ca-51e240e1b043___RS_HL 0210_new30degFlipLR.JPG,Tomato___healthy,Potato___healthy,0.38992810249328613
C:\Users\siddh\Downloads\plant dataset\New Plant Diseases Dataset(Augmented)\New Plant Diseases Dataset(Augmented)\valid\Tomato___Leaf_Mold\9622ac01-44eb-46b1-99cf-811d655ad6a8___Crnl_L.Mold 8801.JPG,Tomato___Leaf_Mold,Tomato___Septoria_leaf_spot,0.3898102641105652
C:\Users\siddh\Downloads\plant dataset\New Plant Diseases Dataset(Augmented)\New Plant Diseases Dataset(Augmented)\valid\Tomato___Leaf_Mold\a05d577d-ebe7-44e3-9ac0-e6e742e34f1a___Crnl_L.Mold 9164.JPG,Tomato___Leaf_Mold,Tomato___Late_blight,0.3891259729862213
C:\Users\siddh\Downloads\plant dataset\New Plant Diseases Dataset(Augmented)\New Plant Diseases Dataset(Augmented)\valid\Tomato___Early_blight\95f5cf16-3e2d-4b96-9f3d-732cf1c60d6e___RS_Erly.B 7564_180deg.JPG,Tomato___Early_blight,Tomato___Bacterial_spot,0.3890794515609741
C:\Users\siddh\Downloads\plant dataset\New Plant Diseases Dataset(Augmented)\New Plant Diseases Dataset(Augmented)\valid\Tomato___Early_blight\fd6417ac-d076-4658-a4f8-6916d781c72a___RS_Erly.B 7360_180deg.JPG,Tomato___Early_blight,Tomato___Late_blight,0.3890064060688019
C:\Users\siddh\Downloads\plant dataset\New Plant Diseases Dataset(Augmented)\New Plant Diseases Dataset(Augmented)\valid\Tomato___Target_Spot\3919bfe9-902a-439d-b3db-3027ef2f59f2___Com.G_TgS_FL 0849.JPG,Tomato___Target_Spot,Tomato___healthy,0.3889392614364624
C:\Users\siddh\Downloads\plant dataset\New Plant Diseases Dataset(Augmented)\New Plant Diseases Dataset(Augmented)\valid\Tomato___Leaf_Mold\bd569413-f52c-4e92-9bfb-54e2baae7d31___Crnl_L.Mold 6645_flipTB.JPG,Tomato___Leaf_Mold,Tomato___Late_blight,0.38891980051994324
C:\Users\siddh\Downloads\plant dataset\New Plant Diseases Dataset(Augmented)\New Plant Diseases Dataset(Augmented)\valid\Tomato___Tomato_Yellow_Leaf_Curl_Virus\afe58ed7-783e-4e28-b729-f55dac6be091___YLCV_NREC 2647.JPG,Tomato___Tomato_Yellow_Leaf_Curl_Virus,Tomato___Spider_mites Two-spotted_spider_mite,0.3886652886867523
C:\Users\siddh\Downloads\plant dataset\New Plant Diseases Dataset(Augmented)\New Plant Diseases Dataset(Augmented)\valid\Tomato___Leaf_Mold\3d203bd1-7814-4d66-a2eb-cf97193c1fbb___Crnl_L.Mold 8960.JPG,Tomato___Leaf_Mold,Tomato___Late_blight,0.3886392414569855
C:\Users\siddh\Downloads\plant dataset\New Plant Diseases Dataset(Augmented)\New Plant Diseases Dataset(Augmented)\valid\Apple___healthy\fd35b750-8672-4801-895f-88a1bab1ac70___RS_HL 7277_flipTB.JPG,Apple___healthy,Cherry_(including_sour)___healthy,0.38856014609336853
C:\Users\siddh\Downloads\plant dataset\New Plant Diseases Dataset(Augmented)\New Plant Diseases Dataset(Augmented)\valid\Apple___healthy\e439a002-e035-401e-a1aa-77f99fbd65ad___RS_HL 5880.JPG,Apple___healthy,Cherry_(including_sour)___healthy,0.38756540417671204
C:\Users\siddh\Downloads\plant dataset\New Plant Diseases Dataset(Augmented)\New Plant Diseases Dataset(Augmented)\valid\Tomato___Target_Spot\6db16a45-1060-4ba5-924e-183ce273410a___Com.G_TgS_FL 8124.JPG,Tomato___Target_Spot,"Pepper,_bell___Bacterial_spot",0.38738399744033813
C:\Users\siddh\Downloads\plant dataset\New Plant Diseases Dataset(Augmented)\New Plant Diseases Dataset(Augmented)\valid\Tomato___Septoria_leaf_spot\f15d2ee7-3710-4f31-bdc7-3215a27a7ae9___Matt.S_CG 1282.JPG,Tomato___Septoria_leaf_spot,Tomato___Bacterial_spot,0.3872179388999939
C:\Users\siddh\Downloads\plant dataset\New Plant Diseases Dataset(Augmented)\New Plant Diseases Dataset(Augmented)\valid\Apple___Apple_scab\0a5e9323-dbad-432d-ac58-d291718345d9___FREC_Scab 3417.JPG,Apple___Apple_scab,Apple___Cedar_apple_rust,0.38695019483566284
C:\Users\siddh\Downloads\plant dataset\New Plant Diseases Dataset(Augmented)\New Plant Diseases Dataset(Augmented)\valid\Tomato___Target_Spot\23030173-1999-4b35-b096-59a70bdc2682___Com.G_TgS_FL 8375.JPG,Tomato___Target_Spot,Tomato___Spider_mites Two-spotted_spider_mite,0.38690829277038574
C:\Users\siddh\Downloads\plant dataset\New Plant Diseases Dataset(Augmented)\New Plant Diseases Dataset(Augmented)\valid\Tomato___Tomato_Yellow_Leaf_Curl_Virus\46743c5e-9665-4ab9-aa10-20044684b87e___YLCV_GCREC 5224.JPG,Tomato___Tomato_Yellow_Leaf_Curl_Virus,Tomato___Spider_mites Two-spotted_spider_mite,0.38689666986465454
C:\Users\siddh\Downloads\plant dataset\New Plant Diseases Dataset(Augmented)\New Plant Diseases Dataset(Augmented)\valid\Tomato___Early_blight\e63371a7-2fb1-4446-9fb2-6d679485d2b0___RS_Erly.B 8415_180deg.JPG,Tomato___Early_blight,Tomato___Target_Spot,0.3865959644317627
C:\Users\siddh\Downloads\plant dataset\New Plant Diseases Dataset(Augmented)\New Plant Diseases Dataset(Augmented)\valid\Tomato___Target_Spot\16717301-b559-40aa-94ce-d6a9f6e3f656___Com.G_TgS_FL 9886.JPG,Tomato___Target_Spot,Tomato___healthy,0.3863062858581543
C:\Users\siddh\Downloads\plant dataset\New Plant Diseases Dataset(Augmented)\New Plant Diseases Dataset(Augmented)\valid\Potato___healthy\4ae82355-6885-40e7-9807-dabe46ed3441___RS_HL 5410.JPG,Potato___healthy,Tomato___healthy,0.3862836956977844
C:\Users\siddh\Downloads\plant dataset\New Plant Diseases Dataset(Augmented)\New Plant Diseases Dataset(Augmented)\valid\Tomato___Target_Spot\a9cc37b3-d9d6-4245-86b8-9aaffd5d0074___Com.G_TgS_FL 9841.JPG,Tomato___Target_Spot,Tomato___Bacterial_spot,0.3857213854789734
C:\Users\siddh\Downloads\plant dataset\New Plant Diseases Dataset(Augmented)\New Plant Diseases Dataset(Augmented)\valid\Tomato___Target_Spot\5b9d911c-97d2-4a47-99d1-356dd365e213___Com.G_TgS_FL 8073_flipTB.JPG,Tomato___Target_Spot,Tomato___healthy,0.38553386926651
C:\Users\siddh\Downloads\plant dataset\New Plant Diseases Dataset(Augmented)\New Plant Diseases Dataset(Augmented)\valid\Tomato___Early_blight\0f03a09c-aa48-4d51-95e1-752c466c3742___RS_Erly.B 6413.JPG,Tomato___Early_blight,"Pepper,_bell___Bacterial_spot",0.3845290541648865
C:\Users\siddh\Downloads\plant dataset\New Plant Diseases Dataset(Augmented)\New Plant Diseases Dataset(Augmented)\valid\Tomato___Target_Spot\0eaa45be-4346-4e3c-ab6f-4ce9f9aec1db___Com.G_TgS_FL 7902.JPG,Tomato___Target_Spot,Tomato___Spider_mites Two-spotted_spider_mite,0.38425254821777344
C:\Users\siddh\Downloads\plant dataset\New Plant Diseases Dataset(Augmented)\New Plant Diseases Dataset(Augmented)\valid\Tomato___Target_Spot\5d1140f5-ce1e-457a-b62b-3872b985eedd___Com.G_TgS_FL 0042.JPG,Tomato___Target_Spot,Tomato___Spider_mites Two-spotted_spider_mite,0.38424965739250183
C:\Users\siddh\Downloads\plant dataset\New Plant Diseases Dataset(Augmented)\New Plant Diseases Dataset(Augmented)\valid\Tomato___Target_Spot\5d1140f5-ce1e-457a-b62b-3872b985eedd___Com.G_TgS_FL 0042_flipTB.JPG,Tomato___Target_Spot,Tomato___Spider_mites Two-spotted_spider_mite,0.3839794993400574
C:\Users\siddh\Downloads\plant dataset\New Plant Diseases Dataset(Augmented)\New Plant Diseases Dataset(Augmented)\valid\Tomato___Target_Spot\7bfa2366-1fd0-475b-aadf-d72055b6ec29___Com.G_TgS_FL 0850.JPG,Tomato___Target_Spot,Tomato___healthy,0.38393884897232056
C:\Users\siddh\Downloads\plant dataset\New Plant Diseases Dataset(Augmented)\New Plant Diseases Dataset(Augmented)\valid\Strawberry___Leaf_scorch\e9d15f1c-6ff9-4220-918d-96a726279081___RS_L.Scorch 9960_flipLR.JPG,Strawberry___Leaf_scorch,Grape___Black_rot,0.3835168778896332
C:\Users\siddh\Downloads\plant dataset\New Plant Diseases Dataset(Augmented)\New Plant Diseases Dataset(Augmented)\valid\Tomato___Septoria_leaf_spot\a3fa1904-fa88-407e-982c-b26e64d457db___Matt.S_CG 7420.JPG,Tomato___Septoria_leaf_spot,Tomato___Tomato_mosaic_virus,0.38341671228408813
C:\Users\siddh\Downloads\plant dataset\New Plant Diseases Dataset(Augmented)\New Plant Diseases Dataset(Augmented)\valid\Tomato___Bacterial_spot\90cbe307-2ec6-45f8-b62d-b6fb602466f4___UF.GRC_BS_Lab Leaf 8592.JPG,Tomato___Bacterial_spot,Tomato___Septoria_leaf_spot,0.38330283761024475
C:\Users\siddh\Downloads\plant dataset\New Plant Diseases Dataset(Augmented)\New Plant Diseases Dataset(Augmented)\valid\Tomato___Spider_mites Two-spotted_spider_mite\00fa99e8-2605-4d72-be69-98277587d84b___Com.G_SpM_FL 1453_flipTB.JPG,Tomato___Spider_mites Two-spotted_spider_mite,Tomato___Tomato_mosaic_virus,0.3832230865955353
C:\Users\siddh\Downloads\plant dataset\New Plant Diseases Dataset(Augmented)\New Plant Diseases Dataset(Augmented)\valid\Tomato___Early_blight\96441f54-ccd3-4f34-b405-e395e5070d2c___RS_Erly.B 8336.JPG,Tomato___Early_blight,Tomato___Septoria_leaf_spot,0.38306209444999695
C:\Users\siddh\Downloads\plant dataset\New Plant Diseases Dataset(Augmented)\New Plant Diseases Dataset(Augmented)\valid\Tomato___Septoria_leaf_spot\48bad913-fbef-4845-bc2d-dbc06f0c2bcc___Matt.S_CG 7790.JPG,Tomato___Septoria_leaf_spot,Tomato___Tomato_mosaic_virus,0.38297516107559204
C:\Users\siddh\Downloads\plant dataset\New Plant Diseases Dataset(Augmented)\New Plant Diseases Dataset(Augmented)\valid\Tomato___Septoria_leaf_spot\c3233f4f-a6f5-4bfb-a6bf-bd5e5d045f7a___JR_Sept.L.S 2728.JPG,Tomato___Septoria_leaf_spot,Tomato___Late_blight,0.3829199969768524
"C:\Users\siddh\Downloads\plant dataset\New Plant Diseases Dataset(Augmented)\New Plant Diseases Dataset(Augmented)\valid\Pepper,_bell___healthy\d97b0635-c850-4406-b2d0-3217511b496c___JR_HL 8719.JPG","Pepper,_bell___healthy",Apple___Black_rot,0.3826025426387787
C:\Users\siddh\Downloads\plant dataset\New Plant Diseases Dataset(Augmented)\New Plant Diseases Dataset(Augmented)\valid\Potato___Early_blight\426aeefb-981d-4436-9f92-0fe230bb65fe___RS_Early.B 6977_flipTB.JPG,Potato___Early_blight,Tomato___Late_blight,0.3824584484100342
C:\Users\siddh\Downloads\plant dataset\New Plant Diseases Dataset(Augmented)\New Plant Diseases Dataset(Augmented)\valid\Potato___healthy\36bdc44c-96a4-40bb-86f7-63a91d706e96___RS_HL 4203_flipTB.JPG,Potato___healthy,Blueberry___healthy,0.38199859857559204
C:\Users\siddh\Downloads\plant dataset\New Plant Diseases Dataset(Augmented)\New Plant Diseases Dataset(Augmented)\valid\Potato___healthy\f4be3632-42a1-415a-9f7e-1d5ecb9f49d7___RS_HL 1783_180deg.JPG,Potato___healthy,Blueberry___healthy,0.38169851899147034
C:\Users\siddh\Downloads\plant dataset\New Plant Diseases Dataset(Augmented)\New Plant Diseases Dataset(Augmented)\valid\Tomato___Target_Spot\d6ff0bd7-9f1a-4181-8a50-2cbf250e9f97___Com.G_TgS_FL 1113.JPG,Tomato___Target_Spot,Tomato___Spider_mites Two-spotted_spider_mite,0.38164716958999634
C:\Users\siddh\Downloads\plant dataset\New Plant Diseases Dataset(Augmented)\New Plant Diseases Dataset(Augmented)\valid\Tomato___Early_blight\59dbd132-6e6c-4127-a218-b7602cbee670___RS_Erly.B 9449_180deg.JPG,Tomato___Early_blight,Potato___Late_blight,0.3812212347984314
C:\Users\siddh\Downloads\plant dataset\New Plant Diseases Dataset(Augmented)\New Plant Diseases Dataset(Augmented)\valid\Tomato___Early_blight\ac57ab70-6d8c-4065-8bab-3a88b5239aea___RS_Erly.B 7408.JPG,Tomato___Early_blight,Tomato___Bacterial_spot,0.3807394206523895
C:\Users\siddh\Downloads\plant dataset\New Plant Diseases Dataset(Augmented)\New Plant Diseases Dataset(Augmented)\valid\Squash___Powdery_mildew\9d626277-1e0f-40ce-a3e2-889197097adf___UMD_Powd.M 0111.JPG,Squash___Powdery_mildew,Apple___Apple_scab,0.38013583421707153
C:\Users\siddh\Downloads\plant dataset\New Plant Diseases Dataset(Augmented)\New Plant Diseases Dataset(Augmented)\valid\Apple___Apple_scab\9f815013-3c21-403b-80ca-c69cd82d6251___FREC_Scab 2963.JPG,Apple___Apple_scab,Apple___healthy,0.3794761896133423
C:\Users\siddh\Downloads\plant dataset\New Plant Diseases Dataset(Augmented)\New Plant Diseases Dataset(Augmented)\valid\Tomato___Spider_mites Two-spotted_spider_mite\3bc0207a-406f-49e9-bf64-7082897ef2a4___Com.G_SpM_FL 1583.JPG,Tomato___Spider_mites Two-spotted_spider_mite,Tomato___Target_Spot,0.37910300493240356
C:\Users\siddh\Downloads\plant dataset\New Plant Diseases Dataset(Augmented)\New Plant Diseases Dataset(Augmented)\valid\Potato___healthy\a8d687be-3777-403f-bae7-5c8c19340b3f___RS_HL 1738_new200degFlipTB.JPG,Potato___healthy,"Pepper,_bell___healthy",0.37855949997901917
C:\Users\siddh\Downloads\plant dataset\New Plant Diseases Dataset(Augmented)\New Plant Diseases Dataset(Augmented)\valid\Apple___Apple_scab\3f65aa69-06c9-423f-ac7a-e2ab6edf63ca___FREC_Scab 3360.JPG,Apple___Apple_scab,Tomato___Bacterial_spot,0.3785444498062134
C:\Users\siddh\Downloads\plant dataset\New Plant Diseases Dataset(Augmented)\New Plant Diseases Dataset(Augmented)\valid\Tomato___Leaf_Mold\9332f136-9cb8-4b78-b6fa-507b03fc6d6a___Crnl_L.Mold 6764_flipTB.JPG,Tomato___Leaf_Mold,Tomato___Spider_mites Two-spotted_spider_mite,0.37834325432777405
C:\Users\siddh\Downloads\plant dataset\New Plant Diseases Dataset(Augmented)\New Plant Diseases Dataset(Augmented)\valid\Tomato___Tomato_mosaic_virus\55117128-4dcf-4b3a-bde6-9f42a18d4b24___PSU_CG 2377.JPG,Tomato___Tomato_mosaic_virus,Tomato___Spider_mites Two-spotted_spider_mite,0.3783101439476013
C:\Users\siddh\Downloads\plant dataset\New Plant Diseases Dataset(Augmented)\New Plant Diseases Dataset(Augmented)\valid\Raspberry___healthy\7144dcc1-87b5-4c76-9200-965dde6bc779___Mary_HL 9171.JPG,Raspberry___healthy,Tomato___Tomato_mosaic_virus,0.3780338764190674
C:\Users\siddh\Downloads\plant dataset\New Plant Diseases Dataset(Augmented)\New Plant Diseases Dataset(Augmented)\valid\Tomato___Early_blight\d099777c-8b33-4924-af9e-d3dd96c2de37___RS_Erly.B 7790.JPG,Tomato___Early_blight,Tomato___Target_Spot,0.37760812044143677
C:\Users\siddh\Downloads\plant dataset\New Plant Diseases Dataset(Augmented)\New Plant Diseases Dataset(Augmented)\valid\Grape___healthy\98a433ea-a772-4549-8539-fa96e54bfffc___Mt.N.V_HL 6088_new30degFlipLR.JPG,Grape___healthy,Apple___Apple_scab,0.3775835335254669
C:\Users\siddh\Downloads\plant dataset\New Plant Diseases Dataset(Augmented)\New Plant Diseases Dataset(Augmented)\valid\Tomato___Target_Spot\1c986ad6-8c08-4b6e-ac23-184d3d8d84fa___Com.G_TgS_FL 8083_180deg.JPG,Tomato___Target_Spot,"Pepper,_bell___Bacterial_spot",0.37748831510543823
C:\Users\siddh\Downloads\plant dataset\New Plant Diseases Dataset(Augmented)\New Plant Diseases Dataset(Augmented)\valid\Tomato___Target_Spot\4da7287d-0928-413c-8dbe-965e6db6c8bd___Com.G_TgS_FL 9666_new30degFlipLR.JPG,Tomato___Target_Spot,Soybean___healthy,0.3772858679294586
C:\Users\siddh\Downloads\plant dataset\New Plant Diseases Dataset(Augmented)\New Plant Diseases Dataset(Augmented)\valid\Tomato___Spider_mites Two-spotted_spider_mite\4507779d-5b5d-4c5d-83d4-8eea46679249___Com.G_SpM_FL 9324.JPG,Tomato___Spider_mites Two-spotted_spider_mite,Tomato___Target_Spot,0.3772456645965576
C:\Users\siddh\Downloads\plant dataset\New Plant Diseases Dataset(Augmented)\New Plant Diseases Dataset(Augmented)\valid\Apple___healthy\18121688-72a8-414a-8e36-43060cdebb22___RS_HL 5747_flipTB.JPG,Apple___healthy,Tomato___healthy,0.377013623714447
C:\Users\siddh\Downloads\plant dataset\New Plant Diseases Dataset(Augmented)\New Plant Diseases Dataset(Augmented)\valid\Potato___healthy\51a03694-82cd-43a5-9877-ddce42c1a5ad___RS_HL 1779_newPixel25.JPG,Potato___healthy,Blueberry___healthy,0.3769806921482086
C:\Users\siddh\Downloads\plant dataset\New Plant Diseases Dataset(Augmented)\New Plant Diseases Dataset(Augmented)\valid\Tomato___Spider_mites Two-spotted_spider_mite\f600d9c2-090a-4711-a3ac-8d48a709173d___Com.G_SpM_FL 1774.JPG,Tomato___Spider_mites Two-spotted_spider_mite,Tomato___healthy,0.37691113352775574
C:\Users\siddh\Downloads\plant dataset\New Plant Diseases Dataset(Augmented)\New Plant Diseases Dataset(Augmented)\valid\Tomato___Leaf_Mold\6ad9e92c-8dff-450a-b289-5408ee37c014___Crnl_L.Mold 6953.JPG,Tomato___Leaf_Mold,Tomato___Bacterial_spot,0.3767258822917938
C:\Users\siddh\Downloads\plant dataset\New Plant Diseases Dataset(Augmented)\New Plant Diseases Dataset(Augmented)\valid\Tomato___Leaf_Mold\67001860-5fda-495c-b2fb-a036f21448f8___Crnl_L.Mold 8838.JPG,Tomato___Leaf_Mold,Tomato___Septoria_leaf_spot,0.37662726640701294
C:\Users\siddh\Downloads\plant dataset\New Plant Diseases Dataset(Augmented)\New Plant Diseases Dataset(Augmented)\valid\Tomato___Early_blight\150cfe75-133e-4e98-90cb-de96a8120c03___RS_Erly.B 9414_180deg.JPG,Tomato___Early_blight,Tomato___Late_blight,0.376468300819397
C:\Users\siddh\Downloads\plant dataset\New Plant Diseases Dataset(Augmented)\New Plant Diseases Dataset(Augmented)\valid\Tomato___Leaf_Mold\355b3ad0-1d3b-49ea-80c8-3254a06a660c___Crnl_L.Mold 8968_flipTB.JPG,Tomato___Leaf_Mold,"Pepper,_bell___Bacterial_spot",0.3762636184692383
C:\Users\siddh\Downloads\plant dataset\New Plant Diseases Dataset(Augmented)\New Plant Diseases Dataset(Augmented)\valid\Corn_(maize)___Cercospora_leaf_spot Gray_leaf_spot\716dd056-ffe4-4e09-a26f-6c90991b1aff___RS_GLSp 4288 copy.jpg,Corn_(maize)___Cercospora_leaf_spot Gray_leaf_spot,Corn_(maize)___Common_rust_,0.37607288360595703
C:\Users\siddh\Downloads\plant dataset\New Plant Diseases Dataset(Augmented)\New Plant Diseases Dataset(Augmented)\valid\Grape___Esca_(Black_Measles)\8941a904-fa8c-4764-97d8-2a44d786dbcb___FAM_B.Msls 1331.JPG,Grape___Esca_(Black_Measles),Grape___Black_rot,0.37599480152130127
C:\Users\siddh\Downloads\plant dataset\New Plant Diseases Dataset(Augmented)\New Plant Diseases Dataset(Augmented)\valid\Tomato___Leaf_Mold\f48a7999-9eaa-4403-a2a5-533d22092d46___Crnl_L.Mold 6854_flipTB.JPG,Tomato___Leaf_Mold,Tomato___Septoria_leaf_spot,0.3759908974170685
C:\Users\siddh\Downloads\plant dataset\New Plant Diseases Dataset(Augmented)\New Plant Diseases Dataset(Augmented)\valid\Tomato___Leaf_Mold\d6ef8382-fbf0-47f3-aea4-53cf32b04ab1___Crnl_L.Mold 6510.JPG,Tomato___Leaf_Mold,Tomato___Spider_mites Two-spotted_spider_mite,0.37473806738853455
C:\Users\siddh\Downloads\plant dataset\New Plant Diseases Dataset(Augmented)\New Plant Diseases Dataset(Augmented)\valid\Tomato___Tomato_Yellow_Leaf_Curl_Virus\dc55f427-ed4e-4290-94f3-2882fe680345___YLCV_GCREC 2094.JPG,Tomato___Tomato_Yellow_Leaf_Curl_Virus,Tomato___Leaf_Mold,0.3740450143814087
C:\Users\siddh\Downloads\plant dataset\New Plant Diseases Dataset(Augmented)\New Plant Diseases Dataset(Augmented)\valid\Tomato___Septoria_leaf_spot\de026b6e-618a-4d24-8e9a-511144aa94d9___Matt.S_CG 0915.JPG,Tomato___Septoria_leaf_spot,Tomato___Bacterial_spot,0.37402036786079407
C:\Users\siddh\Downloads\plant dataset\New Plant Diseases Dataset(Augmented)\New Plant Diseases Dataset(Augmented)\valid\Tomato___Septoria_leaf_spot\eefa43ba-728d-42e7-96c3-a032c9542f94___Matt.S_CG 7508.JPG,Tomato___Septoria_leaf_spot,Tomato___Target_Spot,0.37361836433410645
C:\Users\siddh\Downloads\plant dataset\New Plant Diseases Dataset(Augmented)\New Plant Diseases Dataset(Augmented)\valid\Tomato___Early_blight\5390d8c0-5781-47cf-8d0a-482e000a01f3___RS_Erly.B 7400_flipTB.JPG,Tomato___Early_blight,Tomato___Late_blight,0.3729187548160553
C:\Users\siddh\Downloads\plant dataset\New Plant Diseases Dataset(Augmented)\New Plant Diseases Dataset(Augmented)\valid\Tomato___Leaf_Mold\e379328a-4265-470a-978d-5020f59f4c1f___Crnl_L.Mold 6833_180deg.JPG,Tomato___Leaf_Mold,Tomato___Spider_mites Two-spotted_spider_mite,0.372826486825943
C:\Users\siddh\Downloads\plant dataset\New Plant Diseases Dataset(Augmented)\New Plant Diseases Dataset(Augmented)\valid\Tomato___Leaf_Mold\81ea3777-2cc4-473a-bbeb-062bd1b09224___Crnl_L.Mold 6893.JPG,Tomato___Leaf_Mold,Tomato___Spider_mites Two-spotted_spider_mite,0.37278833985328674
C:\Users\siddh\Downloads\plant dataset\New Plant Diseases Dataset(Augmented)\New Plant Diseases Dataset(Augmented)\valid\Apple___Black_rot\94ef739e-57a7-4f97-be8e-6ba2cfd16780___JR_FrgE.S 8664_new30degFlipLR.JPG,Apple___Black_rot,Apple___Apple_scab,0.3726290166378021
C:\Users\siddh\Downloads\plant dataset\New Plant Diseases Dataset(Augmented)\New Plant Diseases Dataset(Augmented)\valid\Tomato___Spider_mites Two-spotted_spider_mite\df590ea7-bdf5-410b-8063-dbdaa9a5a228___Com.G_SpM_FL 1461.JPG,Tomato___Spider_mites Two-spotted_spider_mite,Tomato___Target_Spot,0.37234339118003845
C:\Users\siddh\Downloads\plant dataset\New Plant Diseases Dataset(Augmented)\New Plant Diseases Dataset(Augmented)\valid\Strawberry___healthy\a8d7bf99-7163-49e1-a1b7-45ce12b4dc6c___RS_HL 4526.JPG,Strawberry___healthy,Tomato___healthy,0.37224969267845154
C:\Users\siddh\Downloads\plant dataset\New Plant Diseases Dataset(Augmented)\New Plant Diseases Dataset(Augmented)\valid\Potato___healthy\c3caa84b-6078-4489-80ac-919d92d25ff7___RS_HL 1772_newPixel25.JPG,Potato___healthy,Potato___Early_blight,0.37187516689300537
C:\Users\siddh\Downloads\plant dataset\New Plant Diseases Dataset(Augmented)\New Plant Diseases Dataset(Augmented)\valid\Tomato___Bacterial_spot\dfca025b-a6d9-431a-977e-4bd174daa3a1___GCREC_Bact.Sp 5948.JPG,Tomato___Bacterial_spot,Soybean___healthy,0.37169593572616577
C:\Users\siddh\Downloads\plant dataset\New Plant Diseases Dataset(Augmented)\New Plant Diseases Dataset(Augmented)\valid\Raspberry___healthy\9fef3df4-201a-4c35-ba56-1142ccebeba0___Mary_HL 9230_new30degFlipLR.JPG,Raspberry___healthy,Apple___Apple_scab,0.37158697843551636
C:\Users\siddh\Downloads\plant dataset\New Plant Diseases Dataset(Augmented)\New Plant Diseases Dataset(Augmented)\valid\Tomato___Target_Spot\6d9ca6a6-93df-48c6-93ea-9adc126f2fdf___Com.G_TgS_FL 0019_180deg.JPG,Tomato___Target_Spot,Tomato___Spider_mites Two-spotted_spider_mite,0.371178537607193
C:\Users\siddh\Downloads\plant dataset\New Plant Diseases Dataset(Augmented)\New Plant Diseases Dataset(Augmented)\valid\Tomato___healthy\185440e0-ca0a-4cd6-aba7-d03fae21552f___RS_HL 0141.JPG,Tomato___healthy,Tomato___Spider_mites Two-spotted_spider_mite,0.3708662688732147
C:\Users\siddh\Downloads\plant dataset\New Plant Diseases Dataset(Augmented)\New Plant Diseases Dataset(Augmented)\valid\Potato___Late_blight\72e10017-f8a6-4813-8036-0cde4dad6057___RS_LB 4666_180deg.JPG,Potato___Late_blight,Tomato___Late_blight,0.37052807211875916
C:\Users\siddh\Downloads\plant dataset\New Plant Diseases Dataset(Augmented)\New Plant Diseases Dataset(Augmented)\valid\Tomato___Target_Spot\831b4c22-17fe-4241-8515-998650421d31___Com.G_TgS_FL 9876.JPG,Tomato___Target_Spot,Tomato___Bacterial_spot,0.37029334902763367
C:\Users\siddh\Downloads\plant dataset\New Plant Diseases Dataset(Augmented)\New Plant Diseases Dataset(Augmented)\valid\Raspberry___healthy\aebc17a4-00bc-4a37-9942-7ada247ddb48___Mary_HL 9258_newPixel25.JPG,Raspberry___healthy,Strawberry___healthy,0.37017545104026794
C:\Users\siddh\Downloads\plant dataset\New Plant Diseases Dataset(Augmented)\New Plant Diseases Dataset(Augmented)\valid\Tomato___Target_Spot\0adf2e61-79af-4129-aae0-f41f73b1725f___Com.G_TgS_FL 8275_newPixel25.JPG,Tomato___Target_Spot,Grape___Esca_(Black_Measles),0.36992764472961426
C:\Users\siddh\Downloads\plant dataset\New Plant Diseases Dataset(Augmented)\New Plant Diseases Dataset(Augmented)\valid\Peach___Bacterial_spot\f05fa23f-1cd4-4c07-a100-c2e0d358f30e___Rut._Bact.S 0974.JPG,Peach___Bacterial_spot,"Pepper,_bell___Bacterial_spot",0.3699142038822174
C:\Users\siddh\Downloads\plant dataset\New Plant Diseases Dataset(Augmented)\New Plant Diseases Dataset(Augmented)\valid\Tomato___Leaf_Mold\6bc4a7d2-eaf3-41d4-8129-3165658288d4___Crnl_L.Mold 8766.JPG,Tomato___Leaf_Mold,Tomato___Late_blight,0.3694920241832733
C:\Users\siddh\Downloads\plant dataset\New Plant Diseases Dataset(Augmented)\New Plant Diseases Dataset(Augmented)\valid\Tomato___Target_Spot\ea1a98f6-8ec2-434e-9e48-537378734029___Com.G_TgS_FL 0028.JPG,Tomato___Target_Spot,Tomato___Bacterial_spot,0.36913248896598816
C:\Users\siddh\Downloads\plant dataset\New Plant Diseases Dataset(Augmented)\New Plant Diseases Dataset(Augmented)\valid\Tomato___Septoria_leaf_spot\8f5a4a7c-445b-4bb2-aa73-2c736733f82b___Matt.S_CG 7573.JPG,Tomato___Septoria_leaf_spot,Tomato___Late_blight,0.368655800819397
C:\Users\siddh\Downloads\plant dataset\New Plant Diseases Dataset(Augmented)\New Plant Diseases Dataset(Augmented)\valid\Tomato___Target_Spot\7e65af9a-c384-4674-a069-d4df8cd2c85e___Com.G_TgS_FL 1117.JPG,Tomato___Target_Spot,Tomato___healthy,0.3683154881000519
C:\Users\siddh\Downloads\plant dataset\New Plant Diseases Dataset(Augmented)\New Plant Diseases Dataset(Augmented)\valid\Raspberry___healthy\6f65ae2d-7b09-4774-adfc-2742a4fbdbe4___Mary_HL 9240_newPixel25.JPG,Raspberry___healthy,"Pepper,_bell___healthy",0.36813756823539734
C:\Users\siddh\Downloads\plant dataset\New Plant Diseases Dataset(Augmented)\New Plant Diseases Dataset(Augmented)\valid\Tomato___Leaf_Mold\90d8cc22-bf80-4882-ae80-0a8e02c7ef92___Crnl_L.Mold 6789_flipTB.JPG,Tomato___Leaf_Mold,Tomato___Spider_mites Two-spotted_spider_mite,0.36778131127357483
C:\Users\siddh\Downloads\plant dataset\New Plant Diseases Dataset(Augmented)\New Plant Diseases Dataset(Augmented)\valid\Tomato___healthy\00bce074-967b-4d50-967a-31fdaa35e688___RS_HL 0223_flipTB.JPG,Tomato___healthy,Tomato___Spider_mites Two-spotted_spider_mite,0.36736297607421875
C:\Users\siddh\Downloads\plant dataset\New Plant Diseases Dataset(Augmented)\New Plant Diseases Dataset(Augmented)\valid\Tomato___Target_Spot\17cc92e0-8ca2-4917-8a55-1c4eb0e66182___Com.G_TgS_FL 9857.JPG,Tomato___Target_Spot,Tomato___Bacterial_spot,0.3673545718193054
C:\Users\siddh\Downloads\plant dataset\New Plant Diseases Dataset(Augmented)\New Plant Diseases Dataset(Augmented)\valid\Strawberry___Leaf_scorch\65e5f561-70cd-4282-98d6-9ecc667881e5___RS_L.Scorch 9951_flipLR.JPG,Strawberry___Leaf_scorch,Apple___Black_rot,0.367321640253067
C:\Users\siddh\Downloads\plant dataset\New Plant Diseases Dataset(Augmented)\New Plant Diseases Dataset(Augmented)\valid\Tomato___Bacterial_spot\08fd8d64-fdb3-49bb-93d9-6635ced701d4___UF.GRC_BS_Lab Leaf 0272.JPG,Tomato___Bacterial_spot,Tomato___Late_blight,0.36670246720314026
C:\Users\siddh\Downloads\plant dataset\New Plant Diseases Dataset(Augmented)\New Plant Diseases Dataset(Augmented)\valid\Potato___healthy\23f4d3b1-23f4-43fb-96c2-dae37224ec74___RS_HL 1803_newPixel25.JPG,Potato___healthy,Strawberry___healthy,0.3662663996219635
C:\Users\siddh\Downloads\plant dataset\New Plant Diseases Dataset(Augmented)\New Plant Diseases Dataset(Augmented)\valid\Tomato___Early_blight\8405be22-ecbb-4cec-a87d-e0d454b9926d___RS_Erly.B 7847_flipTB.JPG,Tomato___Early_blight,Tomato___Late_blight,0.3658561110496521
C:\Users\siddh\Downloads\plant dataset\New Plant Diseases Dataset(Augmented)\New Plant Diseases Dataset(Augmented)\valid\Tomato___Target_Spot\1acc1730-96e3-476d-a25a-2c0de0a8df74___Com.G_TgS_FL 8228_flipTB.JPG,Tomato___Target_Spot,Tomato___healthy,0.364775687456131
C:\Users\siddh\Downloads\plant dataset\New Plant Diseases Dataset(Augmented)\New Plant Diseases Dataset(Augmented)\valid\Apple___Apple_scab\154842bb-6ee3-4176-9007-cf7a43cfe140___FREC_Scab 3434_270deg.JPG,Apple___Apple_scab,Tomato___Leaf_Mold,0.3646647036075592
C:\Users\siddh\Downloads\plant dataset\New Plant Diseases Dataset(Augmented)\New Plant Diseases Dataset(Augmented)\valid\Tomato___Septoria_leaf_spot\a7c4ec00-e9fb-4f44-af56-5bb6e7b73e3c___Matt.S_CG 0978.JPG,Tomato___Septoria_leaf_spot,Tomato___Bacterial_spot,0.3646095395088196
C:\Users\siddh\Downloads\plant dataset\New Plant Diseases Dataset(Augmented)\New Plant Diseases Dataset(Augmented)\valid\Apple___healthy\313b7055-4346-4b7c-99fb-ada974f60486___RS_HL 6275.JPG,Apple___healthy,Peach___healthy,0.3645365834236145
C:\Users\siddh\Downloads\plant dataset\New Plant Diseases Dataset(Augmented)\New Plant Diseases Dataset(Augmented)\valid\Tomato___Septoria_leaf_spot\873d0f1d-6f2e-4656-b0ea-aef32a9a0032___Matt.S_CG 6644.JPG,Tomato___Septoria_leaf_spot,Tomato___Bacterial_spot,0.36448225378990173
C:\Users\siddh\Downloads\plant dataset\New Plant Diseases Dataset(Augmented)\New Plant Diseases Dataset(Augmented)\valid\Tomato___Early_blight\c63ff9c7-0422-4a71-8727-7c2581fdee6e___RS_Erly.B 9406_flipTB.JPG,Tomato___Early_blight,Tomato___Septoria_leaf_spot,0.36426395177841187
C:\Users\siddh\Downloads\plant dataset\New Plant Diseases Dataset(Augmented)\New Plant Diseases Dataset(Augmented)\valid\Apple___Apple_scab\ae035eb1-0214-4964-b018-14fca52713fc___FREC_Scab 3166.JPG,Apple___Apple_scab,Apple___healthy,0.36405646800994873
C:\Users\siddh\Downloads\plant dataset\New Plant Diseases Dataset(Augmented)\New Plant Diseases Dataset(Augmented)\valid\Corn_(maize)___Cercospora_leaf_spot Gray_leaf_spot\a23ba9aa-4f37-4d07-b4ef-396fcaf6514d___RS_GLSp 4553_90deg.JPG,Corn_(maize)___Cercospora_leaf_spot Gray_leaf_spot,Tomato___Late_blight,0.3638562858104706
C:\Users\siddh\Downloads\plant dataset\New Plant Diseases Dataset(Augmented)\New Plant Diseases Dataset(Augmented)\valid\Tomato___Leaf_Mold\a6a109c7-b0f1-4475-8b50-22681c59a909___Crnl_L.Mold 6551_flipTB.JPG,Tomato___Leaf_Mold,"Pepper,_bell___Bacterial_spot",0.3634217083454132
C:\Users\siddh\Downloads\plant dataset\New Plant Diseases Dataset(Augmented)\New Plant Diseases Dataset(Augmented)\valid\Tomato___Septoria_leaf_spot\1da58848-43c5-44ce-974e-bdd0b3c6e7d5___JR_Sept.L.S 8363_flipTB.JPG,Tomato___Septoria_leaf_spot,Tomato___Late_blight,0.36339321732521057
C:\Users\siddh\Downloads\plant dataset\New Plant Diseases Dataset(Augmented)\New Plant Diseases Dataset(Augmented)\valid\Tomato___Leaf_Mold\8b30edb3-09a7-4419-a06a-9dddb5194a38___Crnl_L.Mold 8847.JPG,Tomato___Leaf_Mold,Tomato___Late_blight,0.36330053210258484
C:\Users\siddh\Downloads\plant dataset\New Plant Diseases Dataset(Augmented)\New Plant Diseases Dataset(Augmented)\valid\Tomato___Early_blight\605e0af6-415f-4e25-8f0d-a8f36371732b___RS_Erly.B 7827_180deg.JPG,Tomato___Early_blight,Tomato___Target_Spot,0.3630017936229706
C:\Users\siddh\Downloads\plant dataset\New Plant Diseases Dataset(Augmented)\New Plant Diseases Dataset(Augmented)\valid\Grape___Leaf_blight_(Isariopsis_Leaf_Spot)\8fa8ac17-605c-4477-9876-5b94d10b9d92___FAM_L.Blight 4965.JPG,Grape___Leaf_blight_(Isariopsis_Leaf_Spot),Potato___Early_blight,0.36281871795654297
C:\Users\siddh\Downloads\plant dataset\New Plant Diseases Dataset(Augmented)\New Plant Diseases Dataset(Augmented)\valid\Apple___Apple_scab\4a50158d-dcd0-4a1f-885e-2d9b16a4e344___FREC_Scab 3205_270deg.JPG,Apple___Apple_scab,"Pepper,_bell___Bacterial_spot",0.36273708939552307
C:\Users\siddh\Downloads\plant dataset\New Plant Diseases Dataset(Augmented)\New Plant Diseases Dataset(Augmented)\valid\Tomato___Early_blight\2245fdf5-3ff5-4624-9797-0b65bcc6cf73___RS_Erly.B 6358.JPG,Tomato___Early_blight,Tomato___Late_blight,0.3626742660999298
C:\Users\siddh\Downloads\plant dataset\New Plant Diseases Dataset(Augmented)\New Plant Diseases Dataset(Augmented)\valid\Tomato___Septoria_leaf_spot\0d1ab917-ea01-43d7-8a63-232bffcfbb08___Keller.St_CG 1769_180deg.JPG,Tomato___Septoria_leaf_spot,Tomato___Late_blight,0.3624732196331024
C:\Users\siddh\Downloads\plant dataset\New Plant Diseases Dataset(Augmented)\New Plant Diseases Dataset(Augmented)\valid\Tomato___healthy\2eb4a2fa-d41e-47f1-9e3f-e49035c5b24a___RS_HL 9995_new30degFlipLR.JPG,Tomato___healthy,Tomato___Target_Spot,0.36235496401786804
C:\Users\siddh\Downloads\plant dataset\New Plant Diseases Dataset(Augmented)\New Plant Diseases Dataset(Augmented)\valid\Tomato___Early_blight\150cfe75-133e-4e98-90cb-de96a8120c03___RS_Erly.B 9414.JPG,Tomato___Early_blight,Tomato___Late_blight,0.36192312836647034
C:\Users\siddh\Downloads\plant dataset\New Plant Diseases Dataset(Augmented)\New Plant Diseases Dataset(Augmented)\valid\Grape___Black_rot\bb43f8a5-03a1-4d47-b996-3996d97ff5ee___FAM_B.Rot 3222.JPG,Grape___Black_rot,"Pepper,_bell___Bacterial_spot",0.3618032932281494
C:\Users\siddh\Downloads\plant dataset\New Plant Diseases Dataset(Augmented)\New Plant Diseases Dataset(Augmented)\valid\Tomato___Early_blight\54a33a0e-3bf6-44de-ba94-8b5096f1cb6e___RS_Erly.B 7668_180deg.JPG,Tomato___Early_blight,Tomato___Late_blight,0.36170002818107605
C:\Users\siddh\Downloads\plant dataset\New Plant Diseases Dataset(Augmented)\New Plant Diseases Dataset(Augmented)\valid\Tomato___Target_Spot\2b2c841a-f3e8-4861-83d4-c00eaace0049___Com.G_TgS_FL 9897_flipTB.JPG,Tomato___Target_Spot,Tomato___Septoria_leaf_spot,0.36143311858177185
C:\Users\siddh\Downloads\plant dataset\New Plant Diseases Dataset(Augmented)\New Plant Diseases Dataset(Augmented)\valid\Grape___Black_rot\c8bfe895-d9a9-489b-82c3-a038f28640c1___FAM_B.Rot 0400.JPG,Grape___Black_rot,Grape___Esca_(Black_Measles),0.3613130450248718
C:\Users\siddh\Downloads\plant dataset\New Plant Diseases Dataset(Augmented)\New Plant Diseases Dataset(Augmented)\valid\Tomato___Target_Spot\42e1947e-7fb4-42f3-9199-0489ce02289c___Com.G_TgS_FL 9724.JPG,Tomato___Target_Spot,Tomato___Spider_mites Two-spotted_spider_mite,0.3612355589866638
C:\Users\siddh\Downloads\plant dataset\New Plant Diseases Dataset(Augmented)\New Plant Diseases Dataset(Augmented)\valid\Tomato___Target_Spot\f7ab8f84-31f8-4d1d-9068-e7918ce9c4bf___Com.G_TgS_FL 0780.JPG,Tomato___Target_Spot,Tomato___healthy,0.36117732524871826
C:\Users\siddh\Downloads\plant dataset\New Plant Diseases Dataset(Augmented)\New Plant Diseases Dataset(Augmented)\valid\Tomato___Target_Spot\1a8e252e-a75b-4d39-9dfb-e09434029183___Com.G_TgS_FL 0711_180deg.JPG,Tomato___Target_Spot,Tomato___Spider_mites Two-spotted_spider_mite,0.36114439368247986
C:\Users\siddh\Downloads\plant dataset\New Plant Diseases Dataset(Augmented)\New Plant Diseases Dataset(Augmented)\valid\Tomato___Early_blight\22faea13-4b3e-4d87-b80c-379755a7b747___RS_Erly.B 7852.JPG,Tomato___Early_blight,Tomato___healthy,0.36112359166145325
C:\Users\siddh\Downloads\plant dataset\New Plant Diseases Dataset(Augmented)\New Plant Diseases Dataset(Augmented)\valid\Grape___Black_rot\a6195b76-5823-430b-a07e-870a2f8ac6b2___FAM_B.Rot 5009_flipLR.JPG,Grape___Black_rot,Tomato___Bacterial_spot,0.360639750957489
C:\Users\siddh\Downloads\plant dataset\New Plant Diseases Dataset(Augmented)\New Plant Diseases Dataset(Augmented)\valid\Grape___Leaf_blight_(Isariopsis_Leaf_Spot)\e10e2b0d-b03c-4181-9684-27710008c0d8___FAM_L.Blight 3784.JPG,Grape___Leaf_blight_(Isariopsis_Leaf_Spot),Tomato___Bacterial_spot,0.3604658246040344
C:\Users\siddh\Downloads\plant dataset\New Plant Diseases Dataset(Augmented)\New Plant Diseases Dataset(Augmented)\valid\Tomato___Septoria_leaf_spot\27cce771-b14a-4c4c-a910-4751fb2eb9d1___JR_Sept.L.S 8352.JPG,Tomato___Septoria_leaf_spot,Tomato___Late_blight,0.3604503870010376
C:\Users\siddh\Downloads\plant dataset\New Plant Diseases Dataset(Augmented)\New Plant Diseases Dataset(Augmented)\valid\Tomato___Early_blight\2f3c483a-b18d-4571-8c00-fb24f166d328___RS_Erly.B 7667.JPG,Tomato___Early_blight,Potato___Late_blight,0.3601364195346832
C:\Users\siddh\Downloads\plant dataset\New Plant Diseases Dataset(Augmented)\New Plant Diseases Dataset(Augmented)\valid\Potato___healthy\14484ea5-9c34-427c-abe4-2743265aced0___RS_HL 4204_newPixel25.JPG,Potato___healthy,Strawberry___healthy,0.3599545955657959
C:\Users\siddh\Downloads\plant dataset\New Plant Diseases Dataset(Augmented)\New Plant Diseases Dataset(Augmented)\valid\Tomato___Leaf_Mold\760c9629-46ea-41dc-8a59-5ddff5352e86___Crnl_L.Mold 8635_flipTB.JPG,Tomato___Leaf_Mold,Tomato___Late_blight,0.35982847213745117
C:\Users\siddh\Downloads\plant dataset\New Plant Diseases Dataset(Augmented)\New Plant Diseases Dataset(Augmented)\valid\Apple___healthy\4c7e1a5a-fc48-43a8-959d-c7c8ad6462b9___RS_HL 7561.JPG,Apple___healthy,"Pepper,_bell___healthy",0.3598099648952484
C:\Users\siddh\Downloads\plant dataset\New Plant Diseases Dataset(Augmented)\New Plant Diseases Dataset(Augmented)\valid\Tomato___healthy\4c70f748-028a-49d2-92b6-3bf77d33bb9e___RS_HL 9786_new30degFlipLR.JPG,Tomato___healthy,Tomato___Target_Spot,0.3596303462982178
C:\Users\siddh\Downloads\plant dataset\New Plant Diseases Dataset(Augmented)\New Plant Diseases Dataset(Augmented)\valid\Apple___healthy\f3113ef9-20d8-4c82-9bff-66fe60e41065___RS_HL 7790_flipTB.JPG,Apple___healthy,Apple___Apple_scab,0.35882413387298584
C:\Users\siddh\Downloads\plant dataset\New Plant Diseases Dataset(Augmented)\New Plant Diseases Dataset(Augmented)\valid\Tomato___Leaf_Mold\f3113f81-fff3-4b7d-b171-7315216c4d10___Crnl_L.Mold 8683_180deg.JPG,Tomato___Leaf_Mold,Tomato___Tomato_mosaic_virus,0.3586995005607605
C:\Users\siddh\Downloads\plant dataset\New Plant Diseases Dataset(Augmented)\New Plant Diseases Dataset(Augmented)\valid\Tomato___Leaf_Mold\624b9411-3aef-4d0e-a62a-f7feb5fad021___Crnl_L.Mold 6881_flipTB.JPG,Tomato___Leaf_Mold,Tomato___Tomato_mosaic_virus,0.3584096431732178
C:\Users\siddh\Downloads\plant dataset\New Plant Diseases Dataset(Augmented)\New Plant Diseases Dataset(Augmented)\valid\Tomato___Leaf_Mold\82fc0697-cf02-48f0-8a16-23018cee64db___Crnl_L.Mold 6584_flipTB.JPG,Tomato___Leaf_Mold,Tomato___Spider_mites Two-spotted_spider_mite,0.3583115339279175
C:\Users\siddh\Downloads\plant dataset\New Plant Diseases Dataset(Augmented)\New Plant Diseases Dataset(Augmented)\valid\Tomato___healthy\4a077dcb-30be-4f8d-9dc9-00f3874b1676___GH_HL Leaf 465_new30degFlipLR.JPG,Tomato___healthy,Apple___Apple_scab,0.35829347372055054
C:\Users\siddh\Downloads\plant dataset\New Plant Diseases Dataset(Augmented)\New Plant Diseases Dataset(Augmented)\valid\Potato___healthy\1b434c52-7be4-40c4-90d5-13220f1a3eba___RS_HL 5418_new200degFlipTB.JPG,Potato___healthy,Soybean___healthy,0.35815444588661194
C:\Users\siddh\Downloads\plant dataset\New Plant Diseases Dataset(Augmented)\New Plant Diseases Dataset(Augmented)\valid\Tomato___Early_blight\748ed7a9-9044-49d2-943d-8c82a1763c55___RS_Erly.B 8230_180deg.JPG,Tomato___Early_blight,Tomato___Leaf_Mold,0.3574305772781372
C:\Users\siddh\Downloads\plant dataset\New Plant Diseases Dataset(Augmented)\New Plant Diseases Dataset(Augmented)\valid\Tomato___Septoria_leaf_spot\c06b8139-8834-4755-b335-d1041d082aae___JR_Sept.L.S 2536.JPG,Tomato___Septoria_leaf_spot,Tomato___healthy,0.35725194215774536
C:\Users\siddh\Downloads\plant dataset\New Plant Diseases Dataset(Augmented)\New Plant Diseases Dataset(Augmented)\valid\Tomato___Spider_mites Two-spotted_spider_mite\2035804b-547e-473b-a510-7773a7ff2c58___Com.G_SpM_FL 9359.JPG,Tomato___Spider_mites Two-spotted_spider_mite,Tomato___healthy,0.35720691084861755
C:\Users\siddh\Downloads\plant dataset\New Plant Diseases Dataset(Augmented)\New Plant Diseases Dataset(Augmented)\valid\Potato___Late_blight\30920583-57a6-4cc2-81d6-84879ec3af46___RS_LB 4930_180deg.JPG,Potato___Late_blight,Potato___Early_blight,0.3568327724933624
C:\Users\siddh\Downloads\plant dataset\New Plant Diseases Dataset(Augmented)\New Plant Diseases Dataset(Augmented)\valid\Tomato___Spider_mites Two-spotted_spider_mite\c217e737-77c7-4df5-baec-e451e47dc991___Com.G_SpM_FL 9580.JPG,Tomato___Spider_mites Two-spotted_spider_mite,"Pepper,_bell___healthy",0.35671907663345337
C:\Users\siddh\Downloads\plant dataset\New Plant Diseases Dataset(Augmented)\New Plant Diseases Dataset(Augmented)\valid\Tomato___healthy\3eaf72d6-be20-4929-b6dc-58f6c9edf2bd___RS_HL 0031_new30degFlipLR.JPG,Tomato___healthy,Tomato___Target_Spot,0.3563736379146576
C:\Users\siddh\Downloads\plant dataset\New Plant Diseases Dataset(Augmented)\New Plant Diseases Dataset(Augmented)\valid\Tomato___Septoria_leaf_spot\c57b7d7a-c5dd-4866-9a7f-3ad5e356e992___Matt.S_CG 6593.JPG,Tomato___Septoria_leaf_spot,Tomato___Bacterial_spot,0.355787992477417
C:\Users\siddh\Downloads\plant dataset\New Plant Diseases Dataset(Augmented)\New Plant Diseases Dataset(Augmented)\valid\Tomato___Septoria_leaf_spot\98da1654-e91d-48d7-931c-9642d46a9f77___JR_Sept.L.S 2634.JPG,Tomato___Septoria_leaf_spot,"Pepper,_bell___Bacterial_spot",0.35546875
C:\Users\siddh\Downloads\plant dataset\New Plant Diseases Dataset(Augmented)\New Plant Diseases Dataset(Augmented)\valid\Tomato___Target_Spot\faf529ef-0d4a-4f6d-9a17-27498eae98a5___Com.G_TgS_FL 8208.JPG,Tomato___Target_Spot,Tomato___healthy,0.35544341802597046
C:\Users\siddh\Downloads\plant dataset\New Plant Diseases Dataset(Augmented)\New Plant Diseases Dataset(Augmented)\valid\Tomato___Septoria_leaf_spot\d5380a5d-03bb-46d1-ae25-b245f3eec822___Matt.S_CG 7626.JPG,Tomato___Septoria_leaf_spot,Tomato___Spider_mites Two-spotted_spider_mite,0.35530325770378113
C:\Users\siddh\Downloads\plant dataset\New Plant Diseases Dataset(Augmented)\New Plant Diseases Dataset(Augmented)\valid\Tomato___Early_blight\c882c715-ae30-410e-9585-bd7061cf44a4___RS_Erly.B 7734_180deg.JPG,Tomato___Early_blight,Tomato___Target_Spot,0.35528895258903503
C:\Users\siddh\Downloads\plant dataset\New Plant Diseases Dataset(Augmented)\New Plant Diseases Dataset(Augmented)\valid\Tomato___Target_Spot\1e5f36a1-69fd-4256-be5d-ae451546b94c___Com.G_TgS_FL 8094_new30degFlipLR.JPG,Tomato___Target_Spot,Soybean___healthy,0.35497742891311646
C:\Users\siddh\Downloads\plant dataset\New Plant Diseases Dataset(Augmented)\New Plant Diseases Dataset(Augmented)\valid\Apple___Black_rot\7504315d-b8fb-4b7d-a293-2e224968ab30___JR_FrgE.S 8697_new30degFlipLR.JPG,Apple___Black_rot,"Pepper,_bell___Bacterial_spot",0.3548949062824249
C:\Users\siddh\Downloads\plant dataset\New Plant Diseases Dataset(Augmented)\New Plant Diseases Dataset(Augmented)\valid\Tomato___Early_blight\5595a78c-8a56-4ee2-b085-a96c6fb67846___RS_Erly.B 7716_180deg.JPG,Tomato___Early_blight,Tomato___Target_Spot,0.3547079563140869
C:\Users\siddh\Downloads\plant dataset\New Plant Diseases Dataset(Augmented)\New Plant Diseases Dataset(Augmented)\valid\Cherry_(including_sour)___Powdery_mildew\c7f47cac-6806-4522-8e64-b633250cedfc___FREC_Pwd.M 5164_flipLR.JPG,Cherry_(including_sour)___Powdery_mildew,"Pepper,_bell___Bacterial_spot",0.3545950949192047
C:\Users\siddh\Downloads\plant dataset\New Plant Diseases Dataset(Augmented)\New Plant Diseases Dataset(Augmented)\valid\Corn_(maize)___Cercospora_leaf_spot Gray_leaf_spot\0a403456-5c5e-4aad-aa89-a118175c6ddd___RS_GLSp 4501_90deg.JPG,Corn_(maize)___Cercospora_leaf_spot Gray_leaf_spot,Tomato___healthy,0.35437506437301636
C:\Users\siddh\Downloads\plant dataset\New Plant Diseases Dataset(Augmented)\New Plant Diseases Dataset(Augmented)\valid\Tomato___Early_blight\e56354a5-5e3f-4ed6-bfe5-3c783a32dc98___RS_Erly.B 9413_180deg.JPG,Tomato___Early_blight,Potato___Late_blight,0.3541560471057892
C:\Users\siddh\Downloads\plant dataset\New Plant Diseases Dataset(Augmented)\New Plant Diseases Dataset(Augmented)\valid\Tomato___Target_Spot\502048b3-912d-4930-9dba-e2b6de5399ee___Com.G_TgS_FL 7868.JPG,Tomato___Target_Spot,Apple___Black_rot,0.3538397550582886
C:\Users\siddh\Downloads\plant dataset\New Plant Diseases Dataset(Augmented)\New Plant Diseases Dataset(Augmented)\valid\Soybean___healthy\f81667dc-a726-4fd4-ae9d-4409608a5391___RS_HL 2873.JPG,Soybean___healthy,Peach___healthy,0.3538212776184082
C:\Users\siddh\Downloads\plant dataset\New Plant Diseases Dataset(Augmented)\New Plant Diseases Dataset(Augmented)\valid\Peach___healthy\aedd3442-b50a-4df3-aed3-dbcfd371f925___Rutg._HL 3550_new30degFlipLR.JPG,Peach___healthy,Blueberry___healthy,0.3537994623184204
C:\Users\siddh\Downloads\plant dataset\New Plant Diseases Dataset(Augmented)\New Plant Diseases Dataset(Augmented)\valid\Tomato___healthy\2fb5c266-b7ec-4b31-91b4-3f2dc9b0cdcb___RS_HL 0147_new30degFlipLR.JPG,Tomato___healthy,Potato___healthy,0.3537914752960205
C:\Users\siddh\Downloads\plant dataset\New Plant Diseases Dataset(Augmented)\New Plant Diseases Dataset(Augmented)\valid\Peach___Bacterial_spot\8366535d-e9de-424f-b875-f97a210b6ba4___Rut._Bact.S 0946.JPG,Peach___Bacterial_spot,"Pepper,_bell___Bacterial_spot",0.3537396490573883
C:\Users\siddh\Downloads\plant dataset\New Plant Diseases Dataset(Augmented)\New Plant Diseases Dataset(Augmented)\valid\Tomato___Early_blight\f51330a5-e187-434f-add0-bd89f488eeee___RS_Erly.B 7699.JPG,Tomato___Early_blight,Peach___healthy,0.3531511425971985
C:\Users\siddh\Downloads\plant dataset\New Plant Diseases Dataset(Augmented)\New Plant Diseases Dataset(Augmented)\valid\Potato___healthy\b925ad3e-fc49-497d-a6eb-115f0de20800___RS_HL 4170_newPixel25.JPG,Potato___healthy,Potato___Early_blight,0.352600634098053
C:\Users\siddh\Downloads\plant dataset\New Plant Diseases Dataset(Augmented)\New Plant Diseases Dataset(Augmented)\valid\Tomato___Tomato_Yellow_Leaf_Curl_Virus\ad6af578-72a1-4284-ade7-b4da5fe9771a___UF.GRC_YLCV_Lab 08563.JPG,Tomato___Tomato_Yellow_Leaf_Curl_Virus,Cherry_(including_sour)___Powdery_mildew,0.3525707721710205
C:\Users\siddh\Downloads\plant dataset\New Plant Diseases Dataset(Augmented)\New Plant Diseases Dataset(Augmented)\valid\Tomato___Leaf_Mold\69317010-b2b4-4a64-837e-94f8302fd508___Crnl_L.Mold 9149.JPG,Tomato___Leaf_Mold,Tomato___Bacterial_spot,0.3525445759296417
C:\Users\siddh\Downloads\plant dataset\New Plant Diseases Dataset(Augmented)\New Plant Diseases Dataset(Augmented)\valid\Apple___Apple_scab\ac3ae45a-aaff-44c0-979d-6a2a8ba50ccf___FREC_Scab 3520_270deg.JPG,Apple___Apple_scab,"Pepper,_bell___Bacterial_spot",0.35253310203552246
C:\Users\siddh\Downloads\plant dataset\New Plant Diseases Dataset(Augmented)\New Plant Diseases Dataset(Augmented)\valid\Apple___Apple_scab\8c71b810-5fe3-415e-863b-6bb0b1fb1455___FREC_Scab 3221.JPG,Apple___Apple_scab,Cherry_(including_sour)___Powdery_mildew,0.3515343964099884
C:\Users\siddh\Downloads\plant dataset\New Plant Diseases Dataset(Augmented)\New Plant Diseases Dataset(Augmented)\valid\Tomato___Target_Spot\4cf7fd8f-f605-41c6-93ab-76da0119d40a___Com.G_TgS_FL 8162_newPixel25.JPG,Tomato___Target_Spot,Tomato___Late_blight,0.35147979855537415
C:\Users\siddh\Downloads\plant dataset\New Plant Diseases Dataset(Augmented)\New Plant Diseases Dataset(Augmented)\valid\Potato___healthy\ec6e43d3-512d-4908-99f2-c9e2a0be54be___RS_HL 4202_new200degFlipLR.JPG,Potato___healthy,Apple___Apple_scab,0.35140228271484375
C:\Users\siddh\Downloads\plant dataset\New Plant Diseases Dataset(Augmented)\New Plant Diseases Dataset(Augmented)\valid\Tomato___Leaf_Mold\bf7b77e1-6438-45ee-b226-cb69b745a4bc___Crnl_L.Mold 8756_flipTB.JPG,Tomato___Leaf_Mold,"Pepper,_bell___Bacterial_spot",0.3512934148311615
C:\Users\siddh\Downloads\plant dataset\New Plant Diseases Dataset(Augmented)\New Plant Diseases Dataset(Augmented)\valid\Tomato___Leaf_Mold\a1e5590d-aadc-42f9-9bb1-f7cb8df10e0a___Crnl_L.Mold 8781_180deg.JPG,Tomato___Leaf_Mold,Peach___Bacterial_spot,0.3507116436958313
C:\Users\siddh\Downloads\plant dataset\New Plant Diseases Dataset(Augmented)\New Plant Diseases Dataset(Augmented)\valid\Raspberry___healthy\9c21fed1-35e7-4391-836e-957359437e88___Mary_HL 9252_270deg.JPG,Raspberry___healthy,Cherry_(including_sour)___healthy,0.35068389773368835
C:\Users\siddh\Downloads\plant dataset\New Plant Diseases Dataset(Augmented)\New Plant Diseases Dataset(Augmented)\valid\Tomato___Tomato_Yellow_Leaf_Curl_Virus\d3960ac0-c1b9-4eab-8f5d-46f5a272f3c9___UF.GRC_YLCV_Lab 08485.JPG,Tomato___Tomato_Yellow_Leaf_Curl_Virus,Tomato___Bacterial_spot,0.3505001664161682
C:\Users\siddh\Downloads\plant dataset\New Plant Diseases Dataset(Augmented)\New Plant Diseases Dataset(Augmented)\valid\Tomato___Leaf_Mold\16081062-4baf-4be7-923b-d197803282da___Crnl_L.Mold 8686.JPG,Tomato___Leaf_Mold,Tomato___Late_blight,0.35040655732154846
C:\Users\siddh\Downloads\plant dataset\New Plant Diseases Dataset(Augmented)\New Plant Diseases Dataset(Augmented)\valid\Potato___Early_blight\f9461507-6875-43f7-800d-502ffdb8ec05___RS_Early.B 7604_flipTB.JPG,Potato___Early_blight,"Pepper,_bell___Bacterial_spot",0.35033705830574036
C:\Users\siddh\Downloads\plant dataset\New Plant Diseases Dataset(Augmented)\New Plant Diseases Dataset(Augmented)\valid\Tomato___Spider_mites Two-spotted_spider_mite\717bd952-0dc6-4e7c-96b1-d0c30f208c58___Com.G_SpM_FL 9568.JPG,Tomato___Spider_mites Two-spotted_spider_mite,Tomato___Target_Spot,0.3503355383872986
C:\Users\siddh\Downloads\plant dataset\New Plant Diseases Dataset(Augmented)\New Plant Diseases Dataset(Augmented)\valid\Potato___Late_blight\5759c134-1965-4dd2-b71a-4eef4048f962___RS_LB 3975_180deg.JPG,Potato___Late_blight,Potato___healthy,0.35015708208084106
C:\Users\siddh\Downloads\plant dataset\New Plant Diseases Dataset(Augmented)\New Plant Diseases Dataset(Augmented)\valid\Tomato___Leaf_Mold\7922fafa-294f-4a34-999a-040d1a1a1d44___Crnl_L.Mold 6771_180deg.JPG,Tomato___Leaf_Mold,Tomato___Late_blight,0.3499508500099182
C:\Users\siddh\Downloads\plant dataset\New Plant Diseases Dataset(Augmented)\New Plant Diseases Dataset(Augmented)\valid\Corn_(maize)___Cercospora_leaf_spot Gray_leaf_spot\0c5973d2-b9e1-473c-a5d6-8e9854b918b9___RS_GLSp 9340_new30degFlipLR.JPG,Corn_(maize)___Cercospora_leaf_spot Gray_leaf_spot,Apple___Apple_scab,0.34968021512031555
C:\Users\siddh\Downloads\plant dataset\New Plant Diseases Dataset(Augmented)\New Plant Diseases Dataset(Augmented)\valid\Grape___Leaf_blight_(Isariopsis_Leaf_Spot)\f013402b-5de4-43a1-b5e3-f04d1ce11e4d___FAM_L.Blight 1726_flipLR.JPG,Grape___Leaf_blight_(Isariopsis_Leaf_Spot),Tomato___Target_Spot,0.34933313727378845
C:\Users\siddh\Downloads\plant dataset\New Plant Diseases Dataset(Augmented)\New Plant Diseases Dataset(Augmented)\valid\Tomato___Spider_mites Two-spotted_spider_mite\abda41fb-2ee5-4865-a198-e6c088b51178___Com.G_SpM_FL 9482.JPG,Tomato___Spider_mites Two-spotted_spider_mite,Tomato___Late_blight,0.3492782413959503
C:\Users\siddh\Downloads\plant dataset\New Plant Diseases Dataset(Augmented)\New Plant Diseases Dataset(Augmented)\valid\Corn_(maize)___healthy\d3acd928-1f63-4192-8da5-8ebc84caacc2___R.S_HL 5521 copy.jpg,Corn_(maize)___healthy,Corn_(maize)___Cercospora_leaf_spot Gray_leaf_spot,0.34873777627944946
C:\Users\siddh\Downloads\plant dataset\New Plant Diseases Dataset(Augmented)\New Plant Diseases Dataset(Augmented)\valid\Apple___Apple_scab\1a4047d7-23d6-4bba-ba10-b6e7005ea01b___FREC_Scab 3193.JPG,Apple___Apple_scab,Tomato___healthy,0.3485974371433258
C:\Users\siddh\Downloads\plant dataset\New Plant Diseases Dataset(Augmented)\New Plant Diseases Dataset(Augmented)\valid\Tomato___Early_blight\498e5205-4421-4ec6-80b5-e4f79156b1c5___RS_Erly.B 7362_flipTB.JPG,Tomato___Early_blight,Tomato___Bacterial_spot,0.3474251329898834
C:\Users\siddh\Downloads\plant dataset\New Plant Diseases Dataset(Augmented)\New Plant Diseases Dataset(Augmented)\valid\Tomato___Early_blight\4c524fa6-db92-41e1-8d32-84732f78343f___RS_Erly.B 7768.JPG,Tomato___Early_blight,Peach___healthy,0.34728097915649414
C:\Users\siddh\Downloads\plant dataset\New Plant Diseases Dataset(Augmented)\New Plant Diseases Dataset(Augmented)\valid\Tomato___Spider_mites Two-spotted_spider_mite\3eb2dbc2-ea12-40b3-9d38-11d5bfa97af1___Com.G_SpM_FL 9316.JPG,Tomato___Spider_mites Two-spotted_spider_mite,Tomato___healthy,0.3471461534500122
C:\Users\siddh\Downloads\plant dataset\New Plant Diseases Dataset(Augmented)\New Plant Diseases Dataset(Augmented)\valid\Cherry_(including_sour)___Powdery_mildew\ecc4e38e-409c-4495-8cb2-1efd711fc162___FREC_Pwd.M 5146.JPG,Cherry_(including_sour)___Powdery_mildew,Tomato___healthy,0.34706661105155945
C:\Users\siddh\Downloads\plant dataset\New Plant Diseases Dataset(Augmented)\New Plant Diseases Dataset(Augmented)\valid\Tomato___Leaf_Mold\c6c8b630-7166-4bfe-a520-f34cf25d7aae___Crnl_L.Mold 6506.JPG,Tomato___Leaf_Mold,Tomato___Tomato_mosaic_virus,0.34705907106399536
C:\Users\siddh\Downloads\plant dataset\New Plant Diseases Dataset(Augmented)\New Plant Diseases Dataset(Augmented)\valid\Tomato___Target_Spot\05991e8b-e178-450f-8da9-d7c10bd2cda9___Com.G_TgS_FL 9731.JPG,Tomato___Target_Spot,Tomato___Septoria_leaf_spot,0.34694981575012207
C:\Users\siddh\Downloads\plant dataset\New Plant Diseases Dataset(Augmented)\New Plant Diseases Dataset(Augmented)\valid\Tomato___Late_blight\0879b927-2226-455f-9eac-10f5e1f36fdd___RS_Late.B 5331.JPG,Tomato___Late_blight,Tomato___Leaf_Mold,0.34686610102653503
C:\Users\siddh\Downloads\plant dataset\New Plant Diseases Dataset(Augmented)\New Plant Diseases Dataset(Augmented)\valid\Tomato___Early_blight\bac5677d-59b4-4183-839f-24860287ed6a___RS_Erly.B 9503_180deg.JPG,Tomato___Early_blight,"Pepper,_bell___Bacterial_spot",0.34639260172843933
C:\Users\siddh\Downloads\plant dataset\New Plant Diseases Dataset(Augmented)\New Plant Diseases Dataset(Augmented)\valid\Tomato___Target_Spot\3a53fede-6ec6-4e6c-a19f-ad1324604ca8___Com.G_TgS_FL 8086.JPG,Tomato___Target_Spot,Tomato___Spider_mites Two-spotted_spider_mite,0.3463914096355438
C:\Users\siddh\Downloads\plant dataset\New Plant Diseases Dataset(Augmented)\New Plant Diseases Dataset(Augmented)\valid\Tomato___Septoria_leaf_spot\6ab1d41b-ce72-4019-9852-5627d34aa0e2___JR_Sept.L.S 2711.JPG,Tomato___Septoria_leaf_spot,Tomato___Late_blight,0.3462447226047516
C:\Users\siddh\Downloads\plant dataset\New Plant Diseases Dataset(Augmented)\New Plant Diseases Dataset(Augmented)\valid\Tomato___Early_blight\5bbfc062-042e-4929-98ba-fd034a03092d___RS_Erly.B 7581.JPG,Tomato___Early_blight,Tomato___Bacterial_spot,0.34621021151542664
C:\Users\siddh\Downloads\plant dataset\New Plant Diseases Dataset(Augmented)\New Plant Diseases Dataset(Augmented)\valid\Tomato___Late_blight\03a15d38-e1b5-4586-b763-2bad2d268290___RS_Late.B 5207_flipLR.JPG,Tomato___Late_blight,Tomato___Bacterial_spot,0.3461582362651825
C:\Users\siddh\Downloads\plant dataset\New Plant Diseases Dataset(Augmented)\New Plant Diseases Dataset(Augmented)\valid\Tomato___Late_blight\0a39aa48-3f94-4696-9e43-ff4a93529dc3___RS_Late.B 5103_flipLR.JPG,Tomato___Late_blight,Tomato___Spider_mites Two-spotted_spider_mite,0.3460342586040497
C:\Users\siddh\Downloads\plant dataset\New Plant Diseases Dataset(Augmented)\New Plant Diseases Dataset(Augmented)\valid\Apple___healthy\09994dfa-4aab-4ada-9ef2-431d050e1e38___RS_HL 5658.JPG,Apple___healthy,Tomato___Late_blight,0.34560224413871765
C:\Users\siddh\Downloads\plant dataset\New Plant Diseases Dataset(Augmented)\New Plant Diseases Dataset(Augmented)\valid\Tomato___Early_blight\0012b9d2-2130-4a06-a834-b1f3af34f57e___RS_Erly.B 8389.JPG,Tomato___Early_blight,Potato___Early_blight,0.34494951367378235
C:\Users\siddh\Downloads\plant dataset\New Plant Diseases Dataset(Augmented)\New Plant Diseases Dataset(Augmented)\valid\Tomato___Leaf_Mold\e7391b48-0b36-41fd-81f0-35c6b5a24d0a___Crnl_L.Mold 6761_180deg.JPG,Tomato___Leaf_Mold,"Pepper,_bell___Bacterial_spot",0.344454288482666
C:\Users\siddh\Downloads\plant dataset\New Plant Diseases Dataset(Augmented)\New Plant Diseases Dataset(Augmented)\valid\Tomato___Late_blight\b1f047e9-a4c2-45c1-8861-d52828c1444d___GHLB2 Leaf 106.JPG,Tomato___Late_blight,"Pepper,_bell___Bacterial_spot",0.34421467781066895
C:\Users\siddh\Downloads\plant dataset\New Plant Diseases Dataset(Augmented)\New Plant Diseases Dataset(Augmented)\valid\Apple___Apple_scab\f105cc0d-1cc5-4726-b46d-f5bd9c9aacc1___FREC_Scab 3321_270deg.JPG,Apple___Apple_scab,Soybean___healthy,0.3440430760383606
C:\Users\siddh\Downloads\plant dataset\New Plant Diseases Dataset(Augmented)\New Plant Diseases Dataset(Augmented)\valid\Tomato___healthy\e623a5a9-edc8-4c81-ada4-68b3ebadfc7e___RS_HL 0082.JPG,Tomato___healthy,Tomato___Target_Spot,0.3438095152378082
C:\Users\siddh\Downloads\plant dataset\New Plant Diseases Dataset(Augmented)\New Plant Diseases Dataset(Augmented)\valid\Strawberry___Leaf_scorch\8149b2e0-6a08-4637-905f-7de41113d5ff___RS_L.Scorch 1187_flipLR.JPG,Strawberry___Leaf_scorch,Strawberry___healthy,0.3435726463794708
C:\Users\siddh\Downloads\plant dataset\New Plant Diseases Dataset(Augmented)\New Plant Diseases Dataset(Augmented)\valid\Tomato___Early_blight\3205c4f9-9dd4-44ce-8e4c-0bd93405d60b___RS_Erly.B 6331.JPG,Tomato___Early_blight,Tomato___Leaf_Mold,0.34333276748657227
C:\Users\siddh\Downloads\plant dataset\New Plant Diseases Dataset(Augmented)\New Plant Diseases Dataset(Augmented)\valid\Tomato___Target_Spot\2b2c841a-f3e8-4861-83d4-c00eaace0049___Com.G_TgS_FL 9897.JPG,Tomato___Target_Spot,Tomato___Septoria_leaf_spot,0.34319832921028137
C:\Users\siddh\Downloads\plant dataset\New Plant Diseases Dataset(Augmented)\New Plant Diseases Dataset(Augmented)\valid\Tomato___Tomato_Yellow_Leaf_Curl_Virus\32298212-3a35-47f3-b51e-499c13aeb491___YLCV_NREC 2731.JPG,Tomato___Tomato_Yellow_Leaf_Curl_Virus,Tomato___Early_blight,0.3428182005882263
C:\Users\siddh\Downloads\plant dataset\New Plant Diseases Dataset(Augmented)\New Plant Diseases Dataset(Augmented)\valid\Tomato___Early_blight\5390d8c0-5781-47cf-8d0a-482e000a01f3___RS_Erly.B 7400.JPG,Tomato___Early_blight,Tomato___Late_blight,0.3425723910331726
C:\Users\siddh\Downloads\plant dataset\New Plant Diseases Dataset(Augmented)\New Plant Diseases Dataset(Augmented)\valid\Apple___healthy\bae0be56-db99-469e-909a-6035f9b85443___RS_HL 6003.JPG,Apple___healthy,"Pepper,_bell___healthy",0.342525839805603
C:\Users\siddh\Downloads\plant dataset\New Plant Diseases Dataset(Augmented)\New Plant Diseases Dataset(Augmented)\valid\Tomato___Target_Spot\06a52af1-8456-4d7f-98bc-d5ec26be7083___Com.G_TgS_FL 9923.JPG,Tomato___Target_Spot,Tomato___Spider_mites Two-spotted_spider_mite,0.3424917459487915
C:\Users\siddh\Downloads\plant dataset\New Plant Diseases Dataset(Augmented)\New Plant Diseases Dataset(Augmented)\valid\Potato___healthy\ee052892-e935-4fbb-9344-4d23c57c6890___RS_HL 5400_flipTB.JPG,Potato___healthy,Blueberry___healthy,0.3423810601234436
C:\Users\siddh\Downloads\plant dataset\New Plant Diseases Dataset(Augmented)\New Plant Diseases Dataset(Augmented)\valid\Tomato___Leaf_Mold\c3b836a9-0621-4979-a4a0-b57b9488cbeb___Crnl_L.Mold 8846_180deg.JPG,Tomato___Leaf_Mold,Tomato___Septoria_leaf_spot,0.3423543870449066
C:\Users\siddh\Downloads\plant dataset\New Plant Diseases Dataset(Augmented)\New Plant Diseases Dataset(Augmented)\valid\Tomato___Spider_mites Two-spotted_spider_mite\4cf2d9a3-ae18-426a-a455-526aed2167a0___Com.G_SpM_FL 1260_180deg.JPG,Tomato___Spider_mites Two-spotted_spider_mite,Tomato___Late_blight,0.3422295153141022
C:\Users\siddh\Downloads\plant dataset\New Plant Diseases Dataset(Augmented)\New Plant Diseases Dataset(Augmented)\valid\Grape___healthy\9155a721-9e2c-4b58-99be-eba41f454525___Mt.N.V_HL 6053_90deg.JPG,Grape___healthy,Tomato___Bacterial_spot,0.3421638011932373
C:\Users\siddh\Downloads\plant dataset\New Plant Diseases Dataset(Augmented)\New Plant Diseases Dataset(Augmented)\valid\Tomato___Septoria_leaf_spot\1f755e56-f38f-44ef-8076-d82c302c4539___JR_Sept.L.S 8407_flipTB.JPG,Tomato___Septoria_leaf_spot,Tomato___Late_blight,0.3415815234184265
C:\Users\siddh\Downloads\plant dataset\New Plant Diseases Dataset(Augmented)\New Plant Diseases Dataset(Augmented)\valid\Potato___healthy\1b434c52-7be4-40c4-90d5-13220f1a3eba___RS_HL 5418_new200degFlipLR.JPG,Potato___healthy,Soybean___healthy,0.3413286805152893
C:\Users\siddh\Downloads\plant dataset\New Plant Diseases Dataset(Augmented)\New Plant Diseases Dataset(Augmented)\valid\Tomato___Target_Spot\a91408f9-9d46-4f96-b020-06690c45eaef___Com.G_TgS_FL 9824.JPG,Tomato___Target_Spot,Tomato___Spider_mites Two-spotted_spider_mite,0.3412542939186096
C:\Users\siddh\Downloads\plant dataset\New Plant Diseases Dataset(Augmented)\New Plant Diseases Dataset(Augmented)\valid\Tomato___Septoria_leaf_spot\43f78d0c-798d-4466-83f6-49e84d6a9fad___JR_Sept.L.S 2473.JPG,Tomato___Septoria_leaf_spot,Grape___Esca_(Black_Measles),0.3411423861980438
C:\Users\siddh\Downloads\plant dataset\New Plant Diseases Dataset(Augmented)\New Plant Diseases Dataset(Augmented)\valid\Tomato___Septoria_leaf_spot\3f6c0ef0-068b-4566-a643-9a368d50bdc4___JR_Sept.L.S 8380_flipTB.JPG,Tomato___Septoria_leaf_spot,Tomato___Leaf_Mold,0.34089070558547974
C:\Users\siddh\Downloads\plant dataset\New Plant Diseases Dataset(Augmented)\New Plant Diseases Dataset(Augmented)\valid\Cherry_(including_sour)___healthy\0b535337-dd82-45c2-84a5-df272f5fc236___JR_HL 3948.JPG,Cherry_(including_sour)___healthy,Apple___Black_rot,0.34085381031036377
C:\Users\siddh\Downloads\plant dataset\New Plant Diseases Dataset(Augmented)\New Plant Diseases Dataset(Augmented)\valid\Grape___Leaf_blight_(Isariopsis_Leaf_Spot)\d2fd27d9-bdca-4e65-8891-adfbef5b8f1d___FAM_L.Blight 4960_flipLR.JPG,Grape___Leaf_blight_(Isariopsis_Leaf_Spot),Squash___Powdery_mildew,0.33964353799819946
C:\Users\siddh\Downloads\plant dataset\New Plant Diseases Dataset(Augmented)\New Plant Diseases Dataset(Augmented)\valid\Tomato___Septoria_leaf_spot\8c5a5ad2-1ac9-4a19-a5ea-26ae87e0f4c4___JR_Sept.L.S 2538.JPG,Tomato___Septoria_leaf_spot,Tomato___Target_Spot,0.33929547667503357
C:\Users\siddh\Downloads\plant dataset\New Plant Diseases Dataset(Augmented)\New Plant Diseases Dataset(Augmented)\valid\Tomato___Septoria_leaf_spot\90e53552-bfd0-4780-898c-1df4f15d4376___Matt.S_CG 6008.JPG,Tomato___Septoria_leaf_spot,Apple___Cedar_apple_rust,0.3391791880130768
C:\Users\siddh\Downloads\plant dataset\New Plant Diseases Dataset(Augmented)\New Plant Diseases Dataset(Augmented)\valid\Tomato___Tomato_Yellow_Leaf_Curl_Virus\ec441f5d-92ea-41bd-a182-c20ce2328aac___YLCV_GCREC 1934.JPG,Tomato___Tomato_Yellow_Leaf_Curl_Virus,"Pepper,_bell___Bacterial_spot",0.33914482593536377
C:\Users\siddh\Downloads\plant dataset\New Plant Diseases Dataset(Augmented)\New Plant Diseases Dataset(Augmented)\valid\Tomato___Bacterial_spot\61790c83-fbef-4c55-8a47-bfef01b30fa0___UF.GRC_BS_Lab Leaf 8906.JPG,Tomato___Bacterial_spot,Tomato___Late_blight,0.3388318121433258
C:\Users\siddh\Downloads\plant dataset\New Plant Diseases Dataset(Augmented)\New Plant Diseases Dataset(Augmented)\valid\Tomato___Early_blight\70de9ac6-f90f-441f-a51f-217f55213234___RS_Erly.B 9568_180deg.JPG,Tomato___Early_blight,Tomato___Late_blight,0.3380633592605591
C:\Users\siddh\Downloads\plant dataset\New Plant Diseases Dataset(Augmented)\New Plant Diseases Dataset(Augmented)\valid\Grape___Esca_(Black_Measles)\20ab9746-0822-4b1b-9785-759d35ffff95___FAM_B.Msls 1829_flipLR.JPG,Grape___Esca_(Black_Measles),Tomato___healthy,0.3379463851451874
C:\Users\siddh\Downloads\plant dataset\New Plant Diseases Dataset(Augmented)\New Plant Diseases Dataset(Augmented)\valid\Tomato___Septoria_leaf_spot\cbf33493-c9d7-486c-90c7-0e1117aec294___Matt.S_CG 7472.JPG,Tomato___Septoria_leaf_spot,Potato___Early_blight,0.33741047978401184
"C:\Users\siddh\Downloads\plant dataset\New Plant Diseases Dataset(Augmented)\New Plant Diseases Dataset(Augmented)\valid\Pepper,_bell___healthy\7c36055a-505d-4fd3-9b2f-d165f1324a92___JR_HL 8265.JPG","Pepper,_bell___healthy",Orange___Haunglongbing_(Citrus_greening),0.3373718559741974
C:\Users\siddh\Downloads\plant dataset\New Plant Diseases Dataset(Augmented)\New Plant Diseases Dataset(Augmented)\valid\Tomato___Septoria_leaf_spot\1ecc0c20-9ef3-40af-a8d8-9a43463a26b4___Matt.S_CG 7654_flipTB.JPG,Tomato___Septoria_leaf_spot,Tomato___Target_Spot,0.3372448980808258
C:\Users\siddh\Downloads\plant dataset\New Plant Diseases Dataset(Augmented)\New Plant Diseases Dataset(Augmented)\valid\Tomato___Early_blight\d452210c-ee07-4a6e-a0e0-15676dafacb1___RS_Erly.B 7419.JPG,Tomato___Early_blight,Tomato___Bacterial_spot,0.3371850848197937
C:\Users\siddh\Downloads\plant dataset\New Plant Diseases Dataset(Augmented)\New Plant Diseases Dataset(Augmented)\valid\Tomato___Tomato_Yellow_Leaf_Curl_Virus\b57bfdc6-1769-4976-8d28-14e1c7915b36___YLCV_NREC 2855.JPG,Tomato___Tomato_Yellow_Leaf_Curl_Virus,Tomato___Bacterial_spot,0.3371831774711609
C:\Users\siddh\Downloads\plant dataset\New Plant Diseases Dataset(Augmented)\New Plant Diseases Dataset(Augmented)\valid\Peach___Bacterial_spot\07bb4a46-b358-4665-ae95-b8d0f97d84d8___Rut._Bact.S 3349.JPG,Peach___Bacterial_spot,"Pepper,_bell___Bacterial_spot",0.33706095814704895
C:\Users\siddh\Downloads\plant dataset\New Plant Diseases Dataset(Augmented)\New Plant Diseases Dataset(Augmented)\valid\Tomato___Septoria_leaf_spot\eead46ba-77cc-4a29-8497-9b3b5a40d468___Matt.S_CG 6090.JPG,Tomato___Septoria_leaf_spot,Tomato___Late_blight,0.33690178394317627
C:\Users\siddh\Downloads\plant dataset\New Plant Diseases Dataset(Augmented)\New Plant Diseases Dataset(Augmented)\valid\Tomato___Bacterial_spot\022e8a4a-9297-4de3-88a5-ee7aa46dd526___UF.GRC_BS_Lab Leaf 8682.JPG,Tomato___Bacterial_spot,Tomato___Late_blight,0.33687862753868103
C:\Users\siddh\Downloads\plant dataset\New Plant Diseases Dataset(Augmented)\New Plant Diseases Dataset(Augmented)\valid\Grape___Leaf_blight_(Isariopsis_Leaf_Spot)\ec8db249-dfac-47af-9e44-252856493031___FAM_L.Blight 1516_flipLR.JPG,Grape___Leaf_blight_(Isariopsis_Leaf_Spot),Grape___Black_rot,0.33657604455947876
C:\Users\siddh\Downloads\plant dataset\New Plant Diseases Dataset(Augmented)\New Plant Diseases Dataset(Augmented)\valid\Peach___Bacterial_spot\a5df6abe-61ee-4fbd-bb96-4b9f19979524___Rut._Bact.S 3404.JPG,Peach___Bacterial_spot,Apple___Black_rot,0.3362361490726471
C:\Users\siddh\Downloads\plant dataset\New Plant Diseases Dataset(Augmented)\New Plant Diseases Dataset(Augmented)\valid\Tomato___Septoria_leaf_spot\e65190f0-97e9-44a6-bcb8-9fe7d42e9200___Matt.S_CG 7413.JPG,Tomato___Septoria_leaf_spot,Tomato___Target_Spot,0.3358582556247711
C:\Users\siddh\Downloads\plant dataset\New Plant Diseases Dataset(Augmented)\New Plant Diseases Dataset(Augmented)\valid\Tomato___Tomato_Yellow_Leaf_Curl_Virus\cc3d7254-1d1c-45d0-a483-6396c6bc9e9e___YLCV_NREC 0174.JPG,Tomato___Tomato_Yellow_Leaf_Curl_Virus,Tomato___Spider_mites Two-spotted_spider_mite,0.33537983894348145
C:\Users\siddh\Downloads\plant dataset\New Plant Diseases Dataset(Augmented)\New Plant Diseases Dataset(Augmented)\valid\Soybean___healthy\c2e92467-9a4b-4f7d-9b92-14f0e4e7bf23___RS_HL 3610.JPG,Soybean___healthy,Blueberry___healthy,0.3348310887813568
C:\Users\siddh\Downloads\plant dataset\New Plant Diseases Dataset(Augmented)\New Plant Diseases Dataset(Augmented)\valid\Tomato___Target_Spot\5e792d39-4b82-4ac1-8b2e-4fa124cb2605___Com.G_TgS_FL 9986_flipTB.JPG,Tomato___Target_Spot,Tomato___Spider_mites Two-spotted_spider_mite,0.3347015976905823
C:\Users\siddh\Downloads\plant dataset\New Plant Diseases Dataset(Augmented)\New Plant Diseases Dataset(Augmented)\valid\Potato___Early_blight\5720f8b8-4fd7-451f-af18-a48730691c2d___RS_Early.B 7155_180deg.JPG,Potato___Early_blight,Tomato___Septoria_leaf_spot,0.33430033922195435
C:\Users\siddh\Downloads\plant dataset\New Plant Diseases Dataset(Augmented)\New Plant Diseases Dataset(Augmented)\valid\Tomato___Septoria_leaf_spot\f1e6fb1c-fcd6-4164-963b-0cc10f1bc218___Matt.S_CG 7506.JPG,Tomato___Septoria_leaf_spot,Tomato___Target_Spot,0.33393019437789917
C:\Users\siddh\Downloads\plant dataset\New Plant Diseases Dataset(Augmented)\New Plant Diseases Dataset(Augmented)\valid\Apple___Apple_scab\4098b029-fcda-4d2f-9703-c16e6e5fae49___FREC_Scab 3455_270deg.JPG,Apple___Apple_scab,Apple___Cedar_apple_rust,0.33317622542381287
"C:\Users\siddh\Downloads\plant dataset\New Plant Diseases Dataset(Augmented)\New Plant Diseases Dataset(Augmented)\valid\Pepper,_bell___healthy\05f73b75-e898-4752-9c9b-ae745994eb01___JR_HL 8801_newPixel25.JPG","Pepper,_bell___healthy",Apple___Black_rot,0.333017498254776
C:\Users\siddh\Downloads\plant dataset\New Plant Diseases Dataset(Augmented)\New Plant Diseases Dataset(Augmented)\valid\Tomato___Septoria_leaf_spot\0ebf0c98-aeb9-4630-afa0-0c9a2dc32995___Matt.S_CG 6233_flipTB.JPG,Tomato___Septoria_leaf_spot,Tomato___Late_blight,0.3326297998428345
C:\Users\siddh\Downloads\plant dataset\New Plant Diseases Dataset(Augmented)\New Plant Diseases Dataset(Augmented)\valid\Potato___healthy\413bc2e9-eb2a-48fd-ba65-48b5121fd85c___RS_HL 4200_flipLR.JPG,Potato___healthy,Soybean___healthy,0.3323136866092682
C:\Users\siddh\Downloads\plant dataset\New Plant Diseases Dataset(Augmented)\New Plant Diseases Dataset(Augmented)\valid\Tomato___Leaf_Mold\32245a13-92fe-48bf-85c8-938819a057ee___Crnl_L.Mold 8643_180deg.JPG,Tomato___Leaf_Mold,Tomato___Late_blight,0.33199989795684814
C:\Users\siddh\Downloads\plant dataset\New Plant Diseases Dataset(Augmented)\New Plant Diseases Dataset(Augmented)\valid\Tomato___Septoria_leaf_spot\643d1473-b609-4a67-bc28-8dcc7b22c46b___JR_Sept.L.S 8354.JPG,Tomato___Septoria_leaf_spot,Tomato___Leaf_Mold,0.3317880630493164
C:\Users\siddh\Downloads\plant dataset\New Plant Diseases Dataset(Augmented)\New Plant Diseases Dataset(Augmented)\valid\Tomato___Early_blight\e0f7927f-2310-4db1-92cf-cb89a3e14678___RS_Erly.B 7848_flipTB.JPG,Tomato___Early_blight,Tomato___Late_blight,0.3310628831386566
C:\Users\siddh\Downloads\plant dataset\New Plant Diseases Dataset(Augmented)\New Plant Diseases Dataset(Augmented)\valid\Strawberry___Leaf_scorch\91795b04-c65c-4a0e-99d0-793b797ed3c4___RS_L.Scorch 9971_flipLR.JPG,Strawberry___Leaf_scorch,Grape___Leaf_blight_(Isariopsis_Leaf_Spot),0.33054107427597046
C:\Users\siddh\Downloads\plant dataset\New Plant Diseases Dataset(Augmented)\New Plant Diseases Dataset(Augmented)\valid\Tomato___Spider_mites Two-spotted_spider_mite\7ee4836e-8c31-4c01-bd17-382df20083dc___Com.G_SpM_FL 9493.JPG,Tomato___Spider_mites Two-spotted_spider_mite,Tomato___Late_blight,0.33006221055984497
C:\Users\siddh\Downloads\plant dataset\New Plant Diseases Dataset(Augmented)\New Plant Diseases Dataset(Augmented)\valid\Tomato___Early_blight\43e84adf-0897-47dc-97a4-94ef0e83eef5___RS_Erly.B 6399_180deg.JPG,Tomato___Early_blight,Tomato___Late_blight,0.32952427864074707
C:\Users\siddh\Downloads\plant dataset\New Plant Diseases Dataset(Augmented)\New Plant Diseases Dataset(Augmented)\valid\Tomato___Early_blight\4c927622-ea22-4718-8e36-319218ee53bf___RS_Erly.B 7712.JPG,Tomato___Early_blight,Tomato___Target_Spot,0.3294176161289215
"C:\Users\siddh\Downloads\plant dataset\New Plant Diseases Dataset(Augmented)\New Plant Diseases Dataset(Augmented)\valid\Pepper,_bell___healthy\0de13a24-e542-45a2-be5a-8db7d8d858db___JR_HL 5982_newPixel25.JPG","Pepper,_bell___healthy",Peach___healthy,0.32884883880615234
C:\Users\siddh\Downloads\plant dataset\New Plant Diseases Dataset(Augmented)\New Plant Diseases Dataset(Augmented)\valid\Tomato___Early_blight\eb84cf99-aee8-4acc-8d3d-c5a24c672eb4___RS_Erly.B 7423_180deg.JPG,Tomato___Early_blight,Tomato___Late_blight,0.3287641108036041
C:\Users\siddh\Downloads\plant dataset\New Plant Diseases Dataset(Augmented)\New Plant Diseases Dataset(Augmented)\valid\Tomato___Target_Spot\988132c4-574d-471e-9c51-d9b14ab2e45e___Com.G_TgS_FL 9909.JPG,Tomato___Target_Spot,Tomato___Bacterial_spot,0.3284562826156616
C:\Users\siddh\Downloads\plant dataset\New Plant Diseases Dataset(Augmented)\New Plant Diseases Dataset(Augmented)\valid\Apple___Apple_scab\20f4f8d1-7527-420b-a90d-e17b9e45549a___FREC_Scab 2997.JPG,Apple___Apple_scab,"Pepper,_bell___Bacterial_spot",0.3281369209289551
C:\Users\siddh\Downloads\plant dataset\New Plant Diseases Dataset(Augmented)\New Plant Diseases Dataset(Augmented)\valid\Tomato___Target_Spot\1ea4741f-c01c-486e-a4b4-c77bce536f95___Com.G_TgS_FL 9821_180deg.JPG,Tomato___Target_Spot,Tomato___Spider_mites Two-spotted_spider_mite,0.3281066417694092
C:\Users\siddh\Downloads\plant dataset\New Plant Diseases Dataset(Augmented)\New Plant Diseases Dataset(Augmented)\valid\Tomato___Early_blight\c8412a1c-4e61-4a35-9538-c3d3a7c46cbe___RS_Erly.B 7383_180deg.JPG,Tomato___Early_blight,Tomato___Bacterial_spot,0.32809939980506897
C:\Users\siddh\Downloads\plant dataset\New Plant Diseases Dataset(Augmented)\New Plant Diseases Dataset(Augmented)\valid\Tomato___Tomato_Yellow_Leaf_Curl_Virus\e5ad1ec6-6c94-40ba-b5d0-28eb397376ea___YLCV_GCREC 5481.JPG,Tomato___Tomato_Yellow_Leaf_Curl_Virus,Tomato___Target_Spot,0.3277807831764221
C:\Users\siddh\Downloads\plant dataset\New Plant Diseases Dataset(Augmented)\New Plant Diseases Dataset(Augmented)\valid\Tomato___Septoria_leaf_spot\2eabb4bc-329d-4d5d-a4ee-a7a28d15faae___Matt.S_CG 1493_180deg.JPG,Tomato___Septoria_leaf_spot,Tomato___healthy,0.32772693037986755
C:\Users\siddh\Downloads\plant dataset\New Plant Diseases Dataset(Augmented)\New Plant Diseases Dataset(Augmented)\valid\Squash___Powdery_mildew\be4cc708-a9f4-4420-b235-ebde86dfbf7c___MD_Powd.M 0952.JPG,Squash___Powdery_mildew,Apple___healthy,0.3277151584625244
C:\Users\siddh\Downloads\plant dataset\New Plant Diseases Dataset(Augmented)\New Plant Diseases Dataset(Augmented)\valid\Tomato___Target_Spot\4d72bd56-c91d-41d7-9b7f-9c624e63c22a___Com.G_TgS_FL 0023_flipTB.JPG,Tomato___Target_Spot,Tomato___Bacterial_spot,0.3276396691799164
"C:\Users\siddh\Downloads\plant dataset\New Plant Diseases Dataset(Augmented)\New Plant Diseases Dataset(Augmented)\valid\Pepper,_bell___healthy\1dd236c3-5ff0-4a03-996f-e832b50dff82___JR_HL 8787_newPixel25.JPG","Pepper,_bell___healthy",Apple___Cedar_apple_rust,0.32696521282196045
C:\Users\siddh\Downloads\plant dataset\New Plant Diseases Dataset(Augmented)\New Plant Diseases Dataset(Augmented)\valid\Potato___healthy\413bc2e9-eb2a-48fd-ba65-48b5121fd85c___RS_HL 4200_flipTB.JPG,Potato___healthy,Cherry_(including_sour)___healthy,0.32690662145614624
C:\Users\siddh\Downloads\plant dataset\New Plant Diseases Dataset(Augmented)\New Plant Diseases Dataset(Augmented)\valid\Tomato___Septoria_leaf_spot\0d60ecc0-bb8e-4c07-9ad7-5e78aed53b1c___Matt.S_CG 6645_flipTB.JPG,Tomato___Septoria_leaf_spot,Tomato___Tomato_mosaic_virus,0.32685428857803345
C:\Users\siddh\Downloads\plant dataset\New Plant Diseases Dataset(Augmented)\New Plant Diseases Dataset(Augmented)\valid\Tomato___Early_blight\98009062-b345-4f14-bc90-f458e6027918___RS_Erly.B 7411.JPG,Tomato___Early_blight,Tomato___Late_blight,0.3267536163330078
C:\Users\siddh\Downloads\plant dataset\New Plant Diseases Dataset(Augmented)\New Plant Diseases Dataset(Augmented)\valid\Apple___Apple_scab\4a50158d-dcd0-4a1f-885e-2d9b16a4e344___FREC_Scab 3205_90deg.JPG,Apple___Apple_scab,Tomato___Late_blight,0.32663244009017944
C:\Users\siddh\Downloads\plant dataset\New Plant Diseases Dataset(Augmented)\New Plant Diseases Dataset(Augmented)\valid\Tomato___Target_Spot\1d4b2b39-04ca-4921-b824-52c7062f4efb___Com.G_TgS_FL 9810_newPixel25.JPG,Tomato___Target_Spot,Tomato___Late_blight,0.32599303126335144
C:\Users\siddh\Downloads\plant dataset\New Plant Diseases Dataset(Augmented)\New Plant Diseases Dataset(Augmented)\valid\Tomato___Target_Spot\1c986ad6-8c08-4b6e-ac23-184d3d8d84fa___Com.G_TgS_FL 8083.JPG,Tomato___Target_Spot,Tomato___healthy,0.32576075196266174
C:\Users\siddh\Downloads\plant dataset\New Plant Diseases Dataset(Augmented)\New Plant Diseases Dataset(Augmented)\valid\Tomato___Early_blight\96aa2fd2-d8dc-4650-9b56-7b0f25f27edf___RS_Erly.B 7821_flipTB.JPG,Tomato___Early_blight,Tomato___Target_Spot,0.32535409927368164
C:\Users\siddh\Downloads\plant dataset\New Plant Diseases Dataset(Augmented)\New Plant Diseases Dataset(Augmented)\valid\Apple___Black_rot\169b07da-12eb-4a6d-9b24-f37692ca923d___JR_FrgE.S 8636_270deg.JPG,Apple___Black_rot,Soybean___healthy,0.32496732473373413
C:\Users\siddh\Downloads\plant dataset\New Plant Diseases Dataset(Augmented)\New Plant Diseases Dataset(Augmented)\valid\Tomato___Target_Spot\b9e0a7ff-7055-4184-a8bd-ff4321dc8dee___Com.G_TgS_FL 7866.JPG,Tomato___Target_Spot,"Pepper,_bell___Bacterial_spot",0.32472696900367737
C:\Users\siddh\Downloads\plant dataset\New Plant Diseases Dataset(Augmented)\New Plant Diseases Dataset(Augmented)\valid\Tomato___Target_Spot\4a7b8d1e-ca1e-4b87-a7bc-0a43720f66dd___Com.G_TgS_FL 9929_flipTB.JPG,Tomato___Target_Spot,Apple___healthy,0.32455530762672424
"C:\Users\siddh\Downloads\plant dataset\New Plant Diseases Dataset(Augmented)\New Plant Diseases Dataset(Augmented)\valid\Pepper,_bell___healthy\07f381f7-bc63-4e41-8bcc-6c5954a14c03___JR_HL 8326.JPG","Pepper,_bell___healthy",Tomato___Target_Spot,0.32425656914711
C:\Users\siddh\Downloads\plant dataset\New Plant Diseases Dataset(Augmented)\New Plant Diseases Dataset(Augmented)\valid\Tomato___Early_blight\518d8b79-c548-42e4-b78d-f2145eb1d6da___RS_Erly.B 7794.JPG,Tomato___Early_blight,Tomato___Septoria_leaf_spot,0.3238651752471924
C:\Users\siddh\Downloads\plant dataset\New Plant Diseases Dataset(Augmented)\New Plant Diseases Dataset(Augmented)\valid\Tomato___Target_Spot\6df82d72-cc8d-4136-8c9e-b7756255e324___Com.G_TgS_FL 0983_180deg.JPG,Tomato___Target_Spot,Tomato___healthy,0.3237098455429077
C:\Users\siddh\Downloads\plant dataset\New Plant Diseases Dataset(Augmented)\New Plant Diseases Dataset(Augmented)\valid\Tomato___Early_blight\65e02ee3-6760-4416-b1a5-9556bea43d0b___RS_Erly.B 7772_180deg.JPG,Tomato___Early_blight,Tomato___Late_blight,0.32350480556488037
C:\Users\siddh\Downloads\plant dataset\New Plant Diseases Dataset(Augmented)\New Plant Diseases Dataset(Augmented)\valid\Tomato___Septoria_leaf_spot\694af91d-fa2c-4bdd-a1b4-0ebacc3a2cca___Matt.S_CG 1588.JPG,Tomato___Septoria_leaf_spot,Tomato___Target_Spot,0.3234744668006897
C:\Users\siddh\Downloads\plant dataset\New Plant Diseases Dataset(Augmented)\New Plant Diseases Dataset(Augmented)\valid\Peach___healthy\62aa8c46-3dac-4ddf-b567-a86132ffaabc___Rutg._HL 2466_180deg.JPG,Peach___healthy,Apple___healthy,0.32325151562690735
C:\Users\siddh\Downloads\plant dataset\New Plant Diseases Dataset(Augmented)\New Plant Diseases Dataset(Augmented)\valid\Tomato___Septoria_leaf_spot\c8bccda1-45c8-4c33-b293-6c4e538bbc74___JR_Sept.L.S 8361.JPG,Tomato___Septoria_leaf_spot,Tomato___Late_blight,0.3229501247406006
C:\Users\siddh\Downloads\plant dataset\New Plant Diseases Dataset(Augmented)\New Plant Diseases Dataset(Augmented)\valid\Tomato___Early_blight\171b6622-c111-4fe9-b3f9-12b12ee0db06___RS_Erly.B 7836.JPG,Tomato___Early_blight,Tomato___healthy,0.3227654695510864
C:\Users\siddh\Downloads\plant dataset\New Plant Diseases Dataset(Augmented)\New Plant Diseases Dataset(Augmented)\valid\Tomato___Septoria_leaf_spot\cdf6e7c1-419f-4bfe-aaaa-9e2872ee8fa3___JR_Sept.L.S 2642.JPG,Tomato___Septoria_leaf_spot,Tomato___healthy,0.3226343095302582
C:\Users\siddh\Downloads\plant dataset\New Plant Diseases Dataset(Augmented)\New Plant Diseases Dataset(Augmented)\valid\Tomato___Target_Spot\ee3e7dfb-186c-4b33-8661-8c77aefaa46c___Com.G_TgS_FL 9782.JPG,Tomato___Target_Spot,Tomato___Bacterial_spot,0.3223898410797119
"C:\Users\siddh\Downloads\plant dataset\New Plant Diseases Dataset(Augmented)\New Plant Diseases Dataset(Augmented)\valid\Pepper,_bell___healthy\4afe528f-0d52-41ba-8fe5-009b3548858c___JR_HL 7898_newPixel25.JPG","Pepper,_bell___healthy",Blueberry___healthy,0.32233113050460815
C:\Users\siddh\Downloads\plant dataset\New Plant Diseases Dataset(Augmented)\New Plant Diseases Dataset(Augmented)\valid\Tomato___Target_Spot\6a13c6e8-ed63-44bb-bddd-6fcbb92e1c3f___Com.G_TgS_FL 8029_new30degFlipLR.JPG,Tomato___Target_Spot,Apple___Apple_scab,0.32225045561790466
C:\Users\siddh\Downloads\plant dataset\New Plant Diseases Dataset(Augmented)\New Plant Diseases Dataset(Augmented)\valid\Raspberry___healthy\da79a019-69b8-4174-8246-abf7409941ce___Mary_HL 9233_180deg.JPG,Raspberry___healthy,Tomato___healthy,0.3222292959690094
C:\Users\siddh\Downloads\plant dataset\New Plant Diseases Dataset(Augmented)\New Plant Diseases Dataset(Augmented)\valid\Cherry_(including_sour)___healthy\cc19dd0a-b33b-453c-8cd4-b74f67428236___JR_HL 3949_180deg.JPG,Cherry_(including_sour)___healthy,"Pepper,_bell___healthy",0.3220497965812683
C:\Users\siddh\Downloads\plant dataset\New Plant Diseases Dataset(Augmented)\New Plant Diseases Dataset(Augmented)\valid\Tomato___Septoria_leaf_spot\2fed0190-d484-415f-9ae2-84707eb8a294___Matt.S_CG 1617.JPG,Tomato___Septoria_leaf_spot,"Pepper,_bell___Bacterial_spot",0.3219098150730133
C:\Users\siddh\Downloads\plant dataset\New Plant Diseases Dataset(Augmented)\New Plant Diseases Dataset(Augmented)\valid\Tomato___Target_Spot\e6b9cd22-8c2a-4c5c-ad75-a018cf7cc450___Com.G_TgS_FL 9720.JPG,Tomato___Target_Spot,Tomato___Spider_mites Two-spotted_spider_mite,0.3212689161300659
C:\Users\siddh\Downloads\plant dataset\New Plant Diseases Dataset(Augmented)\New Plant Diseases Dataset(Augmented)\valid\Potato___healthy\ec6e43d3-512d-4908-99f2-c9e2a0be54be___RS_HL 4202.JPG,Potato___healthy,"Pepper,_bell___healthy",0.32110729813575745
C:\Users\siddh\Downloads\plant dataset\New Plant Diseases Dataset(Augmented)\New Plant Diseases Dataset(Augmented)\valid\Apple___Apple_scab\2f668a95-80ab-40ac-98ef-657bd85b668b___FREC_Scab 3247_270deg.JPG,Apple___Apple_scab,Squash___Powdery_mildew,0.32094672322273254
C:\Users\siddh\Downloads\plant dataset\New Plant Diseases Dataset(Augmented)\New Plant Diseases Dataset(Augmented)\valid\Potato___healthy\a1abff90-34e5-464d-b4d3-0c09f5924900___RS_HL 5414_newGRR.JPG,Potato___healthy,Potato___Late_blight,0.3207305073738098
"C:\Users\siddh\Downloads\plant dataset\New Plant Diseases Dataset(Augmented)\New Plant Diseases Dataset(Augmented)\valid\Pepper,_bell___healthy\dcec6b1e-d2b9-4f53-b10d-9906ab9e2c47___JR_HL 8317.JPG","Pepper,_bell___healthy",Tomato___healthy,0.3207169771194458
C:\Users\siddh\Downloads\plant dataset\New Plant Diseases Dataset(Augmented)\New Plant Diseases Dataset(Augmented)\valid\Tomato___Early_blight\d41e78aa-0020-457b-a17d-736d426adad5___RS_Erly.B 7755_flipTB.JPG,Tomato___Early_blight,Tomato___Late_blight,0.31996622681617737
C:\Users\siddh\Downloads\plant dataset\New Plant Diseases Dataset(Augmented)\New Plant Diseases Dataset(Augmented)\valid\Tomato___Target_Spot\80f9cd5f-bcfe-4543-8535-3e3c3196752c___Com.G_TgS_FL 9813.JPG,Tomato___Target_Spot,Tomato___Spider_mites Two-spotted_spider_mite,0.3199317455291748
C:\Users\siddh\Downloads\plant dataset\New Plant Diseases Dataset(Augmented)\New Plant Diseases Dataset(Augmented)\valid\Tomato___Target_Spot\f4ec991a-6296-4b84-ba9b-4abdbffcb4e9___Com.G_TgS_FL 9804.JPG,Tomato___Target_Spot,Tomato___Spider_mites Two-spotted_spider_mite,0.31977492570877075
C:\Users\siddh\Downloads\plant dataset\New Plant Diseases Dataset(Augmented)\New Plant Diseases Dataset(Augmented)\valid\Tomato___Early_blight\16d79bd2-5c70-4e6b-a52a-0c578b501d04___RS_Erly.B 6446.JPG,Tomato___Early_blight,Tomato___Late_blight,0.3190469741821289
C:\Users\siddh\Downloads\plant dataset\New Plant Diseases Dataset(Augmented)\New Plant Diseases Dataset(Augmented)\valid\Tomato___Tomato_Yellow_Leaf_Curl_Virus\bd257fb0-a603-46e4-9c36-23963eded620___YLCV_NREC 2252.JPG,Tomato___Tomato_Yellow_Leaf_Curl_Virus,Tomato___Late_blight,0.3189665377140045
C:\Users\siddh\Downloads\plant dataset\New Plant Diseases Dataset(Augmented)\New Plant Diseases Dataset(Augmented)\valid\Tomato___Target_Spot\22beb2c0-f830-421b-99b9-eaa0519b1667___Com.G_TgS_FL 0739.JPG,Tomato___Target_Spot,Tomato___healthy,0.31842800974845886
C:\Users\siddh\Downloads\plant dataset\New Plant Diseases Dataset(Augmented)\New Plant Diseases Dataset(Augmented)\valid\Strawberry___Leaf_scorch\2d90a8b3-1a11-4c72-9334-42fb50862f6d___RS_L.Scorch 9992.JPG,Strawberry___Leaf_scorch,Tomato___Early_blight,0.31822943687438965
C:\Users\siddh\Downloads\plant dataset\New Plant Diseases Dataset(Augmented)\New Plant Diseases Dataset(Augmented)\valid\Tomato___Early_blight\f51330a5-e187-434f-add0-bd89f488eeee___RS_Erly.B 7699_flipTB.JPG,Tomato___Early_blight,Peach___healthy,0.3180757164955139
C:\Users\siddh\Downloads\plant dataset\New Plant Diseases Dataset(Augmented)\New Plant Diseases Dataset(Augmented)\valid\Tomato___Early_blight\15fb19ad-8a5a-4e1b-8ed2-c8d48b006b1d___RS_Erly.B 7674.JPG,Tomato___Early_blight,Apple___Apple_scab,0.31751176714897156
C:\Users\siddh\Downloads\plant dataset\New Plant Diseases Dataset(Augmented)\New Plant Diseases Dataset(Augmented)\valid\Tomato___Target_Spot\5f8a5bf7-8366-4f88-b5e1-bb832608e317___Com.G_TgS_FL 0696_new30degFlipLR.JPG,Tomato___Target_Spot,Apple___Apple_scab,0.3168696463108063
C:\Users\siddh\Downloads\plant dataset\New Plant Diseases Dataset(Augmented)\New Plant Diseases Dataset(Augmented)\valid\Tomato___Early_blight\250f6c43-1800-4c21-9d73-cc51fe144bbc___RS_Erly.B 6356.JPG,Tomato___Early_blight,Peach___Bacterial_spot,0.31609636545181274
C:\Users\siddh\Downloads\plant dataset\New Plant Diseases Dataset(Augmented)\New Plant Diseases Dataset(Augmented)\valid\Tomato___Target_Spot\11d94c10-2699-48ee-b3fb-27d4ac60aeaf___Com.G_TgS_FL 9894.JPG,Tomato___Target_Spot,Tomato___Spider_mites Two-spotted_spider_mite,0.3160021901130676
C:\Users\siddh\Downloads\plant dataset\New Plant Diseases Dataset(Augmented)\New Plant Diseases Dataset(Augmented)\valid\Tomato___Early_blight\b24b9d32-857b-45ef-be89-552232fadfb2___RS_Erly.B 7763_180deg.JPG,Tomato___Early_blight,Tomato___Late_blight,0.31595078110694885
C:\Users\siddh\Downloads\plant dataset\New Plant Diseases Dataset(Augmented)\New Plant Diseases Dataset(Augmented)\valid\Tomato___Leaf_Mold\7281a343-89af-4704-a7f7-2a7c2be56c39___Crnl_L.Mold 6525_180deg.JPG,Tomato___Leaf_Mold,Tomato___Spider_mites Two-spotted_spider_mite,0.31558123230934143
C:\Users\siddh\Downloads\plant dataset\New Plant Diseases Dataset(Augmented)\New Plant Diseases Dataset(Augmented)\valid\Tomato___Bacterial_spot\8a496fba-9b07-47a4-a9b0-8f14f6715cec___GCREC_Bact.Sp 5659.JPG,Tomato___Bacterial_spot,Tomato___Septoria_leaf_spot,0.31490427255630493
C:\Users\siddh\Downloads\plant dataset\New Plant Diseases Dataset(Augmented)\New Plant Diseases Dataset(Augmented)\valid\Tomato___Spider_mites Two-spotted_spider_mite\9e32ffed-d994-44ac-bc0b-5e934842d1da___Com.G_SpM_FL 9576.JPG,Tomato___Spider_mites Two-spotted_spider_mite,Tomato___Tomato_mosaic_virus,0.31463462114334106
C:\Users\siddh\Downloads\plant dataset\New Plant Diseases Dataset(Augmented)\New Plant Diseases Dataset(Augmented)\valid\Tomato___Leaf_Mold\51cc89e4-4693-4470-9ddb-2fff4ab8da50___Crnl_L.Mold 8694_flipTB.JPG,Tomato___Leaf_Mold,Tomato___healthy,0.3144136965274811
C:\Users\siddh\Downloads\plant dataset\New Plant Diseases Dataset(Augmented)\New Plant Diseases Dataset(Augmented)\valid\Tomato___Tomato_Yellow_Leaf_Curl_Virus\34859d65-fa26-4eb5-ac8a-e81404e98e47___YLCV_NREC 2407.JPG,Tomato___Tomato_Yellow_Leaf_Curl_Virus,Tomato___Late_blight,0.3141933083534241
"C:\Users\siddh\Downloads\plant dataset\New Plant Diseases Dataset(Augmented)\New Plant Diseases Dataset(Augmented)\valid\Pepper,_bell___healthy\6ab630ac-c705-4aa8-82ec-1b618cc400f4___JR_HL 8257.JPG","Pepper,_bell___healthy",Soybean___healthy,0.3139411509037018
C:\Users\siddh\Downloads\plant dataset\New Plant Diseases Dataset(Augmented)\New Plant Diseases Dataset(Augmented)\valid\Tomato___Tomato_Yellow_Leaf_Curl_Virus\955440d3-eea8-468f-a7bb-fa5a55be7d0b___YLCV_GCREC 5230.JPG,Tomato___Tomato_Yellow_Leaf_Curl_Virus,Tomato___Tomato_mosaic_virus,0.3134806156158447
C:\Users\siddh\Downloads\plant dataset\New Plant Diseases Dataset(Augmented)\New Plant Diseases Dataset(Augmented)\valid\Strawberry___Leaf_scorch\50ef3cab-ca8a-4c59-854f-8b84e68f6da2___RS_L.Scorch 9909_flipLR.JPG,Strawberry___Leaf_scorch,Grape___Black_rot,0.31329286098480225
C:\Users\siddh\Downloads\plant dataset\New Plant Diseases Dataset(Augmented)\New Plant Diseases Dataset(Augmented)\valid\Tomato___Septoria_leaf_spot\b03fbf6b-8b68-4627-a001-0b81de1be427___JR_Sept.L.S 2503.JPG,Tomato___Septoria_leaf_spot,Tomato___healthy,0.3124231696128845
C:\Users\siddh\Downloads\plant dataset\New Plant Diseases Dataset(Augmented)\New Plant Diseases Dataset(Augmented)\valid\Peach___Bacterial_spot\e3323017-be1a-4f17-bcbf-abacf16f1b91___Rut._Bact.S 0868.JPG,Peach___Bacterial_spot,"Pepper,_bell___Bacterial_spot",0.31241482496261597
C:\Users\siddh\Downloads\plant dataset\New Plant Diseases Dataset(Augmented)\New Plant Diseases Dataset(Augmented)\valid\Tomato___Leaf_Mold\0857ce1f-5347-493a-acd9-77b698950b45___Crnl_L.Mold 6748.JPG,Tomato___Leaf_Mold,Tomato___Spider_mites Two-spotted_spider_mite,0.3123895227909088
C:\Users\siddh\Downloads\plant dataset\New Plant Diseases Dataset(Augmented)\New Plant Diseases Dataset(Augmented)\valid\Grape___healthy\fabd2864-3431-4f44-b3bf-fa3af593fe05___Mt.N.V_HL 9002.JPG,Grape___healthy,Soybean___healthy,0.312275767326355
C:\Users\siddh\Downloads\plant dataset\New Plant Diseases Dataset(Augmented)\New Plant Diseases Dataset(Augmented)\valid\Potato___healthy\8c1e1281-5937-4559-a02f-02817de6e122___RS_HL 4173_newPixel25.JPG,Potato___healthy,Raspberry___healthy,0.31223440170288086
C:\Users\siddh\Downloads\plant dataset\New Plant Diseases Dataset(Augmented)\New Plant Diseases Dataset(Augmented)\valid\Potato___Late_blight\1531198a-c611-47ee-af7d-7b124b863870___RS_LB 4793_flipTB.JPG,Potato___Late_blight,"Pepper,_bell___Bacterial_spot",0.31208130717277527
C:\Users\siddh\Downloads\plant dataset\New Plant Diseases Dataset(Augmented)\New Plant Diseases Dataset(Augmented)\valid\Tomato___Early_blight\fc296f63-8cb3-42f1-a9c1-f6ed8e49777c___RS_Erly.B 6400_180deg.JPG,Tomato___Early_blight,Tomato___Late_blight,0.31199637055397034
C:\Users\siddh\Downloads\plant dataset\New Plant Diseases Dataset(Augmented)\New Plant Diseases Dataset(Augmented)\valid\Tomato___Late_blight\ee90e57e-7289-4dcd-af6f-a585d97628b7___RS_Late.B 7040.JPG,Tomato___Late_blight,Tomato___Bacterial_spot,0.3115770220756531
C:\Users\siddh\Downloads\plant dataset\New Plant Diseases Dataset(Augmented)\New Plant Diseases Dataset(Augmented)\valid\Tomato___healthy\0f809e80-ee2b-4ad4-9a80-50d789298d48___GH_HL Leaf 192_new30degFlipLR.JPG,Tomato___healthy,Apple___Apple_scab,0.31135258078575134
C:\Users\siddh\Downloads\plant dataset\New Plant Diseases Dataset(Augmented)\New Plant Diseases Dataset(Augmented)\valid\Corn_(maize)___Cercospora_leaf_spot Gray_leaf_spot\f7044e72-6f61-45ce-9636-43f653381797___RS_GLSp 4637 copy.jpg,Corn_(maize)___Cercospora_leaf_spot Gray_leaf_spot,Tomato___Early_blight,0.3113381862640381
C:\Users\siddh\Downloads\plant dataset\New Plant Diseases Dataset(Augmented)\New Plant Diseases Dataset(Augmented)\valid\Tomato___Tomato_mosaic_virus\65226438-efaa-4bf4-91e7-e459e3528565___PSU_CG 2143_newPixel25.JPG,Tomato___Tomato_mosaic_virus,Tomato___Late_blight,0.3112383484840393
C:\Users\siddh\Downloads\plant dataset\New Plant Diseases Dataset(Augmented)\New Plant Diseases Dataset(Augmented)\valid\Tomato___Leaf_Mold\cbcf61e4-9a69-4483-9252-ae649102fb63___Crnl_L.Mold 6858_180deg.JPG,Tomato___Leaf_Mold,"Pepper,_bell___Bacterial_spot",0.3108994960784912
C:\Users\siddh\Downloads\plant dataset\New Plant Diseases Dataset(Augmented)\New Plant Diseases Dataset(Augmented)\valid\Tomato___Early_blight\d4e4bce8-d7ca-492b-8dda-69f3e95f4e5a___RS_Erly.B 6418_180deg.JPG,Tomato___Early_blight,Tomato___Bacterial_spot,0.31082683801651
C:\Users\siddh\Downloads\plant dataset\New Plant Diseases Dataset(Augmented)\New Plant Diseases Dataset(Augmented)\valid\Tomato___Septoria_leaf_spot\cbc521e4-3e95-4c0d-a806-56519afd72df___JR_Sept.L.S 8561.JPG,Tomato___Septoria_leaf_spot,Tomato___Late_blight,0.31042662262916565
C:\Users\siddh\Downloads\plant dataset\New Plant Diseases Dataset(Augmented)\New Plant Diseases Dataset(Augmented)\valid\Tomato___Early_blight\f33995ae-6456-476c-b832-4ff4cbaf49f7___RS_Erly.B 7525_flipTB.JPG,Tomato___Early_blight,Tomato___Bacterial_spot,0.3100433647632599
C:\Users\siddh\Downloads\plant dataset\New Plant Diseases Dataset(Augmented)\New Plant Diseases Dataset(Augmented)\valid\Strawberry___healthy\4a11d51c-32a7-41b1-b089-8caf4c467b02___RS_HL 4815.JPG,Strawberry___healthy,Tomato___healthy,0.309244841337204
C:\Users\siddh\Downloads\plant dataset\New Plant Diseases Dataset(Augmented)\New Plant Diseases Dataset(Augmented)\valid\Strawberry___Leaf_scorch\be4670f5-bbdf-465b-ae88-9b7bb30355f1___RS_L.Scorch 0132.JPG,Strawberry___Leaf_scorch,Grape___Black_rot,0.3091600239276886
C:\Users\siddh\Downloads\plant dataset\New Plant Diseases Dataset(Augmented)\New Plant Diseases Dataset(Augmented)\valid\Tomato___Early_blight\56e77ea3-5b58-409c-991d-c6d1e3740f65___RS_Erly.B 7358_180deg.JPG,Tomato___Early_blight,Tomato___Late_blight,0.3089924156665802
C:\Users\siddh\Downloads\plant dataset\New Plant Diseases Dataset(Augmented)\New Plant Diseases Dataset(Augmented)\valid\Tomato___Early_blight\bab7dc71-f5d2-4b07-a582-11a13f785b3d___RS_Erly.B 7764.JPG,Tomato___Early_blight,"Pepper,_bell___healthy",0.30862611532211304
C:\Users\siddh\Downloads\plant dataset\New Plant Diseases Dataset(Augmented)\New Plant Diseases Dataset(Augmented)\valid\Tomato___Target_Spot\1e5f36a1-69fd-4256-be5d-ae451546b94c___Com.G_TgS_FL 8094_flipTB.JPG,Tomato___Target_Spot,Potato___healthy,0.30846166610717773
"C:\Users\siddh\Downloads\plant dataset\New Plant Diseases Dataset(Augmented)\New Plant Diseases Dataset(Augmented)\valid\Pepper,_bell___healthy\3e75d3f9-4e1b-4f09-94e2-e55a9c4d860e___JR_HL 5978_180deg.JPG","Pepper,_bell___healthy",Blueberry___healthy,0.30768683552742004
C:\Users\siddh\Downloads\plant dataset\New Plant Diseases Dataset(Augmented)\New Plant Diseases Dataset(Augmented)\valid\Tomato___Spider_mites Two-spotted_spider_mite\2ac9a09c-b68a-4dba-a5c9-ae740fc9b8d4___Com.G_SpM_FL 9651.JPG,Tomato___Spider_mites Two-spotted_spider_mite,Tomato___Target_Spot,0.3076038360595703
C:\Users\siddh\Downloads\plant dataset\New Plant Diseases Dataset(Augmented)\New Plant Diseases Dataset(Augmented)\valid\Potato___healthy\61b8a692-91d8-40f5-a4a4-4d910875a638___RS_HL 1966.JPG,Potato___healthy,Blueberry___healthy,0.3064931035041809
C:\Users\siddh\Downloads\plant dataset\New Plant Diseases Dataset(Augmented)\New Plant Diseases Dataset(Augmented)\valid\Tomato___Leaf_Mold\2715ba21-6d2a-485a-bd10-ea6e8177250d___Crnl_L.Mold 6863_flipTB.JPG,Tomato___Leaf_Mold,Tomato___Spider_mites Two-spotted_spider_mite,0.30562034249305725
C:\Users\siddh\Downloads\plant dataset\New Plant Diseases Dataset(Augmented)\New Plant Diseases Dataset(Augmented)\valid\Tomato___Septoria_leaf_spot\d5aea5fd-511a-4b5a-92d5-b4063c2c9615___Matt.S_CG 0669.JPG,Tomato___Septoria_leaf_spot,Tomato___Tomato_Yellow_Leaf_Curl_Virus,0.30532798171043396
C:\Users\siddh\Downloads\plant dataset\New Plant Diseases Dataset(Augmented)\New Plant Diseases Dataset(Augmented)\valid\Apple___healthy\b122dc1b-a929-4b77-baa9-faf01744fd88___RS_HL 5657.JPG,Apple___healthy,"Pepper,_bell___healthy",0.30508795380592346
C:\Users\siddh\Downloads\plant dataset\New Plant Diseases Dataset(Augmented)\New Plant Diseases Dataset(Augmented)\valid\Tomato___Bacterial_spot\07f5c629-92da-49ad-b132-6268199882f8___GCREC_Bact.Sp 3362.JPG,Tomato___Bacterial_spot,Strawberry___Leaf_scorch,0.30470767617225647
C:\Users\siddh\Downloads\plant dataset\New Plant Diseases Dataset(Augmented)\New Plant Diseases Dataset(Augmented)\valid\Peach___Bacterial_spot\1aa49af1-c15a-406f-bae1-97a8636cc322___Rut._Bact.S 3417.JPG,Peach___Bacterial_spot,Tomato___Early_blight,0.3044984042644501
C:\Users\siddh\Downloads\plant dataset\New Plant Diseases Dataset(Augmented)\New Plant Diseases Dataset(Augmented)\valid\Tomato___Late_blight\75ab27f9-4a06-4ec8-a335-078802c71fe0___RS_Late.B 5384.JPG,Tomato___Late_blight,Potato___Late_blight,0.30426687002182007
C:\Users\siddh\Downloads\plant dataset\New Plant Diseases Dataset(Augmented)\New Plant Diseases Dataset(Augmented)\valid\Apple___healthy\c72f2192-e438-4ae6-9b0a-0e9dafbf9a3e___RS_HL 7324.JPG,Apple___healthy,Tomato___Target_Spot,0.30371785163879395
C:\Users\siddh\Downloads\plant dataset\New Plant Diseases Dataset(Augmented)\New Plant Diseases Dataset(Augmented)\valid\Grape___Leaf_blight_(Isariopsis_Leaf_Spot)\f3333123-4cbf-4929-9fe1-117d1802bbac___FAM_L.Blight 1563.JPG,Grape___Leaf_blight_(Isariopsis_Leaf_Spot),Tomato___Bacterial_spot,0.30353549122810364
C:\Users\siddh\Downloads\plant dataset\New Plant Diseases Dataset(Augmented)\New Plant Diseases Dataset(Augmented)\valid\Grape___healthy\0708190e-d6a1-4186-8428-1cd816419bfd___Mt.N.V_HL 9017.JPG,Grape___healthy,Apple___healthy,0.3032240569591522
C:\Users\siddh\Downloads\plant dataset\New Plant Diseases Dataset(Augmented)\New Plant Diseases Dataset(Augmented)\valid\Tomato___Target_Spot\6d8550bb-b43d-4e66-a5fc-f320110ad625___Com.G_TgS_FL 9905_180deg.JPG,Tomato___Target_Spot,Soybean___healthy,0.30302730202674866
C:\Users\siddh\Downloads\plant dataset\New Plant Diseases Dataset(Augmented)\New Plant Diseases Dataset(Augmented)\valid\Tomato___Early_blight\eb84cf99-aee8-4acc-8d3d-c5a24c672eb4___RS_Erly.B 7423_flipTB.JPG,Tomato___Early_blight,Tomato___Late_blight,0.30292248725891113
C:\Users\siddh\Downloads\plant dataset\New Plant Diseases Dataset(Augmented)\New Plant Diseases Dataset(Augmented)\valid\Tomato___Septoria_leaf_spot\40b13cf8-a4ca-4d0b-9e76-6f40f38ea063___Matt.S_CG 0773.JPG,Tomato___Septoria_leaf_spot,Tomato___Bacterial_spot,0.30285733938217163
C:\Users\siddh\Downloads\plant dataset\New Plant Diseases Dataset(Augmented)\New Plant Diseases Dataset(Augmented)\valid\Tomato___Spider_mites Two-spotted_spider_mite\1dde88ff-2897-4181-834f-e3629e3cd12c___Com.G_SpM_FL 9560.JPG,Tomato___Spider_mites Two-spotted_spider_mite,Tomato___Bacterial_spot,0.3026631772518158
C:\Users\siddh\Downloads\plant dataset\New Plant Diseases Dataset(Augmented)\New Plant Diseases Dataset(Augmented)\valid\Tomato___Target_Spot\e9e2afc6-6e16-4e16-8592-1023163a97a1___Com.G_TgS_FL 9785.JPG,Tomato___Target_Spot,Tomato___Bacterial_spot,0.30231866240501404
C:\Users\siddh\Downloads\plant dataset\New Plant Diseases Dataset(Augmented)\New Plant Diseases Dataset(Augmented)\valid\Strawberry___healthy\bf156be7-0764-4fdf-822a-568a93501825___RS_HL 1886.JPG,Strawberry___healthy,Potato___healthy,0.3020893931388855
C:\Users\siddh\Downloads\plant dataset\New Plant Diseases Dataset(Augmented)\New Plant Diseases Dataset(Augmented)\valid\Tomato___Target_Spot\0fe6221c-5848-4000-afc6-5a10422dd300___Com.G_TgS_FL 9772_180deg.JPG,Tomato___Target_Spot,Tomato___healthy,0.30192095041275024
C:\Users\siddh\Downloads\plant dataset\New Plant Diseases Dataset(Augmented)\New Plant Diseases Dataset(Augmented)\valid\Strawberry___Leaf_scorch\b56e74f4-6cdf-4476-8759-817fa8e58439___RS_L.Scorch 0117.JPG,Strawberry___Leaf_scorch,Tomato___Septoria_leaf_spot,0.30147165060043335
C:\Users\siddh\Downloads\plant dataset\New Plant Diseases Dataset(Augmented)\New Plant Diseases Dataset(Augmented)\valid\Tomato___Target_Spot\0ff11bec-6751-47dc-86a0-cf28682f13d3___Com.G_TgS_FL 7907.JPG,Tomato___Target_Spot,Tomato___Spider_mites Two-spotted_spider_mite,0.30146846175193787
C:\Users\siddh\Downloads\plant dataset\New Plant Diseases Dataset(Augmented)\New Plant Diseases Dataset(Augmented)\valid\Tomato___Early_blight\d099777c-8b33-4924-af9e-d3dd96c2de37___RS_Erly.B 7790_flipTB.JPG,Tomato___Early_blight,Tomato___healthy,0.30120718479156494
C:\Users\siddh\Downloads\plant dataset\New Plant Diseases Dataset(Augmented)\New Plant Diseases Dataset(Augmented)\valid\Apple___Apple_scab\76e50482-74b2-468f-8556-7669e1682f1e___FREC_Scab 3323.JPG,Apple___Apple_scab,"Pepper,_bell___healthy",0.30051806569099426
C:\Users\siddh\Downloads\plant dataset\New Plant Diseases Dataset(Augmented)\New Plant Diseases Dataset(Augmented)\valid\Tomato___healthy\2fd78b0f-a307-4824-9e6c-ff4a3f27e3c8___GH_HL Leaf 403_new30degFlipLR.JPG,Tomato___healthy,Blueberry___healthy,0.3004263937473297
C:\Users\siddh\Downloads\plant dataset\New Plant Diseases Dataset(Augmented)\New Plant Diseases Dataset(Augmented)\valid\Tomato___Target_Spot\3f273e21-2b93-4327-ad8f-d1d94766b63a___Com.G_TgS_FL 9874_new30degFlipLR.JPG,Tomato___Target_Spot,Potato___healthy,0.29973456263542175
C:\Users\siddh\Downloads\plant dataset\New Plant Diseases Dataset(Augmented)\New Plant Diseases Dataset(Augmented)\valid\Grape___healthy\2dd116dc-661a-45dd-9c22-8729914ac0dd___Mt.N.V_HL 6047.JPG,Grape___healthy,Raspberry___healthy,0.2997224032878876
C:\Users\siddh\Downloads\plant dataset\New Plant Diseases Dataset(Augmented)\New Plant Diseases Dataset(Augmented)\valid\Tomato___Early_blight\cacbfac0-f563-452c-b506-1ce7bd06d680___RS_Erly.B 9379.JPG,Tomato___Early_blight,Potato___Late_blight,0.29966434836387634
C:\Users\siddh\Downloads\plant dataset\New Plant Diseases Dataset(Augmented)\New Plant Diseases Dataset(Augmented)\valid\Blueberry___healthy\0ebdd4cc-322e-4c04-b5cf-8e1125e35660___RS_HL 5474_new30degFlipLR.JPG,Blueberry___healthy,Apple___Apple_scab,0.29958945512771606
C:\Users\siddh\Downloads\plant dataset\New Plant Diseases Dataset(Augmented)\New Plant Diseases Dataset(Augmented)\valid\Tomato___Bacterial_spot\ecc30297-bfb6-4e9e-8b3e-f29ca20cffa7___UF.GRC_BS_Lab Leaf 8904.JPG,Tomato___Bacterial_spot,Tomato___Septoria_leaf_spot,0.29947009682655334
C:\Users\siddh\Downloads\plant dataset\New Plant Diseases Dataset(Augmented)\New Plant Diseases Dataset(Augmented)\valid\Tomato___Tomato_Yellow_Leaf_Curl_Virus\cdcd9319-3b67-4caa-8bc4-038b269c828e___UF.GRC_YLCV_Lab 03080.JPG,Tomato___Tomato_Yellow_Leaf_Curl_Virus,Tomato___Bacterial_spot,0.2994554042816162
C:\Users\siddh\Downloads\plant dataset\New Plant Diseases Dataset(Augmented)\New Plant Diseases Dataset(Augmented)\valid\Potato___Late_blight\625cf166-4cb5-4e6f-ac94-1193698388f2___RS_LB 5427_180deg.JPG,Potato___Late_blight,Tomato___Late_blight,0.2985267639160156
C:\Users\siddh\Downloads\plant dataset\New Plant Diseases Dataset(Augmented)\New Plant Diseases Dataset(Augmented)\valid\Tomato___Late_blight\67bb7136-ae93-4839-853b-26e6cbf868f6___GHLB2 Leaf 105.JPG,Tomato___Late_blight,Apple___Apple_scab,0.29824742674827576
C:\Users\siddh\Downloads\plant dataset\New Plant Diseases Dataset(Augmented)\New Plant Diseases Dataset(Augmented)\valid\Potato___healthy\c07db642-c675-4066-99b6-56bc8207fb37___RS_HL 4164_90deg.JPG,Potato___healthy,Soybean___healthy,0.2980310022830963
C:\Users\siddh\Downloads\plant dataset\New Plant Diseases Dataset(Augmented)\New Plant Diseases Dataset(Augmented)\valid\Tomato___Target_Spot\4f742898-78c7-4f18-b98b-937734263cbe___Com.G_TgS_FL 0884.JPG,Tomato___Target_Spot,Tomato___healthy,0.297852098941803
C:\Users\siddh\Downloads\plant dataset\New Plant Diseases Dataset(Augmented)\New Plant Diseases Dataset(Augmented)\valid\Tomato___Spider_mites Two-spotted_spider_mite\1dde88ff-2897-4181-834f-e3629e3cd12c___Com.G_SpM_FL 9560_flipTB.JPG,Tomato___Spider_mites Two-spotted_spider_mite,Tomato___Tomato_mosaic_virus,0.297810435295105
C:\Users\siddh\Downloads\plant dataset\New Plant Diseases Dataset(Augmented)\New Plant Diseases Dataset(Augmented)\valid\Tomato___Early_blight\8c757ec5-a977-412f-bf8e-208fefc79063___RS_Erly.B 9504.JPG,Tomato___Early_blight,Tomato___Septoria_leaf_spot,0.29777681827545166
C:\Users\siddh\Downloads\plant dataset\New Plant Diseases Dataset(Augmented)\New Plant Diseases Dataset(Augmented)\valid\Potato___Late_blight\5759c134-1965-4dd2-b71a-4eef4048f962___RS_LB 3975_flipTB.JPG,Potato___Late_blight,Strawberry___healthy,0.2967640161514282
C:\Users\siddh\Downloads\plant dataset\New Plant Diseases Dataset(Augmented)\New Plant Diseases Dataset(Augmented)\valid\Cherry_(including_sour)___Powdery_mildew\c4aac531-67ac-4117-8484-cfba3b091b7f___FREC_Pwd.M 5167.JPG,Cherry_(including_sour)___Powdery_mildew,"Pepper,_bell___Bacterial_spot",0.29638367891311646
C:\Users\siddh\Downloads\plant dataset\New Plant Diseases Dataset(Augmented)\New Plant Diseases Dataset(Augmented)\valid\Tomato___Leaf_Mold\f2da011d-7004-40de-ba61-9e9fe12ad6b0___Crnl_L.Mold 7143_180deg.JPG,Tomato___Leaf_Mold,Tomato___Bacterial_spot,0.2962777614593506
C:\Users\siddh\Downloads\plant dataset\New Plant Diseases Dataset(Augmented)\New Plant Diseases Dataset(Augmented)\valid\Tomato___Leaf_Mold\8f901183-1af4-402b-87b7-d3838d598ce9___Crnl_L.Mold 9006.JPG,Tomato___Leaf_Mold,Tomato___Spider_mites Two-spotted_spider_mite,0.2953034043312073
C:\Users\siddh\Downloads\plant dataset\New Plant Diseases Dataset(Augmented)\New Plant Diseases Dataset(Augmented)\valid\Potato___healthy\46b2555a-c0a6-48c2-af13-0816e147e4de___RS_HL 1943_newPixel25.JPG,Potato___healthy,Tomato___healthy,0.2952502369880676
C:\Users\siddh\Downloads\plant dataset\New Plant Diseases Dataset(Augmented)\New Plant Diseases Dataset(Augmented)\valid\Tomato___Septoria_leaf_spot\45c3dbbf-94eb-4e9e-9f09-b93609f6db7d___JR_Sept.L.S 2543.JPG,Tomato___Septoria_leaf_spot,Tomato___Target_Spot,0.29525020718574524
C:\Users\siddh\Downloads\plant dataset\New Plant Diseases Dataset(Augmented)\New Plant Diseases Dataset(Augmented)\valid\Potato___Early_blight\c3ce9bae-e62a-4dd9-afa0-f020c48b87cc___RS_Early.B 6704_flipTB.JPG,Potato___Early_blight,"Pepper,_bell___Bacterial_spot",0.2952004075050354
C:\Users\siddh\Downloads\plant dataset\New Plant Diseases Dataset(Augmented)\New Plant Diseases Dataset(Augmented)\valid\Tomato___Septoria_leaf_spot\4dc663c9-994d-4204-ae40-30d5eab53bc9___Matt.S_CG 0678_180deg.JPG,Tomato___Septoria_leaf_spot,Tomato___Tomato_mosaic_virus,0.29501450061798096
C:\Users\siddh\Downloads\plant dataset\New Plant Diseases Dataset(Augmented)\New Plant Diseases Dataset(Augmented)\valid\Tomato___Target_Spot\8201420e-f1d6-4ae1-9d30-4e63911f38cc___Com.G_TgS_FL 0788.JPG,Tomato___Target_Spot,Tomato___Spider_mites Two-spotted_spider_mite,0.2948271334171295
C:\Users\siddh\Downloads\plant dataset\New Plant Diseases Dataset(Augmented)\New Plant Diseases Dataset(Augmented)\valid\Tomato___Leaf_Mold\7f3c64bd-1c01-4e6e-b794-6f9c2a5e2ba9___Crnl_L.Mold 6760.JPG,Tomato___Leaf_Mold,"Pepper,_bell___Bacterial_spot",0.2946332097053528
C:\Users\siddh\Downloads\plant dataset\New Plant Diseases Dataset(Augmented)\New Plant Diseases Dataset(Augmented)\valid\Potato___Early_blight\c3bf3f15-b1ae-4e36-97a4-f341879db6ae___RS_Early.B 8263_flipTB.JPG,Potato___Early_blight,Tomato___Late_blight,0.2941957712173462
C:\Users\siddh\Downloads\plant dataset\New Plant Diseases Dataset(Augmented)\New Plant Diseases Dataset(Augmented)\valid\Tomato___healthy\1e4aef32-09c5-4af8-8948-dc86bd8ef2e7___GH_HL Leaf 215.1_new30degFlipLR.JPG,Tomato___healthy,Apple___Apple_scab,0.2940511107444763
C:\Users\siddh\Downloads\plant dataset\New Plant Diseases Dataset(Augmented)\New Plant Diseases Dataset(Augmented)\valid\Strawberry___Leaf_scorch\a34c4018-c690-4e5f-8e3a-385be622f9d4___RS_L.Scorch 1060_flipLR.JPG,Strawberry___Leaf_scorch,Strawberry___healthy,0.2925143837928772
C:\Users\siddh\Downloads\plant dataset\New Plant Diseases Dataset(Augmented)\New Plant Diseases Dataset(Augmented)\valid\Tomato___Leaf_Mold\32902cc7-5db6-4148-8b4e-0d04199edd98___Crnl_L.Mold 6766.JPG,Tomato___Leaf_Mold,Tomato___Target_Spot,0.2921642065048218
C:\Users\siddh\Downloads\plant dataset\New Plant Diseases Dataset(Augmented)\New Plant Diseases Dataset(Augmented)\valid\Tomato___healthy\2e96661f-a313-4deb-bf32-1eacbc10c48d___GH_HL Leaf 424_new30degFlipLR.JPG,Tomato___healthy,Soybean___healthy,0.2921169400215149
C:\Users\siddh\Downloads\plant dataset\New Plant Diseases Dataset(Augmented)\New Plant Diseases Dataset(Augmented)\valid\Tomato___Septoria_leaf_spot\3ddb7094-9ee7-473d-8a01-b48ce8eda506___Matt.S_CG 6719_180deg.JPG,Tomato___Septoria_leaf_spot,Tomato___Spider_mites Two-spotted_spider_mite,0.29163357615470886
C:\Users\siddh\Downloads\plant dataset\New Plant Diseases Dataset(Augmented)\New Plant Diseases Dataset(Augmented)\valid\Tomato___Septoria_leaf_spot\459318c1-ddb2-4f9c-b497-6280e1e82b96___JR_Sept.L.S 2635.JPG,Tomato___Septoria_leaf_spot,"Pepper,_bell___Bacterial_spot",0.2913038730621338
C:\Users\siddh\Downloads\plant dataset\New Plant Diseases Dataset(Augmented)\New Plant Diseases Dataset(Augmented)\valid\Tomato___Tomato_mosaic_virus\9c96bbe3-5599-4e31-996f-ae37d75872f5___PSU_CG 2215_180deg.JPG,Tomato___Tomato_mosaic_virus,Tomato___Spider_mites Two-spotted_spider_mite,0.29127874970436096
C:\Users\siddh\Downloads\plant dataset\New Plant Diseases Dataset(Augmented)\New Plant Diseases Dataset(Augmented)\valid\Tomato___Early_blight\b58d7a66-097f-4167-abae-92f865407d90___RS_Erly.B 7845_flipTB.JPG,Tomato___Early_blight,Tomato___healthy,0.29037195444107056
C:\Users\siddh\Downloads\plant dataset\New Plant Diseases Dataset(Augmented)\New Plant Diseases Dataset(Augmented)\valid\Tomato___Spider_mites Two-spotted_spider_mite\95379b0d-f7b4-4f9c-8eb4-860556e2eabb___Com.G_SpM_FL 1621.JPG,Tomato___Spider_mites Two-spotted_spider_mite,Tomato___Septoria_leaf_spot,0.2903589904308319
C:\Users\siddh\Downloads\plant dataset\New Plant Diseases Dataset(Augmented)\New Plant Diseases Dataset(Augmented)\valid\Tomato___Early_blight\b868515e-a566-4b0b-9633-30203270943f___RS_Erly.B 9401.JPG,Tomato___Early_blight,Tomato___Late_blight,0.29005536437034607
C:\Users\siddh\Downloads\plant dataset\New Plant Diseases Dataset(Augmented)\New Plant Diseases Dataset(Augmented)\valid\Tomato___Late_blight\6dd1bc0c-72c3-420c-aa48-c3bb4ca8dc7c___GHLB2 Leaf 83.1_flipLR.JPG,Tomato___Late_blight,Apple___Cedar_apple_rust,0.2897788882255554
C:\Users\siddh\Downloads\plant dataset\New Plant Diseases Dataset(Augmented)\New Plant Diseases Dataset(Augmented)\valid\Tomato___Early_blight\56e77ea3-5b58-409c-991d-c6d1e3740f65___RS_Erly.B 7358_flipTB.JPG,Tomato___Early_blight,Tomato___Late_blight,0.289563924074173
C:\Users\siddh\Downloads\plant dataset\New Plant Diseases Dataset(Augmented)\New Plant Diseases Dataset(Augmented)\valid\Grape___healthy\f429e685-fc81-40a9-827f-30a259a9387d___Mt.N.V_HL 6183.JPG,Grape___healthy,"Pepper,_bell___healthy",0.28953424096107483
C:\Users\siddh\Downloads\plant dataset\New Plant Diseases Dataset(Augmented)\New Plant Diseases Dataset(Augmented)\valid\Tomato___Early_blight\99cfe9bb-77a1-4bd6-9c48-58fffac2a133___RS_Erly.B 7387_180deg.JPG,Tomato___Early_blight,Tomato___Target_Spot,0.2892175018787384
C:\Users\siddh\Downloads\plant dataset\New Plant Diseases Dataset(Augmented)\New Plant Diseases Dataset(Augmented)\valid\Tomato___Leaf_Mold\a18ef1c1-96c1-42ee-8ad7-c78283c8fc4f___Crnl_L.Mold 7023.JPG,Tomato___Leaf_Mold,Tomato___Bacterial_spot,0.2891981601715088
C:\Users\siddh\Downloads\plant dataset\New Plant Diseases Dataset(Augmented)\New Plant Diseases Dataset(Augmented)\valid\Tomato___Late_blight\aa5594a4-0679-4f85-bc2e-ff65342aaca1___GHLB2 Leaf 71.JPG,Tomato___Late_blight,Cherry_(including_sour)___Powdery_mildew,0.28867286443710327
C:\Users\siddh\Downloads\plant dataset\New Plant Diseases Dataset(Augmented)\New Plant Diseases Dataset(Augmented)\valid\Cherry_(including_sour)___healthy\a4854d98-c643-4c4b-82b1-a9fcd3d205bd___JR_HL 9844_flipTB.JPG,Cherry_(including_sour)___healthy,"Pepper,_bell___healthy",0.2884553074836731
C:\Users\siddh\Downloads\plant dataset\New Plant Diseases Dataset(Augmented)\New Plant Diseases Dataset(Augmented)\valid\Tomato___Bacterial_spot\d00c45d9-7b1d-478e-93bb-5d5e13ecf14a___GCREC_Bact.Sp 5812.JPG,Tomato___Bacterial_spot,Grape___Black_rot,0.2883182764053345
C:\Users\siddh\Downloads\plant dataset\New Plant Diseases Dataset(Augmented)\New Plant Diseases Dataset(Augmented)\valid\Tomato___Target_Spot\4acbd8cc-eab9-466d-9d1c-065213652abc___Com.G_TgS_FL 9855_newPixel25.JPG,Tomato___Target_Spot,Tomato___Late_blight,0.28794828057289124
C:\Users\siddh\Downloads\plant dataset\New Plant Diseases Dataset(Augmented)\New Plant Diseases Dataset(Augmented)\valid\Tomato___Spider_mites Two-spotted_spider_mite\d4e977cb-3fb3-4c10-bdf7-5fd5dd76fcfa___Com.G_SpM_FL 9592.JPG,Tomato___Spider_mites Two-spotted_spider_mite,Tomato___healthy,0.28787076473236084
C:\Users\siddh\Downloads\plant dataset\New Plant Diseases Dataset(Augmented)\New Plant Diseases Dataset(Augmented)\valid\Strawberry___Leaf_scorch\62114343-a924-445c-9a9a-9103fc797414___RS_L.Scorch 0116.JPG,Strawberry___Leaf_scorch,Grape___Leaf_blight_(Isariopsis_Leaf_Spot),0.2877384126186371
C:\Users\siddh\Downloads\plant dataset\New Plant Diseases Dataset(Augmented)\New Plant Diseases Dataset(Augmented)\valid\Raspberry___healthy\6f65ae2d-7b09-4774-adfc-2742a4fbdbe4___Mary_HL 9240_180deg.JPG,Raspberry___healthy,Strawberry___healthy,0.2875042259693146
C:\Users\siddh\Downloads\plant dataset\New Plant Diseases Dataset(Augmented)\New Plant Diseases Dataset(Augmented)\valid\Tomato___Early_blight\1829d517-53ae-48a9-b721-5043dd10d0d2___RS_Erly.B 9518.JPG,Tomato___Early_blight,Tomato___Bacterial_spot,0.28745949268341064
C:\Users\siddh\Downloads\plant dataset\New Plant Diseases Dataset(Augmented)\New Plant Diseases Dataset(Augmented)\valid\Strawberry___healthy\d94430d8-1f02-41c5-97b0-2fefd03ae088___RS_HL 4871.JPG,Strawberry___healthy,Tomato___healthy,0.28722816705703735
C:\Users\siddh\Downloads\plant dataset\New Plant Diseases Dataset(Augmented)\New Plant Diseases Dataset(Augmented)\valid\Tomato___Target_Spot\0cff721c-1c6c-439e-a71e-7bbfca6d4fb4___Com.G_TgS_FL 0655_flipTB.JPG,Tomato___Target_Spot,"Pepper,_bell___Bacterial_spot",0.287167489528656
C:\Users\siddh\Downloads\plant dataset\New Plant Diseases Dataset(Augmented)\New Plant Diseases Dataset(Augmented)\valid\Tomato___Leaf_Mold\d6a9f74c-1b76-4b09-860c-2a68fb605c4f___Crnl_L.Mold 6894_flipTB.JPG,Tomato___Leaf_Mold,Tomato___Spider_mites Two-spotted_spider_mite,0.28711551427841187
C:\Users\siddh\Downloads\plant dataset\New Plant Diseases Dataset(Augmented)\New Plant Diseases Dataset(Augmented)\valid\Tomato___Early_blight\342d78c9-af97-4325-ad0f-0f12e0a206c2___RS_Erly.B 7406_180deg.JPG,Tomato___Early_blight,Peach___Bacterial_spot,0.28670579195022583
C:\Users\siddh\Downloads\plant dataset\New Plant Diseases Dataset(Augmented)\New Plant Diseases Dataset(Augmented)\valid\Tomato___Tomato_Yellow_Leaf_Curl_Virus\dd099492-ff77-4149-81e7-03befb2db94b___UF.GRC_YLCV_Lab 08506.JPG,Tomato___Tomato_Yellow_Leaf_Curl_Virus,Tomato___Bacterial_spot,0.2864343225955963
C:\Users\siddh\Downloads\plant dataset\New Plant Diseases Dataset(Augmented)\New Plant Diseases Dataset(Augmented)\valid\Tomato___Target_Spot\6bf6cc0c-2077-4129-bcc6-9d1ef0902fd9___Com.G_TgS_FL 8081_new30degFlipLR.JPG,Tomato___Target_Spot,Potato___healthy,0.286324679851532
C:\Users\siddh\Downloads\plant dataset\New Plant Diseases Dataset(Augmented)\New Plant Diseases Dataset(Augmented)\valid\Tomato___Septoria_leaf_spot\3ff747b1-7cec-42e2-a938-9af10afeab8c___Matt.S_CG 1285_180deg.JPG,Tomato___Septoria_leaf_spot,Tomato___Late_blight,0.2862648665904999
C:\Users\siddh\Downloads\plant dataset\New Plant Diseases Dataset(Augmented)\New Plant Diseases Dataset(Augmented)\valid\Tomato___Early_blight\8405be22-ecbb-4cec-a87d-e0d454b9926d___RS_Erly.B 7847.JPG,Tomato___Early_blight,Tomato___Late_blight,0.28589650988578796
C:\Users\siddh\Downloads\plant dataset\New Plant Diseases Dataset(Augmented)\New Plant Diseases Dataset(Augmented)\valid\Tomato___Septoria_leaf_spot\1a88e419-7d5c-45c7-a10f-4e1f80280cd2___Matt.S_CG 1584_flipTB.JPG,Tomato___Septoria_leaf_spot,Tomato___Target_Spot,0.28558728098869324
C:\Users\siddh\Downloads\plant dataset\New Plant Diseases Dataset(Augmented)\New Plant Diseases Dataset(Augmented)\valid\Grape___Esca_(Black_Measles)\2850cff3-e262-49b1-af09-051e76e19fa8___FAM_B.Msls 1336.JPG,Grape___Esca_(Black_Measles),Tomato___Bacterial_spot,0.2844250500202179
C:\Users\siddh\Downloads\plant dataset\New Plant Diseases Dataset(Augmented)\New Plant Diseases Dataset(Augmented)\valid\Tomato___Target_Spot\5f8a5bf7-8366-4f88-b5e1-bb832608e317___Com.G_TgS_FL 0696_flipTB.JPG,Tomato___Target_Spot,Tomato___healthy,0.28433799743652344
C:\Users\siddh\Downloads\plant dataset\New Plant Diseases Dataset(Augmented)\New Plant Diseases Dataset(Augmented)\valid\Tomato___Early_blight\59dbd132-6e6c-4127-a218-b7602cbee670___RS_Erly.B 9449.JPG,Tomato___Early_blight,Potato___Late_blight,0.28422513604164124
C:\Users\siddh\Downloads\plant dataset\New Plant Diseases Dataset(Augmented)\New Plant Diseases Dataset(Augmented)\valid\Potato___healthy\8b2ce6b6-f00a-4f25-ac6d-4249dd7dc5f6___RS_HL 1890_newPixel25.JPG,Potato___healthy,Tomato___healthy,0.28385889530181885
C:\Users\siddh\Downloads\plant dataset\New Plant Diseases Dataset(Augmented)\New Plant Diseases Dataset(Augmented)\valid\Tomato___Early_blight\f88be630-f853-48f8-b546-a2f7966368a2___RS_Erly.B 7418_flipTB.JPG,Tomato___Early_blight,Tomato___Tomato_Yellow_Leaf_Curl_Virus,0.28371724486351013
C:\Users\siddh\Downloads\plant dataset\New Plant Diseases Dataset(Augmented)\New Plant Diseases Dataset(Augmented)\valid\Squash___Powdery_mildew\66c3681e-a658-4aaf-a77e-02477daf4840___MD_Powd.M 0137 copy 2.jpg,Squash___Powdery_mildew,Corn_(maize)___Cercospora_leaf_spot Gray_leaf_spot,0.28305351734161377
C:\Users\siddh\Downloads\plant dataset\New Plant Diseases Dataset(Augmented)\New Plant Diseases Dataset(Augmented)\valid\Tomato___Early_blight\072ae43a-416b-434a-a5a2-1b48bc47fada___RS_Erly.B 7472_flipTB.JPG,Tomato___Early_blight,Tomato___Target_Spot,0.2826376259326935
C:\Users\siddh\Downloads\plant dataset\New Plant Diseases Dataset(Augmented)\New Plant Diseases Dataset(Augmented)\valid\Tomato___healthy\5216e02b-891f-4b00-9768-73f13e6d8ebf___GH_HL Leaf 433.1.JPG,Tomato___healthy,"Pepper,_bell___healthy",0.28226685523986816
C:\Users\siddh\Downloads\plant dataset\New Plant Diseases Dataset(Augmented)\New Plant Diseases Dataset(Augmented)\valid\Tomato___Septoria_leaf_spot\cc2c7bfd-1c41-470d-91e6-e899126483e7___Matt.S_CG 7387.JPG,Tomato___Septoria_leaf_spot,Tomato___Spider_mites Two-spotted_spider_mite,0.28178876638412476
C:\Users\siddh\Downloads\plant dataset\New Plant Diseases Dataset(Augmented)\New Plant Diseases Dataset(Augmented)\valid\Potato___healthy\c07db642-c675-4066-99b6-56bc8207fb37___RS_HL 4164_new90degFlipLR.JPG,Potato___healthy,Soybean___healthy,0.28170347213745117
C:\Users\siddh\Downloads\plant dataset\New Plant Diseases Dataset(Augmented)\New Plant Diseases Dataset(Augmented)\valid\Tomato___Spider_mites Two-spotted_spider_mite\70787448-85e1-4479-a11b-86c52893ff22___Com.G_SpM_FL 9368.JPG,Tomato___Spider_mites Two-spotted_spider_mite,Tomato___healthy,0.2812950611114502
C:\Users\siddh\Downloads\plant dataset\New Plant Diseases Dataset(Augmented)\New Plant Diseases Dataset(Augmented)\valid\Tomato___Late_blight\a0616fa9-80fb-497d-8791-a9689aecb27f___GHLB2 Leaf 150.2.JPG,Tomato___Late_blight,Orange___Haunglongbing_(Citrus_greening),0.28112247586250305
C:\Users\siddh\Downloads\plant dataset\New Plant Diseases Dataset(Augmented)\New Plant Diseases Dataset(Augmented)\valid\Tomato___Target_Spot\be295ff6-6efd-417a-900d-ad44a2823ded___Com.G_TgS_FL 0025.JPG,Tomato___Target_Spot,Tomato___Bacterial_spot,0.2805651128292084
C:\Users\siddh\Downloads\plant dataset\New Plant Diseases Dataset(Augmented)\New Plant Diseases Dataset(Augmented)\valid\Apple___Apple_scab\5dbcba87-93fa-4c21-8abd-bc20c93b359f___FREC_Scab 3258.JPG,Apple___Apple_scab,Peach___Bacterial_spot,0.280057430267334
C:\Users\siddh\Downloads\plant dataset\New Plant Diseases Dataset(Augmented)\New Plant Diseases Dataset(Augmented)\valid\Tomato___Spider_mites Two-spotted_spider_mite\2bc44ebe-0c50-4e13-b174-c7af34098ed9___Com.G_SpM_FL 9399.JPG,Tomato___Spider_mites Two-spotted_spider_mite,Apple___healthy,0.27992913126945496
C:\Users\siddh\Downloads\plant dataset\New Plant Diseases Dataset(Augmented)\New Plant Diseases Dataset(Augmented)\valid\Orange___Haunglongbing_(Citrus_greening)\e9034823-2da8-4429-aeb6-64af879f16f3___CREC_HLB 7164.JPG,Orange___Haunglongbing_(Citrus_greening),"Pepper,_bell___Bacterial_spot",0.2797567844390869
C:\Users\siddh\Downloads\plant dataset\New Plant Diseases Dataset(Augmented)\New Plant Diseases Dataset(Augmented)\valid\Tomato___Tomato_mosaic_virus\a142b58c-1713-4e17-a68c-96eaf4b5ae23___PSU_CG 2219_180deg.JPG,Tomato___Tomato_mosaic_virus,Tomato___Spider_mites Two-spotted_spider_mite,0.27942192554473877
C:\Users\siddh\Downloads\plant dataset\New Plant Diseases Dataset(Augmented)\New Plant Diseases Dataset(Augmented)\valid\Tomato___Septoria_leaf_spot\caa74798-7dab-43f3-8ed0-f53d79cb31db___JR_Sept.L.S 8397.JPG,Tomato___Septoria_leaf_spot,Tomato___Spider_mites Two-spotted_spider_mite,0.2791634798049927
C:\Users\siddh\Downloads\plant dataset\New Plant Diseases Dataset(Augmented)\New Plant Diseases Dataset(Augmented)\valid\Tomato___Leaf_Mold\a7ea5602-9cd1-444e-bce8-ed314ddda894___Crnl_L.Mold 9101_180deg.JPG,Tomato___Leaf_Mold,Tomato___Late_blight,0.27906954288482666
C:\Users\siddh\Downloads\plant dataset\New Plant Diseases Dataset(Augmented)\New Plant Diseases Dataset(Augmented)\valid\Potato___healthy\b4031970-60ea-4739-9fed-6c81be1bad1c___RS_HL 1752_newPixel25.JPG,Potato___healthy,Cherry_(including_sour)___Powdery_mildew,0.27880480885505676
C:\Users\siddh\Downloads\plant dataset\New Plant Diseases Dataset(Augmented)\New Plant Diseases Dataset(Augmented)\valid\Tomato___Target_Spot\83daec94-24b8-46d3-8619-eb0b3ae8877b___Com.G_TgS_FL 8071.JPG,Tomato___Target_Spot,Tomato___Septoria_leaf_spot,0.2787511348724365
C:\Users\siddh\Downloads\plant dataset\New Plant Diseases Dataset(Augmented)\New Plant Diseases Dataset(Augmented)\valid\Tomato___Target_Spot\1ea4741f-c01c-486e-a4b4-c77bce536f95___Com.G_TgS_FL 9821_newPixel25.JPG,Tomato___Target_Spot,Tomato___Tomato_mosaic_virus,0.2785457670688629
C:\Users\siddh\Downloads\plant dataset\New Plant Diseases Dataset(Augmented)\New Plant Diseases Dataset(Augmented)\valid\Tomato___Target_Spot\87bd85f0-649b-4f89-8f86-35d15460520f___Com.G_TgS_FL 7933.JPG,Tomato___Target_Spot,"Pepper,_bell___Bacterial_spot",0.27848103642463684
C:\Users\siddh\Downloads\plant dataset\New Plant Diseases Dataset(Augmented)\New Plant Diseases Dataset(Augmented)\valid\Tomato___Target_Spot\1a8e252e-a75b-4d39-9dfb-e09434029183___Com.G_TgS_FL 0711_flipTB.JPG,Tomato___Target_Spot,Tomato___Spider_mites Two-spotted_spider_mite,0.2784693241119385
C:\Users\siddh\Downloads\plant dataset\New Plant Diseases Dataset(Augmented)\New Plant Diseases Dataset(Augmented)\valid\Tomato___Spider_mites Two-spotted_spider_mite\221cfaea-f871-4675-91fd-fab2cf534d69___Com.G_SpM_FL 9655.JPG,Tomato___Spider_mites Two-spotted_spider_mite,Tomato___healthy,0.2780850827693939
C:\Users\siddh\Downloads\plant dataset\New Plant Diseases Dataset(Augmented)\New Plant Diseases Dataset(Augmented)\valid\Tomato___Spider_mites Two-spotted_spider_mite\f20dd5c4-0df6-46bf-91a5-12ef264326f0___Com.G_SpM_FL 1367.JPG,Tomato___Spider_mites Two-spotted_spider_mite,Tomato___Tomato_mosaic_virus,0.27763646841049194
C:\Users\siddh\Downloads\plant dataset\New Plant Diseases Dataset(Augmented)\New Plant Diseases Dataset(Augmented)\valid\Tomato___healthy\1a0a5292-5e63-4afa-8611-38eef316f1e9___GH_HL Leaf 477_180deg.JPG,Tomato___healthy,Tomato___Late_blight,0.2775842547416687
C:\Users\siddh\Downloads\plant dataset\New Plant Diseases Dataset(Augmented)\New Plant Diseases Dataset(Augmented)\valid\Peach___Bacterial_spot\6d4d2426-79e6-42df-bdcf-3abb16e803d9___Rut._Bact.S 3475.JPG,Peach___Bacterial_spot,Apple___Apple_scab,0.27730119228363037
C:\Users\siddh\Downloads\plant dataset\New Plant Diseases Dataset(Augmented)\New Plant Diseases Dataset(Augmented)\valid\Tomato___healthy\3be50742-0fe9-404a-809e-9597793748a8___GH_HL Leaf 191_new30degFlipLR.JPG,Tomato___healthy,Apple___Apple_scab,0.2772469222545624
C:\Users\siddh\Downloads\plant dataset\New Plant Diseases Dataset(Augmented)\New Plant Diseases Dataset(Augmented)\valid\Tomato___Leaf_Mold\fb134b57-4763-4598-a0ee-ec7aa7e95d35___Crnl_L.Mold 6695.JPG,Tomato___Leaf_Mold,Tomato___Septoria_leaf_spot,0.2771720290184021
C:\Users\siddh\Downloads\plant dataset\New Plant Diseases Dataset(Augmented)\New Plant Diseases Dataset(Augmented)\valid\Tomato___Early_blight\a20bd77c-4ecf-473c-89aa-329b1719fbe1___RS_Erly.B 7639.JPG,Tomato___Early_blight,Tomato___Bacterial_spot,0.276793509721756
C:\Users\siddh\Downloads\plant dataset\New Plant Diseases Dataset(Augmented)\New Plant Diseases Dataset(Augmented)\valid\Apple___healthy\cc804c2c-87af-4c9f-b347-344701081271___RS_HL 7275.JPG,Apple___healthy,Apple___Apple_scab,0.27665504813194275
C:\Users\siddh\Downloads\plant dataset\New Plant Diseases Dataset(Augmented)\New Plant Diseases Dataset(Augmented)\valid\Tomato___Leaf_Mold\f12a4cdc-3c47-4f22-9f03-188015dedb07___Crnl_L.Mold 8913_flipTB.JPG,Tomato___Leaf_Mold,Tomato___Late_blight,0.2763206362724304
C:\Users\siddh\Downloads\plant dataset\New Plant Diseases Dataset(Augmented)\New Plant Diseases Dataset(Augmented)\valid\Tomato___Leaf_Mold\91c943e8-a79e-4a0d-b882-f372655f571b___Crnl_L.Mold 9132_flipTB.JPG,Tomato___Leaf_Mold,Tomato___Late_blight,0.27588966488838196
C:\Users\siddh\Downloads\plant dataset\New Plant Diseases Dataset(Augmented)\New Plant Diseases Dataset(Augmented)\valid\Tomato___Early_blight\9b0106a7-eb90-4bb2-beec-6c9eb2d90d4b___RS_Erly.B 7424.JPG,Tomato___Early_blight,Tomato___Septoria_leaf_spot,0.2757018208503723
C:\Users\siddh\Downloads\plant dataset\New Plant Diseases Dataset(Augmented)\New Plant Diseases Dataset(Augmented)\valid\Tomato___healthy\ca553e23-a738-485a-95e6-3b578477d3f4___RS_HL 9854.JPG,Tomato___healthy,Tomato___Spider_mites Two-spotted_spider_mite,0.27559587359428406
C:\Users\siddh\Downloads\plant dataset\New Plant Diseases Dataset(Augmented)\New Plant Diseases Dataset(Augmented)\valid\Tomato___Spider_mites Two-spotted_spider_mite\4a6a93a5-d51c-4769-8669-12ec54d87ce6___Com.G_SpM_FL 9441.JPG,Tomato___Spider_mites Two-spotted_spider_mite,Tomato___Target_Spot,0.274559885263443
C:\Users\siddh\Downloads\plant dataset\New Plant Diseases Dataset(Augmented)\New Plant Diseases Dataset(Augmented)\valid\Tomato___Early_blight\0401adc0-0998-4d8e-90de-4eae8caf4248___RS_Erly.B 8446_flipTB.JPG,Tomato___Early_blight,Potato___healthy,0.2739083766937256
C:\Users\siddh\Downloads\plant dataset\New Plant Diseases Dataset(Augmented)\New Plant Diseases Dataset(Augmented)\valid\Tomato___Target_Spot\931769ea-dbb8-4c11-a89c-fab55d9221c4___Com.G_TgS_FL 0813.JPG,Tomato___Target_Spot,Tomato___Spider_mites Two-spotted_spider_mite,0.27389490604400635
C:\Users\siddh\Downloads\plant dataset\New Plant Diseases Dataset(Augmented)\New Plant Diseases Dataset(Augmented)\valid\Tomato___Target_Spot\4f742898-78c7-4f18-b98b-937734263cbe___Com.G_TgS_FL 0884_180deg.JPG,Tomato___Target_Spot,Tomato___healthy,0.273537814617157
C:\Users\siddh\Downloads\plant dataset\New Plant Diseases Dataset(Augmented)\New Plant Diseases Dataset(Augmented)\valid\Grape___Leaf_blight_(Isariopsis_Leaf_Spot)\0b19e488-1361-49b9-a5bc-b47d5bd8207c___FAM_L.Blight 4587.JPG,Grape___Leaf_blight_(Isariopsis_Leaf_Spot),Tomato___Bacterial_spot,0.2732894718647003
C:\Users\siddh\Downloads\plant dataset\New Plant Diseases Dataset(Augmented)\New Plant Diseases Dataset(Augmented)\valid\Tomato___Tomato_mosaic_virus\62416312-84be-45de-98ad-4df14365e38e___PSU_CG 2058.JPG,Tomato___Tomato_mosaic_virus,Tomato___Spider_mites Two-spotted_spider_mite,0.2725416123867035
"C:\Users\siddh\Downloads\plant dataset\New Plant Diseases Dataset(Augmented)\New Plant Diseases Dataset(Augmented)\valid\Pepper,_bell___Bacterial_spot\fc5d975d-8b5c-4e29-8490-34164c69cd3e___NREC_B.Spot 1832_180deg.JPG","Pepper,_bell___Bacterial_spot",Tomato___Late_blight,0.27204540371894836
C:\Users\siddh\Downloads\plant dataset\New Plant Diseases Dataset(Augmented)\New Plant Diseases Dataset(Augmented)\valid\Peach___Bacterial_spot\bc0ab751-6e1b-4c0d-8fdd-e992565abd60___Rut._Bact.S 3480.JPG,Peach___Bacterial_spot,Apple___Apple_scab,0.27138054370880127
C:\Users\siddh\Downloads\plant dataset\New Plant Diseases Dataset(Augmented)\New Plant Diseases Dataset(Augmented)\valid\Tomato___Spider_mites Two-spotted_spider_mite\4a6a93a5-d51c-4769-8669-12ec54d87ce6___Com.G_SpM_FL 9441_180deg.JPG,Tomato___Spider_mites Two-spotted_spider_mite,Tomato___Target_Spot,0.2706984877586365
C:\Users\siddh\Downloads\plant dataset\New Plant Diseases Dataset(Augmented)\New Plant Diseases Dataset(Augmented)\valid\Cherry_(including_sour)___Powdery_mildew\0c22dfef-7413-4f46-b949-903d238678a3___FREC_Pwd.M 5094_flipLR.JPG,Cherry_(including_sour)___Powdery_mildew,Apple___Apple_scab,0.2704680860042572
C:\Users\siddh\Downloads\plant dataset\New Plant Diseases Dataset(Augmented)\New Plant Diseases Dataset(Augmented)\valid\Tomato___Early_blight\a9a349e8-bf20-4495-8db5-70ca9293608d___RS_Erly.B 7367_flipTB.JPG,Tomato___Early_blight,Tomato___Bacterial_spot,0.27029556035995483
C:\Users\siddh\Downloads\plant dataset\New Plant Diseases Dataset(Augmented)\New Plant Diseases Dataset(Augmented)\valid\Tomato___Tomato_Yellow_Leaf_Curl_Virus\2115630a-7a72-4865-a218-3a70142d360c___UF.GRC_YLCV_Lab 08471.JPG,Tomato___Tomato_Yellow_Leaf_Curl_Virus,Tomato___Late_blight,0.26954206824302673
C:\Users\siddh\Downloads\plant dataset\New Plant Diseases Dataset(Augmented)\New Plant Diseases Dataset(Augmented)\valid\Tomato___Target_Spot\5e792d39-4b82-4ac1-8b2e-4fa124cb2605___Com.G_TgS_FL 9986_newPixel25.JPG,Tomato___Target_Spot,Apple___Cedar_apple_rust,0.2692004144191742
C:\Users\siddh\Downloads\plant dataset\New Plant Diseases Dataset(Augmented)\New Plant Diseases Dataset(Augmented)\valid\Apple___Apple_scab\6a2c0f48-b0f7-4bd9-b7b8-7410c1ef4048___FREC_Scab 2999.JPG,Apple___Apple_scab,"Pepper,_bell___Bacterial_spot",0.26843300461769104
C:\Users\siddh\Downloads\plant dataset\New Plant Diseases Dataset(Augmented)\New Plant Diseases Dataset(Augmented)\valid\Apple___Apple_scab\23466313-6a2c-46e7-ad89-1f95dd2d3b40___FREC_Scab 3517_270deg.JPG,Apple___Apple_scab,"Pepper,_bell___Bacterial_spot",0.267899751663208
C:\Users\siddh\Downloads\plant dataset\New Plant Diseases Dataset(Augmented)\New Plant Diseases Dataset(Augmented)\valid\Tomato___Leaf_Mold\cc485f85-611c-4aa2-ac8c-39beb434a707___Crnl_L.Mold 6502_180deg.JPG,Tomato___Leaf_Mold,Tomato___Spider_mites Two-spotted_spider_mite,0.26772165298461914
C:\Users\siddh\Downloads\plant dataset\New Plant Diseases Dataset(Augmented)\New Plant Diseases Dataset(Augmented)\valid\Tomato___Tomato_Yellow_Leaf_Curl_Virus\d1ec860b-4a36-48eb-b69c-fc09375c9848___YLCV_GCREC 2232.JPG,Tomato___Tomato_Yellow_Leaf_Curl_Virus,Tomato___Tomato_mosaic_virus,0.2676743268966675
C:\Users\siddh\Downloads\plant dataset\New Plant Diseases Dataset(Augmented)\New Plant Diseases Dataset(Augmented)\valid\Tomato___Early_blight\762585ed-e09c-43c8-8297-8b6ef503ecb0___RS_Erly.B 7420_flipTB.JPG,Tomato___Early_blight,Tomato___Spider_mites Two-spotted_spider_mite,0.26740607619285583
C:\Users\siddh\Downloads\plant dataset\New Plant Diseases Dataset(Augmented)\New Plant Diseases Dataset(Augmented)\valid\Tomato___Early_blight\e2ce6add-93e2-4c1f-9ee3-2354d1542e8b___RS_Erly.B 7698_180deg.JPG,Tomato___Early_blight,Tomato___Late_blight,0.2672879993915558
"C:\Users\siddh\Downloads\plant dataset\New Plant Diseases Dataset(Augmented)\New Plant Diseases Dataset(Augmented)\valid\Pepper,_bell___healthy\2c8dc060-822b-4027-afb0-ed2284ff471b___JR_HL 8800_newPixel25.JPG","Pepper,_bell___healthy",Apple___Apple_scab,0.266875684261322
C:\Users\siddh\Downloads\plant dataset\New Plant Diseases Dataset(Augmented)\New Plant Diseases Dataset(Augmented)\valid\Peach___Bacterial_spot\2e4e95e5-7c93-41d1-85a3-2c15639abc0c___Rut._Bact.S 3384.JPG,Peach___Bacterial_spot,Apple___healthy,0.26687556505203247
C:\Users\siddh\Downloads\plant dataset\New Plant Diseases Dataset(Augmented)\New Plant Diseases Dataset(Augmented)\valid\Potato___healthy\14484ea5-9c34-427c-abe4-2743265aced0___RS_HL 4204_new90degFlipLR.JPG,Potato___healthy,Orange___Haunglongbing_(Citrus_greening),0.26685288548469543
C:\Users\siddh\Downloads\plant dataset\New Plant Diseases Dataset(Augmented)\New Plant Diseases Dataset(Augmented)\valid\Tomato___Septoria_leaf_spot\ac451373-bee8-4c45-b6f8-86c4031062e7___Matt.S_CG 7501.JPG,Tomato___Septoria_leaf_spot,Tomato___Target_Spot,0.26658058166503906
C:\Users\siddh\Downloads\plant dataset\New Plant Diseases Dataset(Augmented)\New Plant Diseases Dataset(Augmented)\valid\Tomato___Late_blight\4780f75c-a79a-47e6-89a0-7ecb5d18876e___RS_Late.B 5499.JPG,Tomato___Late_blight,Tomato___Early_blight,0.26610663533210754
C:\Users\siddh\Downloads\plant dataset\New Plant Diseases Dataset(Augmented)\New Plant Diseases Dataset(Augmented)\valid\Strawberry___healthy\35166a03-4a2c-494b-8ca9-b5224edde194___RS_HL 1991_new30degFlipLR.JPG,Strawberry___healthy,Apple___Apple_scab,0.2657575011253357
C:\Users\siddh\Downloads\plant dataset\New Plant Diseases Dataset(Augmented)\New Plant Diseases Dataset(Augmented)\valid\Tomato___Tomato_Yellow_Leaf_Curl_Virus\a0689cc8-7329-4c38-bc16-5432089d7728___YLCV_GCREC 1912.JPG,Tomato___Tomato_Yellow_Leaf_Curl_Virus,Tomato___Spider_mites Two-spotted_spider_mite,0.2655893862247467
C:\Users\siddh\Downloads\plant dataset\New Plant Diseases Dataset(Augmented)\New Plant Diseases Dataset(Augmented)\valid\Tomato___Early_blight\352ced01-4645-44e5-bc3e-1b7172deb883___RS_Erly.B 7758.JPG,Tomato___Early_blight,Tomato___Spider_mites Two-spotted_spider_mite,0.26553860306739807
C:\Users\siddh\Downloads\plant dataset\New Plant Diseases Dataset(Augmented)\New Plant Diseases Dataset(Augmented)\valid\Tomato___Spider_mites Two-spotted_spider_mite\3eb2dbc2-ea12-40b3-9d38-11d5bfa97af1___Com.G_SpM_FL 9316_180deg.JPG,Tomato___Spider_mites Two-spotted_spider_mite,Tomato___Tomato_mosaic_virus,0.26475587487220764
C:\Users\siddh\Downloads\plant dataset\New Plant Diseases Dataset(Augmented)\New Plant Diseases Dataset(Augmented)\valid\Strawberry___Leaf_scorch\0dda76f4-d38e-4547-a341-546e84d72346___RS_L.Scorch 9973.JPG,Strawberry___Leaf_scorch,Grape___Black_rot,0.26460379362106323
C:\Users\siddh\Downloads\plant dataset\New Plant Diseases Dataset(Augmented)\New Plant Diseases Dataset(Augmented)\valid\Tomato___Target_Spot\1a94e7be-a54f-42e2-ac9c-7242ea9d0fb0___Com.G_TgS_FL 9852_new30degFlipLR.JPG,Tomato___Target_Spot,Potato___healthy,0.2645530104637146
C:\Users\siddh\Downloads\plant dataset\New Plant Diseases Dataset(Augmented)\New Plant Diseases Dataset(Augmented)\valid\Tomato___Early_blight\fcbc5323-1679-416c-bb10-534e686f21bd___RS_Erly.B 7801_180deg.JPG,Tomato___Early_blight,Tomato___Spider_mites Two-spotted_spider_mite,0.2643278241157532
C:\Users\siddh\Downloads\plant dataset\New Plant Diseases Dataset(Augmented)\New Plant Diseases Dataset(Augmented)\valid\Grape___Leaf_blight_(Isariopsis_Leaf_Spot)\7a8b7684-7062-4911-b639-8b0ab5b3ca2e___FAM_L.Blight 1710.JPG,Grape___Leaf_blight_(Isariopsis_Leaf_Spot),Tomato___Septoria_leaf_spot,0.26421257853507996
C:\Users\siddh\Downloads\plant dataset\New Plant Diseases Dataset(Augmented)\New Plant Diseases Dataset(Augmented)\valid\Tomato___Spider_mites Two-spotted_spider_mite\4daec425-746f-4816-8bd2-dec04d3292ad___Com.G_SpM_FL 9438_flipTB.JPG,Tomato___Spider_mites Two-spotted_spider_mite,Tomato___Target_Spot,0.2629915177822113
C:\Users\siddh\Downloads\plant dataset\New Plant Diseases Dataset(Augmented)\New Plant Diseases Dataset(Augmented)\valid\Tomato___Early_blight\d452210c-ee07-4a6e-a0e0-15676dafacb1___RS_Erly.B 7419_flipTB.JPG,Tomato___Early_blight,Tomato___Bacterial_spot,0.2629106938838959
C:\Users\siddh\Downloads\plant dataset\New Plant Diseases Dataset(Augmented)\New Plant Diseases Dataset(Augmented)\valid\Tomato___Early_blight\c35fc6de-4796-4f7a-a350-7bff160cbbd5___RS_Erly.B 7740.JPG,Tomato___Early_blight,Apple___Apple_scab,0.26230669021606445
C:\Users\siddh\Downloads\plant dataset\New Plant Diseases Dataset(Augmented)\New Plant Diseases Dataset(Augmented)\valid\Tomato___Early_blight\f7ab79a6-43d3-4ece-9461-43742519a221___RS_Erly.B 8290_180deg.JPG,Tomato___Early_blight,Potato___Early_blight,0.2621977627277374
C:\Users\siddh\Downloads\plant dataset\New Plant Diseases Dataset(Augmented)\New Plant Diseases Dataset(Augmented)\valid\Tomato___Target_Spot\73c99b2a-7b14-4d03-9fe5-70ec1a5c6e10___Com.G_TgS_FL 9989.JPG,Tomato___Target_Spot,Tomato___Spider_mites Two-spotted_spider_mite,0.2614748775959015
C:\Users\siddh\Downloads\plant dataset\New Plant Diseases Dataset(Augmented)\New Plant Diseases Dataset(Augmented)\valid\Apple___Black_rot\e528fe87-6133-4d89-88b0-2a37aaa07f16___JR_FrgE.S 8729.JPG,Apple___Black_rot,Tomato___Septoria_leaf_spot,0.2613081634044647
C:\Users\siddh\Downloads\plant dataset\New Plant Diseases Dataset(Augmented)\New Plant Diseases Dataset(Augmented)\valid\Apple___Black_rot\64b3612f-e972-44c5-8ef0-c9ac194c34a9___JR_FrgE.S 8623.JPG,Apple___Black_rot,Cherry_(including_sour)___healthy,0.2613009512424469
C:\Users\siddh\Downloads\plant dataset\New Plant Diseases Dataset(Augmented)\New Plant Diseases Dataset(Augmented)\valid\Apple___Apple_scab\517d0958-b10e-4260-a736-7a4bbb9706c0___FREC_Scab 3497_90deg.JPG,Apple___Apple_scab,Cherry_(including_sour)___Powdery_mildew,0.261167049407959
C:\Users\siddh\Downloads\plant dataset\New Plant Diseases Dataset(Augmented)\New Plant Diseases Dataset(Augmented)\valid\Tomato___Early_blight\803ac166-670f-4cad-9f37-e36eea3118d9___RS_Erly.B 9457.JPG,Tomato___Early_blight,Tomato___Target_Spot,0.2608082890510559
C:\Users\siddh\Downloads\plant dataset\New Plant Diseases Dataset(Augmented)\New Plant Diseases Dataset(Augmented)\valid\Tomato___Septoria_leaf_spot\9fedd168-0c92-4620-8dd1-28c28ba94844___JR_Sept.L.S 2559.JPG,Tomato___Septoria_leaf_spot,Tomato___Late_blight,0.26036396622657776
C:\Users\siddh\Downloads\plant dataset\New Plant Diseases Dataset(Augmented)\New Plant Diseases Dataset(Augmented)\valid\Tomato___Tomato_Yellow_Leaf_Curl_Virus\c917f4ec-c9df-462d-a94a-19b555ebb476___YLCV_NREC 2862.JPG,Tomato___Tomato_Yellow_Leaf_Curl_Virus,Tomato___Leaf_Mold,0.260186105966568
C:\Users\siddh\Downloads\plant dataset\New Plant Diseases Dataset(Augmented)\New Plant Diseases Dataset(Augmented)\valid\Tomato___Tomato_Yellow_Leaf_Curl_Virus\e7793d98-ca6c-4030-8b4a-4bd506cde757___YLCV_NREC 2268.JPG,Tomato___Tomato_Yellow_Leaf_Curl_Virus,Tomato___Late_blight,0.2598359286785126
C:\Users\siddh\Downloads\plant dataset\New Plant Diseases Dataset(Augmented)\New Plant Diseases Dataset(Augmented)\valid\Potato___Late_blight\a0622f86-c94d-4b59-9483-68c57dee81fa___RS_LB 4794.JPG,Potato___Late_blight,Apple___Apple_scab,0.2593272626399994
C:\Users\siddh\Downloads\plant dataset\New Plant Diseases Dataset(Augmented)\New Plant Diseases Dataset(Augmented)\valid\Potato___Early_blight\89d4dba2-3d9c-46fe-bac3-6be833b01351___RS_Early.B 6749_flipTB.JPG,Potato___Early_blight,Tomato___healthy,0.2590651512145996
C:\Users\siddh\Downloads\plant dataset\New Plant Diseases Dataset(Augmented)\New Plant Diseases Dataset(Augmented)\valid\Tomato___Early_blight\004cbe60-8ff9-4965-92df-e86694d5e9ba___RS_Erly.B 8253.JPG,Tomato___Early_blight,"Pepper,_bell___Bacterial_spot",0.25861603021621704
C:\Users\siddh\Downloads\plant dataset\New Plant Diseases Dataset(Augmented)\New Plant Diseases Dataset(Augmented)\valid\Peach___Bacterial_spot\dcb4937e-813b-4c7b-b71b-2e487870504d___Rut._Bact.S 3369.JPG,Peach___Bacterial_spot,Apple___Apple_scab,0.2584145963191986
C:\Users\siddh\Downloads\plant dataset\New Plant Diseases Dataset(Augmented)\New Plant Diseases Dataset(Augmented)\valid\Tomato___Early_blight\18815a60-8297-46e0-922f-e6a0fea818ef___RS_Erly.B 7808_180deg.JPG,Tomato___Early_blight,Tomato___Late_blight,0.25834929943084717
C:\Users\siddh\Downloads\plant dataset\New Plant Diseases Dataset(Augmented)\New Plant Diseases Dataset(Augmented)\valid\Tomato___Early_blight\7b7780c0-f1b2-4095-924c-f3d7777b427e___RS_Erly.B 9613.JPG,Tomato___Early_blight,Tomato___Bacterial_spot,0.2582198679447174
C:\Users\siddh\Downloads\plant dataset\New Plant Diseases Dataset(Augmented)\New Plant Diseases Dataset(Augmented)\valid\Tomato___Early_blight\b857a91a-c6e2-4d47-a025-5a5c3254e0a2___RS_Erly.B 7662.JPG,Tomato___Early_blight,Tomato___Bacterial_spot,0.2569715976715088
C:\Users\siddh\Downloads\plant dataset\New Plant Diseases Dataset(Augmented)\New Plant Diseases Dataset(Augmented)\valid\Tomato___Early_blight\bac5677d-59b4-4183-839f-24860287ed6a___RS_Erly.B 9503_flipTB.JPG,Tomato___Early_blight,"Pepper,_bell___Bacterial_spot",0.25694888830184937
C:\Users\siddh\Downloads\plant dataset\New Plant Diseases Dataset(Augmented)\New Plant Diseases Dataset(Augmented)\valid\Apple___healthy\e25a6ff6-6872-4e79-ac62-14221935dd6b___RS_HL 5736_flipTB.JPG,Apple___healthy,Tomato___Spider_mites Two-spotted_spider_mite,0.2564660310745239
C:\Users\siddh\Downloads\plant dataset\New Plant Diseases Dataset(Augmented)\New Plant Diseases Dataset(Augmented)\valid\Tomato___Target_Spot\bdb180c9-a9f4-4528-8cf4-ea138e33436d___Com.G_TgS_FL 8030.JPG,Tomato___Target_Spot,Tomato___healthy,0.25584906339645386
C:\Users\siddh\Downloads\plant dataset\New Plant Diseases Dataset(Augmented)\New Plant Diseases Dataset(Augmented)\valid\Soybean___healthy\cc733fdf-ab5d-48dd-906b-100615a43e71___RS_HL 5615.JPG,Soybean___healthy,Apple___Apple_scab,0.2556467354297638
C:\Users\siddh\Downloads\plant dataset\New Plant Diseases Dataset(Augmented)\New Plant Diseases Dataset(Augmented)\valid\Tomato___Septoria_leaf_spot\97e6d900-b2e6-49b8-8e76-07404a986370___Matt.S_CG 6715.JPG,Tomato___Septoria_leaf_spot,Tomato___Target_Spot,0.25359562039375305
C:\Users\siddh\Downloads\plant dataset\New Plant Diseases Dataset(Augmented)\New Plant Diseases Dataset(Augmented)\valid\Tomato___Early_blight\3889a459-3e30-4345-83e1-57c68b32af30___RS_Erly.B 7638_flipTB.JPG,Tomato___Early_blight,Apple___healthy,0.25314629077911377
C:\Users\siddh\Downloads\plant dataset\New Plant Diseases Dataset(Augmented)\New Plant Diseases Dataset(Augmented)\valid\Apple___Apple_scab\e8fc927f-fac2-4386-be3c-0a8ad0ddd83d___FREC_Scab 3292.JPG,Apple___Apple_scab,Apple___healthy,0.25304099917411804
"C:\Users\siddh\Downloads\plant dataset\New Plant Diseases Dataset(Augmented)\New Plant Diseases Dataset(Augmented)\valid\Pepper,_bell___Bacterial_spot\f3cdfb4a-f1d9-4f95-a036-5a9fb585e570___JR_B.Spot 3110.JPG","Pepper,_bell___Bacterial_spot",Orange___Haunglongbing_(Citrus_greening),0.25276702642440796
C:\Users\siddh\Downloads\plant dataset\New Plant Diseases Dataset(Augmented)\New Plant Diseases Dataset(Augmented)\valid\Tomato___Leaf_Mold\bf1b824c-7a99-45a5-9b60-5da58b3fe47c___Crnl_L.Mold 8759_180deg.JPG,Tomato___Leaf_Mold,"Pepper,_bell___Bacterial_spot",0.25146692991256714
C:\Users\siddh\Downloads\plant dataset\New Plant Diseases Dataset(Augmented)\New Plant Diseases Dataset(Augmented)\valid\Tomato___Septoria_leaf_spot\bdaa50fa-956a-4452-8c8c-c846fbcc7b19___Matt.S_CG 1406.JPG,Tomato___Septoria_leaf_spot,Soybean___healthy,0.2507553696632385
C:\Users\siddh\Downloads\plant dataset\New Plant Diseases Dataset(Augmented)\New Plant Diseases Dataset(Augmented)\valid\Tomato___Target_Spot\3cdd739d-e0b1-4237-b6bd-bcbf6a99b770___Com.G_TgS_FL 8014_flipTB.JPG,Tomato___Target_Spot,Apple___Black_rot,0.24984535574913025
C:\Users\siddh\Downloads\plant dataset\New Plant Diseases Dataset(Augmented)\New Plant Diseases Dataset(Augmented)\valid\Apple___Apple_scab\dc12e2fd-e41b-43b5-9874-09661913316e___FREC_Scab 3073_90deg.JPG,Apple___Apple_scab,Apple___healthy,0.2493097186088562
C:\Users\siddh\Downloads\plant dataset\New Plant Diseases Dataset(Augmented)\New Plant Diseases Dataset(Augmented)\valid\Tomato___Target_Spot\0f32cb0d-8a87-4d7b-beb1-945c4e1cd374___Com.G_TgS_FL 0642.JPG,Tomato___Target_Spot,Tomato___Septoria_leaf_spot,0.24895675480365753
C:\Users\siddh\Downloads\plant dataset\New Plant Diseases Dataset(Augmented)\New Plant Diseases Dataset(Augmented)\valid\Tomato___Leaf_Mold\cc485f85-611c-4aa2-ac8c-39beb434a707___Crnl_L.Mold 6502_flipTB.JPG,Tomato___Leaf_Mold,Tomato___Spider_mites Two-spotted_spider_mite,0.2485479861497879
C:\Users\siddh\Downloads\plant dataset\New Plant Diseases Dataset(Augmented)\New Plant Diseases Dataset(Augmented)\valid\Tomato___Target_Spot\03ffc2bf-ec6a-43d4-b349-9fd4138467bc___Com.G_TgS_FL 0738_flipTB.JPG,Tomato___Target_Spot,Tomato___healthy,0.24844323098659515
C:\Users\siddh\Downloads\plant dataset\New Plant Diseases Dataset(Augmented)\New Plant Diseases Dataset(Augmented)\valid\Tomato___Spider_mites Two-spotted_spider_mite\7fa60228-7a59-48fc-aee4-035fb71c403c___Com.G_SpM_FL 9458.JPG,Tomato___Spider_mites Two-spotted_spider_mite,Tomato___healthy,0.2484041452407837
C:\Users\siddh\Downloads\plant dataset\New Plant Diseases Dataset(Augmented)\New Plant Diseases Dataset(Augmented)\valid\Tomato___Target_Spot\0ff11bec-6751-47dc-86a0-cf28682f13d3___Com.G_TgS_FL 7907_flipTB.JPG,Tomato___Target_Spot,Tomato___Late_blight,0.248231440782547
C:\Users\siddh\Downloads\plant dataset\New Plant Diseases Dataset(Augmented)\New Plant Diseases Dataset(Augmented)\valid\Raspberry___healthy\04908211-66c9-42f8-a9b1-9d29a686f131___Mary_HL 9175_270deg.JPG,Raspberry___healthy,Tomato___Spider_mites Two-spotted_spider_mite,0.24809904396533966
C:\Users\siddh\Downloads\plant dataset\New Plant Diseases Dataset(Augmented)\New Plant Diseases Dataset(Augmented)\valid\Tomato___Leaf_Mold\4babadaf-7d3f-4cc8-8179-05d86893dd97___Crnl_L.Mold 9096.JPG,Tomato___Leaf_Mold,Tomato___Late_blight,0.24802276492118835
C:\Users\siddh\Downloads\plant dataset\New Plant Diseases Dataset(Augmented)\New Plant Diseases Dataset(Augmented)\valid\Tomato___Target_Spot\99f79576-bc7e-4f4d-a356-1c185855d29b___Com.G_TgS_FL 9794.JPG,Tomato___Target_Spot,Soybean___healthy,0.24777773022651672
"C:\Users\siddh\Downloads\plant dataset\New Plant Diseases Dataset(Augmented)\New Plant Diseases Dataset(Augmented)\valid\Pepper,_bell___healthy\0cc984a1-ea7d-4f97-9967-5ca1be71c932___JR_HL 8803_180deg.JPG","Pepper,_bell___healthy",Apple___Black_rot,0.24777233600616455
C:\Users\siddh\Downloads\plant dataset\New Plant Diseases Dataset(Augmented)\New Plant Diseases Dataset(Augmented)\valid\Strawberry___Leaf_scorch\7c2952f9-1801-4c11-9269-720b99d54d5a___RS_L.Scorch 0842_flipLR.JPG,Strawberry___Leaf_scorch,Tomato___Late_blight,0.24748578667640686
C:\Users\siddh\Downloads\plant dataset\New Plant Diseases Dataset(Augmented)\New Plant Diseases Dataset(Augmented)\valid\Tomato___Early_blight\a4bf3663-8d32-49e7-8394-cd0d29531704___RS_Erly.B 9465_flipTB.JPG,Tomato___Early_blight,"Pepper,_bell___Bacterial_spot",0.24726985394954681
C:\Users\siddh\Downloads\plant dataset\New Plant Diseases Dataset(Augmented)\New Plant Diseases Dataset(Augmented)\valid\Corn_(maize)___healthy\4c5a712f-aed9-462c-af79-4a5e215c3bf2___R.S_HL 8175 copy 2_flipLR.jpg,Corn_(maize)___healthy,Corn_(maize)___Northern_Leaf_Blight,0.24493984878063202
C:\Users\siddh\Downloads\plant dataset\New Plant Diseases Dataset(Augmented)\New Plant Diseases Dataset(Augmented)\valid\Tomato___Tomato_Yellow_Leaf_Curl_Virus\254071ba-5724-485b-855e-8dcc496f3586___YLCV_NREC 2637.JPG,Tomato___Tomato_Yellow_Leaf_Curl_Virus,Tomato___Tomato_mosaic_virus,0.24476586282253265
C:\Users\siddh\Downloads\plant dataset\New Plant Diseases Dataset(Augmented)\New Plant Diseases Dataset(Augmented)\valid\Potato___Late_blight\b294595b-8950-4e5b-8dfc-2ad9ca2c5e0a___RS_LB 4475_180deg.JPG,Potato___Late_blight,Corn_(maize)___Cercospora_leaf_spot Gray_leaf_spot,0.24440912902355194
C:\Users\siddh\Downloads\plant dataset\New Plant Diseases Dataset(Augmented)\New Plant Diseases Dataset(Augmented)\valid\Cherry_(including_sour)___healthy\26f3d1b1-10a5-4e25-875c-e64b391e11bc___JR_HL 4068_180deg.JPG,Cherry_(including_sour)___healthy,Apple___healthy,0.2441631555557251
C:\Users\siddh\Downloads\plant dataset\New Plant Diseases Dataset(Augmented)\New Plant Diseases Dataset(Augmented)\valid\Tomato___Late_blight\3e7acc8a-73b1-4c21-bc67-bb6e65c4d373___GHLB Leaf 8.1 Day 12_flipLR.JPG,Tomato___Late_blight,Tomato___Leaf_Mold,0.24319012463092804
C:\Users\siddh\Downloads\plant dataset\New Plant Diseases Dataset(Augmented)\New Plant Diseases Dataset(Augmented)\valid\Soybean___healthy\ba02d3a0-9b5b-47e6-82c5-939bfe1b1b47___RS_HL 5612.JPG,Soybean___healthy,Blueberry___healthy,0.24288079142570496
C:\Users\siddh\Downloads\plant dataset\New Plant Diseases Dataset(Augmented)\New Plant Diseases Dataset(Augmented)\valid\Cherry_(including_sour)___Powdery_mildew\ae1f1589-016e-4619-99ac-00f214199bfc___FREC_Pwd.M 5150.JPG,Cherry_(including_sour)___Powdery_mildew,Tomato___Late_blight,0.2428579181432724
C:\Users\siddh\Downloads\plant dataset\New Plant Diseases Dataset(Augmented)\New Plant Diseases Dataset(Augmented)\valid\Tomato___Early_blight\2ef629c7-3366-41b5-a1b7-0e3bcb3ac28c___RS_Erly.B 9395.JPG,Tomato___Early_blight,Tomato___Late_blight,0.2428053766489029
C:\Users\siddh\Downloads\plant dataset\New Plant Diseases Dataset(Augmented)\New Plant Diseases Dataset(Augmented)\valid\Strawberry___healthy\75d24cc5-b37f-42de-947f-dc7ee673674e___RS_HL 4571_180deg.JPG,Strawberry___healthy,Tomato___healthy,0.24202986061573029
C:\Users\siddh\Downloads\plant dataset\New Plant Diseases Dataset(Augmented)\New Plant Diseases Dataset(Augmented)\valid\Tomato___healthy\2a859068-5042-4f74-82ac-29339c760cbb___GH_HL Leaf 436_new30degFlipLR.JPG,Tomato___healthy,Apple___Apple_scab,0.2412443906068802
C:\Users\siddh\Downloads\plant dataset\New Plant Diseases Dataset(Augmented)\New Plant Diseases Dataset(Augmented)\valid\Tomato___Leaf_Mold\722e11c3-9b08-4192-9ad0-142e9240914c___Crnl_L.Mold 8920_flipTB.JPG,Tomato___Leaf_Mold,Tomato___Late_blight,0.24078240990638733
C:\Users\siddh\Downloads\plant dataset\New Plant Diseases Dataset(Augmented)\New Plant Diseases Dataset(Augmented)\valid\Potato___healthy\14484ea5-9c34-427c-abe4-2743265aced0___RS_HL 4204_180deg.JPG,Potato___healthy,Blueberry___healthy,0.24032099545001984
C:\Users\siddh\Downloads\plant dataset\New Plant Diseases Dataset(Augmented)\New Plant Diseases Dataset(Augmented)\valid\Tomato___Target_Spot\a69cdb49-df5d-4053-b9b5-fb52e934ad99___Com.G_TgS_FL 9695.JPG,Tomato___Target_Spot,"Pepper,_bell___Bacterial_spot",0.24016115069389343
C:\Users\siddh\Downloads\plant dataset\New Plant Diseases Dataset(Augmented)\New Plant Diseases Dataset(Augmented)\valid\Potato___Early_blight\da412bf6-6bee-4dfb-8bc7-b6e9f80971ff___RS_Early.B 6808.JPG,Potato___Early_blight,Tomato___Target_Spot,0.23948632180690765
C:\Users\siddh\Downloads\plant dataset\New Plant Diseases Dataset(Augmented)\New Plant Diseases Dataset(Augmented)\valid\Tomato___Target_Spot\0f9aa748-57f0-4b14-98c0-b9c1966badc9___Com.G_TgS_FL 9854_flipTB.JPG,Tomato___Target_Spot,Tomato___Spider_mites Two-spotted_spider_mite,0.23942671716213226
C:\Users\siddh\Downloads\plant dataset\New Plant Diseases Dataset(Augmented)\New Plant Diseases Dataset(Augmented)\valid\Tomato___Target_Spot\4ec88bab-c631-438f-84dd-1645e7312905___Com.G_TgS_FL 0683_new30degFlipLR.JPG,Tomato___Target_Spot,Apple___Apple_scab,0.238064706325531
C:\Users\siddh\Downloads\plant dataset\New Plant Diseases Dataset(Augmented)\New Plant Diseases Dataset(Augmented)\valid\Tomato___Early_blight\906f1ca6-2923-40c2-a924-5486fc3d7ba0___RS_Erly.B 9444_180deg.JPG,Tomato___Early_blight,Peach___Bacterial_spot,0.23697243630886078
C:\Users\siddh\Downloads\plant dataset\New Plant Diseases Dataset(Augmented)\New Plant Diseases Dataset(Augmented)\valid\Tomato___Target_Spot\1bd1e7a3-614e-4ae4-8707-effd2b0e42fb___Com.G_TgS_FL 0688.JPG,Tomato___Target_Spot,Tomato___Late_blight,0.2368110716342926
C:\Users\siddh\Downloads\plant dataset\New Plant Diseases Dataset(Augmented)\New Plant Diseases Dataset(Augmented)\valid\Apple___Apple_scab\fd5a96b7-6623-41cc-b34c-3b940ea27286___FREC_Scab 3013.JPG,Apple___Apple_scab,Peach___healthy,0.23679228127002716
C:\Users\siddh\Downloads\plant dataset\New Plant Diseases Dataset(Augmented)\New Plant Diseases Dataset(Augmented)\valid\Tomato___Leaf_Mold\32902cc7-5db6-4148-8b4e-0d04199edd98___Crnl_L.Mold 6766_flipTB.JPG,Tomato___Leaf_Mold,Tomato___Target_Spot,0.2367619425058365
C:\Users\siddh\Downloads\plant dataset\New Plant Diseases Dataset(Augmented)\New Plant Diseases Dataset(Augmented)\valid\Tomato___Late_blight\5f774121-b3b2-46fd-a67c-f4d8caf93e5a___GHLB2ES Leaf 66.1_flipLR.JPG,Tomato___Late_blight,Apple___Cedar_apple_rust,0.23648382723331451
C:\Users\siddh\Downloads\plant dataset\New Plant Diseases Dataset(Augmented)\New Plant Diseases Dataset(Augmented)\valid\Grape___healthy\6ff46c3b-bcbe-4a9b-8286-425cb92cb2ee___Mt.N.V_HL 8947_90deg.JPG,Grape___healthy,Strawberry___healthy,0.23626846075057983
C:\Users\siddh\Downloads\plant dataset\New Plant Diseases Dataset(Augmented)\New Plant Diseases Dataset(Augmented)\valid\Tomato___Tomato_Yellow_Leaf_Curl_Virus\35515968-5714-4c60-ac4d-c3e74500012a___UF.GRC_YLCV_Lab 08532.JPG,Tomato___Tomato_Yellow_Leaf_Curl_Virus,Tomato___Bacterial_spot,0.23564834892749786
C:\Users\siddh\Downloads\plant dataset\New Plant Diseases Dataset(Augmented)\New Plant Diseases Dataset(Augmented)\valid\Apple___Apple_scab\44b52928-c5dd-48f4-b2c8-b128032c49dd___FREC_Scab 3518_270deg.JPG,Apple___Apple_scab,"Pepper,_bell___Bacterial_spot",0.2354750633239746
C:\Users\siddh\Downloads\plant dataset\New Plant Diseases Dataset(Augmented)\New Plant Diseases Dataset(Augmented)\valid\Peach___Bacterial_spot\e19f5bb9-bcab-4317-b789-84c5d60e6e75___Rut._Bact.S 1108.JPG,Peach___Bacterial_spot,Apple___Apple_scab,0.23506611585617065
C:\Users\siddh\Downloads\plant dataset\New Plant Diseases Dataset(Augmented)\New Plant Diseases Dataset(Augmented)\valid\Tomato___Target_Spot\0fe7d644-dc8b-49f7-9a41-33ec029f6437___Com.G_TgS_FL 8274_newPixel25.JPG,Tomato___Target_Spot,Tomato___Late_blight,0.23483172059059143
C:\Users\siddh\Downloads\plant dataset\New Plant Diseases Dataset(Augmented)\New Plant Diseases Dataset(Augmented)\valid\Tomato___Septoria_leaf_spot\aa233fb1-e0b7-45cc-a5f3-a163b703299e___JR_Sept.L.S 2718.JPG,Tomato___Septoria_leaf_spot,Tomato___Spider_mites Two-spotted_spider_mite,0.23451447486877441
C:\Users\siddh\Downloads\plant dataset\New Plant Diseases Dataset(Augmented)\New Plant Diseases Dataset(Augmented)\valid\Tomato___Leaf_Mold\f6c104df-09ed-467c-8e67-30d5bd5d7cd2___Crnl_L.Mold 6829_180deg.JPG,Tomato___Leaf_Mold,Tomato___Spider_mites Two-spotted_spider_mite,0.23440977931022644
C:\Users\siddh\Downloads\plant dataset\New Plant Diseases Dataset(Augmented)\New Plant Diseases Dataset(Augmented)\valid\Tomato___Target_Spot\1d7a5100-9953-46fc-b665-8bb9e48bfae5___Com.G_TgS_FL 0921_180deg.JPG,Tomato___Target_Spot,"Pepper,_bell___Bacterial_spot",0.23398660123348236
C:\Users\siddh\Downloads\plant dataset\New Plant Diseases Dataset(Augmented)\New Plant Diseases Dataset(Augmented)\valid\Tomato___Late_blight\f66ada20-cd47-4393-b7c6-87f1f39fd741___GHLB_PS Leaf 41.1 Day 18.jpg,Tomato___Late_blight,Apple___Apple_scab,0.23297961056232452
C:\Users\siddh\Downloads\plant dataset\New Plant Diseases Dataset(Augmented)\New Plant Diseases Dataset(Augmented)\valid\Soybean___healthy\326965ac-9077-4a45-b40e-4824bd8fec1f___RS_HL 5697.JPG,Soybean___healthy,Blueberry___healthy,0.23192273080348969
C:\Users\siddh\Downloads\plant dataset\New Plant Diseases Dataset(Augmented)\New Plant Diseases Dataset(Augmented)\valid\Tomato___Spider_mites Two-spotted_spider_mite\3f76904f-64db-46e5-98e0-6b08d528b459___Com.G_SpM_FL 9370_flipTB.JPG,Tomato___Spider_mites Two-spotted_spider_mite,Peach___healthy,0.2314717322587967
C:\Users\siddh\Downloads\plant dataset\New Plant Diseases Dataset(Augmented)\New Plant Diseases Dataset(Augmented)\valid\Tomato___Early_blight\072ae43a-416b-434a-a5a2-1b48bc47fada___RS_Erly.B 7472.JPG,Tomato___Early_blight,Tomato___Spider_mites Two-spotted_spider_mite,0.23102737963199615
C:\Users\siddh\Downloads\plant dataset\New Plant Diseases Dataset(Augmented)\New Plant Diseases Dataset(Augmented)\valid\Apple___Apple_scab\ac3ae45a-aaff-44c0-979d-6a2a8ba50ccf___FREC_Scab 3520_90deg.JPG,Apple___Apple_scab,Peach___Bacterial_spot,0.23045554757118225
C:\Users\siddh\Downloads\plant dataset\New Plant Diseases Dataset(Augmented)\New Plant Diseases Dataset(Augmented)\valid\Apple___healthy\2836a80f-2aa7-46b1-8d64-0cf10037eb67___RS_HL 7268.JPG,Apple___healthy,Peach___healthy,0.22996008396148682
C:\Users\siddh\Downloads\plant dataset\New Plant Diseases Dataset(Augmented)\New Plant Diseases Dataset(Augmented)\valid\Peach___Bacterial_spot\ffba86a4-413d-4bf2-a154-66cf592aee48___Rut._Bact.S 1386.JPG,Peach___Bacterial_spot,Apple___Apple_scab,0.22980950772762299
C:\Users\siddh\Downloads\plant dataset\New Plant Diseases Dataset(Augmented)\New Plant Diseases Dataset(Augmented)\valid\Tomato___Tomato_Yellow_Leaf_Curl_Virus\40120ef4-16d4-4178-a76c-2de54651c37c___YLCV_NREC 2722.JPG,Tomato___Tomato_Yellow_Leaf_Curl_Virus,Tomato___Leaf_Mold,0.22946341335773468
C:\Users\siddh\Downloads\plant dataset\New Plant Diseases Dataset(Augmented)\New Plant Diseases Dataset(Augmented)\valid\Tomato___Septoria_leaf_spot\6353ab0f-fb71-4a41-8404-2e8a62a1e7b9___Matt.S_CG 7418.JPG,Tomato___Septoria_leaf_spot,Tomato___Target_Spot,0.22841274738311768
C:\Users\siddh\Downloads\plant dataset\New Plant Diseases Dataset(Augmented)\New Plant Diseases Dataset(Augmented)\valid\Tomato___Target_Spot\f9769c47-1f95-49f2-aed6-7b50d15bc9c3___Com.G_TgS_FL 0026.JPG,Tomato___Target_Spot,Tomato___Spider_mites Two-spotted_spider_mite,0.22834472358226776
C:\Users\siddh\Downloads\plant dataset\New Plant Diseases Dataset(Augmented)\New Plant Diseases Dataset(Augmented)\valid\Tomato___Leaf_Mold\32902cc7-5db6-4148-8b4e-0d04199edd98___Crnl_L.Mold 6766_180deg.JPG,Tomato___Leaf_Mold,Tomato___Target_Spot,0.22806519269943237
C:\Users\siddh\Downloads\plant dataset\New Plant Diseases Dataset(Augmented)\New Plant Diseases Dataset(Augmented)\valid\Apple___healthy\45584571-03d6-40eb-909e-00c752a4d66e___RS_HL 5803.JPG,Apple___healthy,Cherry_(including_sour)___healthy,0.2275545448064804
C:\Users\siddh\Downloads\plant dataset\New Plant Diseases Dataset(Augmented)\New Plant Diseases Dataset(Augmented)\valid\Corn_(maize)___healthy\02ab8d66-0385-43db-855a-ea5f8811ebd5___R.S_HL 7954 copy.jpg,Corn_(maize)___healthy,Tomato___healthy,0.2269611805677414
C:\Users\siddh\Downloads\plant dataset\New Plant Diseases Dataset(Augmented)\New Plant Diseases Dataset(Augmented)\valid\Tomato___Target_Spot\6c7d86a8-2974-43da-b9d2-45838396c131___Com.G_TgS_FL 0998_180deg.JPG,Tomato___Target_Spot,"Pepper,_bell___healthy",0.2260650396347046
C:\Users\siddh\Downloads\plant dataset\New Plant Diseases Dataset(Augmented)\New Plant Diseases Dataset(Augmented)\valid\Tomato___Leaf_Mold\eab7f198-a04b-4e25-b329-41e7666d1fde___Crnl_L.Mold 6773_flipTB.JPG,Tomato___Leaf_Mold,Tomato___Septoria_leaf_spot,0.22545255720615387
C:\Users\siddh\Downloads\plant dataset\New Plant Diseases Dataset(Augmented)\New Plant Diseases Dataset(Augmented)\valid\Grape___Leaf_blight_(Isariopsis_Leaf_Spot)\7a2ec9b8-0f56-48e7-b31d-214e8ceca667___FAM_L.Blight 4564.JPG,Grape___Leaf_blight_(Isariopsis_Leaf_Spot),Tomato___Septoria_leaf_spot,0.2254520207643509
C:\Users\siddh\Downloads\plant dataset\New Plant Diseases Dataset(Augmented)\New Plant Diseases Dataset(Augmented)\valid\Cherry_(including_sour)___healthy\26f3d1b1-10a5-4e25-875c-e64b391e11bc___JR_HL 4068_flipTB.JPG,Cherry_(including_sour)___healthy,Blueberry___healthy,0.22533594071865082
C:\Users\siddh\Downloads\plant dataset\New Plant Diseases Dataset(Augmented)\New Plant Diseases Dataset(Augmented)\valid\Tomato___Target_Spot\05c5b778-ab92-43c8-a390-93826690fc2d___Com.G_TgS_FL 9746_newPixel25.JPG,Tomato___Target_Spot,Tomato___Late_blight,0.2252795398235321
C:\Users\siddh\Downloads\plant dataset\New Plant Diseases Dataset(Augmented)\New Plant Diseases Dataset(Augmented)\valid\Tomato___Septoria_leaf_spot\63ff8ff8-0b4e-4587-8dd0-6961c34b370a___JR_Sept.L.S 2686.JPG,Tomato___Septoria_leaf_spot,Tomato___Late_blight,0.22520111501216888
C:\Users\siddh\Downloads\plant dataset\New Plant Diseases Dataset(Augmented)\New Plant Diseases Dataset(Augmented)\valid\Cherry_(including_sour)___Powdery_mildew\3ec67b8f-007a-4e49-9e5f-0ce292ea0675___FREC_Pwd.M 5138.JPG,Cherry_(including_sour)___Powdery_mildew,Apple___Apple_scab,0.2237187623977661
C:\Users\siddh\Downloads\plant dataset\New Plant Diseases Dataset(Augmented)\New Plant Diseases Dataset(Augmented)\valid\Apple___healthy\0e99efe9-d414-4091-b7b4-6ba6856db3d9___RS_HL 5841.JPG,Apple___healthy,Apple___Black_rot,0.22287292778491974
C:\Users\siddh\Downloads\plant dataset\New Plant Diseases Dataset(Augmented)\New Plant Diseases Dataset(Augmented)\valid\Potato___healthy\a1abff90-34e5-464d-b4d3-0c09f5924900___RS_HL 5414_flipTB.JPG,Potato___healthy,Strawberry___healthy,0.22218358516693115
C:\Users\siddh\Downloads\plant dataset\New Plant Diseases Dataset(Augmented)\New Plant Diseases Dataset(Augmented)\valid\Apple___Apple_scab\d72cdbbd-7982-4198-8bf7-a053ed69bba1___FREC_Scab 3529_90deg.JPG,Apple___Apple_scab,Apple___Black_rot,0.22203701734542847
C:\Users\siddh\Downloads\plant dataset\New Plant Diseases Dataset(Augmented)\New Plant Diseases Dataset(Augmented)\valid\Apple___healthy\dfe47262-125f-4452-ab64-3c445b386061___RS_HL 7349.JPG,Apple___healthy,Tomato___healthy,0.2166239470243454
C:\Users\siddh\Downloads\plant dataset\New Plant Diseases Dataset(Augmented)\New Plant Diseases Dataset(Augmented)\valid\Tomato___Leaf_Mold\a47a2d12-bac3-43c8-88d3-0f35e6884381___Crnl_L.Mold 8688_flipTB.JPG,Tomato___Leaf_Mold,Tomato___healthy,0.2165965586900711
C:\Users\siddh\Downloads\plant dataset\New Plant Diseases Dataset(Augmented)\New Plant Diseases Dataset(Augmented)\valid\Soybean___healthy\fae562c1-6d9f-499d-b8db-aa20bb125bbd___RS_HL 7389.JPG,Soybean___healthy,Potato___healthy,0.21629035472869873
C:\Users\siddh\Downloads\plant dataset\New Plant Diseases Dataset(Augmented)\New Plant Diseases Dataset(Augmented)\valid\Grape___Leaf_blight_(Isariopsis_Leaf_Spot)\f3333123-4cbf-4929-9fe1-117d1802bbac___FAM_L.Blight 1563_flipLR.JPG,Grape___Leaf_blight_(Isariopsis_Leaf_Spot),Tomato___Bacterial_spot,0.21611358225345612
C:\Users\siddh\Downloads\plant dataset\New Plant Diseases Dataset(Augmented)\New Plant Diseases Dataset(Augmented)\valid\Potato___Late_blight\939a9a98-cbc9-4b83-bb47-395f26d7fddd___RS_LB 4293.JPG,Potato___Late_blight,Tomato___Spider_mites Two-spotted_spider_mite,0.2148364782333374
C:\Users\siddh\Downloads\plant dataset\New Plant Diseases Dataset(Augmented)\New Plant Diseases Dataset(Augmented)\valid\Tomato___Early_blight\7621d943-ed1a-4ffb-8fa4-8c12d50424de___RS_Erly.B 8322.JPG,Tomato___Early_blight,Tomato___Late_blight,0.21471673250198364
C:\Users\siddh\Downloads\plant dataset\New Plant Diseases Dataset(Augmented)\New Plant Diseases Dataset(Augmented)\valid\Tomato___Target_Spot\0fe6221c-5848-4000-afc6-5a10422dd300___Com.G_TgS_FL 9772_flipTB.JPG,Tomato___Target_Spot,Tomato___healthy,0.21436190605163574
C:\Users\siddh\Downloads\plant dataset\New Plant Diseases Dataset(Augmented)\New Plant Diseases Dataset(Augmented)\valid\Tomato___Early_blight\573fc55b-8a73-48ba-b916-5d7f397977e4___RS_Erly.B 8384_180deg.JPG,Tomato___Early_blight,Tomato___Septoria_leaf_spot,0.21412517130374908
C:\Users\siddh\Downloads\plant dataset\New Plant Diseases Dataset(Augmented)\New Plant Diseases Dataset(Augmented)\valid\Tomato___healthy\0d259481-e08d-459d-aa92-fe05e1524742___GH_HL Leaf 253.1_new30degFlipLR.JPG,Tomato___healthy,Apple___Cedar_apple_rust,0.2139788120985031
C:\Users\siddh\Downloads\plant dataset\New Plant Diseases Dataset(Augmented)\New Plant Diseases Dataset(Augmented)\valid\Tomato___Spider_mites Two-spotted_spider_mite\4b945a1f-7fed-4ca6-8a8c-5a08f4235fe7___Com.G_SpM_FL 9428_180deg.JPG,Tomato___Spider_mites Two-spotted_spider_mite,Tomato___Tomato_mosaic_virus,0.21247559785842896
C:\Users\siddh\Downloads\plant dataset\New Plant Diseases Dataset(Augmented)\New Plant Diseases Dataset(Augmented)\valid\Peach___healthy\5222ca45-657d-42ac-81c4-58aa0d6b9c93___Rutg._HL 3715_90deg.JPG,Peach___healthy,Tomato___Tomato_mosaic_virus,0.21182198822498322
C:\Users\siddh\Downloads\plant dataset\New Plant Diseases Dataset(Augmented)\New Plant Diseases Dataset(Augmented)\valid\Apple___Apple_scab\7f4d7ebc-7d2b-454f-8f61-b5dc469a16b7___FREC_Scab 3010_90deg.JPG,Apple___Apple_scab,Apple___Black_rot,0.2108849585056305
C:\Users\siddh\Downloads\plant dataset\New Plant Diseases Dataset(Augmented)\New Plant Diseases Dataset(Augmented)\valid\Tomato___Early_blight\bac5677d-59b4-4183-839f-24860287ed6a___RS_Erly.B 9503.JPG,Tomato___Early_blight,Tomato___Bacterial_spot,0.20995472371578217
C:\Users\siddh\Downloads\plant dataset\New Plant Diseases Dataset(Augmented)\New Plant Diseases Dataset(Augmented)\valid\Peach___Bacterial_spot\386e8387-acb2-4813-ae51-6391e3011dff___Rut._Bact.S 1327.JPG,Peach___Bacterial_spot,Tomato___Bacterial_spot,0.20976093411445618
C:\Users\siddh\Downloads\plant dataset\New Plant Diseases Dataset(Augmented)\New Plant Diseases Dataset(Augmented)\valid\Tomato___Late_blight\4f12205c-0035-48ed-b6b0-56f347fe2ab0___RS_Late.B 5085_flipLR.JPG,Tomato___Late_blight,Tomato___Tomato_Yellow_Leaf_Curl_Virus,0.20956917107105255
C:\Users\siddh\Downloads\plant dataset\New Plant Diseases Dataset(Augmented)\New Plant Diseases Dataset(Augmented)\valid\Potato___healthy\bde33d08-678c-4f84-b80e-fcb986a9a446___RS_HL 5415_new90degFlipTB.JPG,Potato___healthy,Potato___Late_blight,0.20911085605621338
C:\Users\siddh\Downloads\plant dataset\New Plant Diseases Dataset(Augmented)\New Plant Diseases Dataset(Augmented)\valid\Tomato___Leaf_Mold\502ece2c-0321-467d-ae3e-071a08f5794f___Crnl_L.Mold 9174.JPG,Tomato___Leaf_Mold,Tomato___Septoria_leaf_spot,0.20809023082256317
C:\Users\siddh\Downloads\plant dataset\New Plant Diseases Dataset(Augmented)\New Plant Diseases Dataset(Augmented)\valid\Potato___healthy\a1abff90-34e5-464d-b4d3-0c09f5924900___RS_HL 5414_new90degFlipTB.JPG,Potato___healthy,Strawberry___healthy,0.20757710933685303
C:\Users\siddh\Downloads\plant dataset\New Plant Diseases Dataset(Augmented)\New Plant Diseases Dataset(Augmented)\valid\Raspberry___healthy\6f65ae2d-7b09-4774-adfc-2742a4fbdbe4___Mary_HL 9240.JPG,Raspberry___healthy,"Pepper,_bell___healthy",0.2048233300447464
C:\Users\siddh\Downloads\plant dataset\New Plant Diseases Dataset(Augmented)\New Plant Diseases Dataset(Augmented)\valid\Tomato___Target_Spot\1b46f9fb-4e90-4cbf-bad5-78414e389be2___Com.G_TgS_FL 8001_new30degFlipLR.JPG,Tomato___Target_Spot,Apple___Cedar_apple_rust,0.20443764328956604
C:\Users\siddh\Downloads\plant dataset\New Plant Diseases Dataset(Augmented)\New Plant Diseases Dataset(Augmented)\valid\Tomato___Early_blight\3889a459-3e30-4345-83e1-57c68b32af30___RS_Erly.B 7638_180deg.JPG,Tomato___Early_blight,Tomato___Late_blight,0.20386247336864471
C:\Users\siddh\Downloads\plant dataset\New Plant Diseases Dataset(Augmented)\New Plant Diseases Dataset(Augmented)\valid\Raspberry___healthy\8e8297fd-5e23-44f2-be98-92f7b8908f81___Mary_HL 6315_newPixel25.JPG,Raspberry___healthy,Cherry_(including_sour)___Powdery_mildew,0.20313851535320282
C:\Users\siddh\Downloads\plant dataset\New Plant Diseases Dataset(Augmented)\New Plant Diseases Dataset(Augmented)\valid\Tomato___Leaf_Mold\a47a2d12-bac3-43c8-88d3-0f35e6884381___Crnl_L.Mold 8688_180deg.JPG,Tomato___Leaf_Mold,Tomato___healthy,0.20290949940681458
C:\Users\siddh\Downloads\plant dataset\New Plant Diseases Dataset(Augmented)\New Plant Diseases Dataset(Augmented)\valid\Tomato___healthy\0d70d565-520e-474c-85c1-ab478c9f1d4b___GH_HL Leaf 203.1_new30degFlipLR.JPG,Tomato___healthy,Apple___Apple_scab,0.2022162675857544
"C:\Users\siddh\Downloads\plant dataset\New Plant Diseases Dataset(Augmented)\New Plant Diseases Dataset(Augmented)\valid\Pepper,_bell___healthy\7298eb6a-8db7-40dc-9256-aca7772c02af___JR_HL 8739.JPG","Pepper,_bell___healthy",Apple___healthy,0.20195849239826202
C:\Users\siddh\Downloads\plant dataset\New Plant Diseases Dataset(Augmented)\New Plant Diseases Dataset(Augmented)\valid\Tomato___Late_blight\2485b2a9-a492-4a45-bb4b-bb63edefb7ef___GHLB2 Leaf 9084.JPG,Tomato___Late_blight,Blueberry___healthy,0.19873329997062683
C:\Users\siddh\Downloads\plant dataset\New Plant Diseases Dataset(Augmented)\New Plant Diseases Dataset(Augmented)\valid\Tomato___Spider_mites Two-spotted_spider_mite\2e41a813-b5a7-4501-bec2-e0f2db310a2c___Com.G_SpM_FL 9570_180deg.JPG,Tomato___Spider_mites Two-spotted_spider_mite,"Pepper,_bell___Bacterial_spot",0.19845788180828094
C:\Users\siddh\Downloads\plant dataset\New Plant Diseases Dataset(Augmented)\New Plant Diseases Dataset(Augmented)\valid\Potato___Early_blight\61d53ca2-a8e2-4e5d-b8cd-3f9608b74fc1___RS_Early.B 6746_flipTB.JPG,Potato___Early_blight,Tomato___healthy,0.19734160602092743
C:\Users\siddh\Downloads\plant dataset\New Plant Diseases Dataset(Augmented)\New Plant Diseases Dataset(Augmented)\valid\Peach___Bacterial_spot\6ea07eba-c9a1-4937-b7b7-28429ff55860___Rut._Bact.S 3345.JPG,Peach___Bacterial_spot,"Pepper,_bell___Bacterial_spot",0.19634787738323212
C:\Users\siddh\Downloads\plant dataset\New Plant Diseases Dataset(Augmented)\New Plant Diseases Dataset(Augmented)\valid\Tomato___Spider_mites Two-spotted_spider_mite\0956a6ef-18ce-4a82-a9a1-ca41d07ae13f___Com.G_SpM_FL 9371.JPG,Tomato___Spider_mites Two-spotted_spider_mite,Tomato___Late_blight,0.19450868666172028
C:\Users\siddh\Downloads\plant dataset\New Plant Diseases Dataset(Augmented)\New Plant Diseases Dataset(Augmented)\valid\Tomato___Early_blight\0401adc0-0998-4d8e-90de-4eae8caf4248___RS_Erly.B 8446.JPG,Tomato___Early_blight,"Pepper,_bell___healthy",0.19438377022743225
C:\Users\siddh\Downloads\plant dataset\New Plant Diseases Dataset(Augmented)\New Plant Diseases Dataset(Augmented)\valid\Potato___Late_blight\51eb7a7a-99b4-47c4-be2f-2de9f4e5e985___RS_LB 5182_flipTB.JPG,Potato___Late_blight,Blueberry___healthy,0.19424159824848175
C:\Users\siddh\Downloads\plant dataset\New Plant Diseases Dataset(Augmented)\New Plant Diseases Dataset(Augmented)\valid\Tomato___Target_Spot\b9ca3f45-dbc3-43ac-b345-4b81c5fcb2b6___Com.G_TgS_FL 7916.JPG,Tomato___Target_Spot,Soybean___healthy,0.19385528564453125
C:\Users\siddh\Downloads\plant dataset\New Plant Diseases Dataset(Augmented)\New Plant Diseases Dataset(Augmented)\valid\Potato___Early_blight\dcc46f93-d842-496d-980b-4b29a00551d5___RS_Early.B 8424_flipTB.JPG,Potato___Early_blight,Strawberry___healthy,0.19334273040294647
C:\Users\siddh\Downloads\plant dataset\New Plant Diseases Dataset(Augmented)\New Plant Diseases Dataset(Augmented)\valid\Potato___Late_blight\b2492a9e-c038-48a7-8524-8f0aca7dc870___RS_LB 4291_180deg.JPG,Potato___Late_blight,Strawberry___healthy,0.19311316311359406
C:\Users\siddh\Downloads\plant dataset\New Plant Diseases Dataset(Augmented)\New Plant Diseases Dataset(Augmented)\valid\Tomato___Septoria_leaf_spot\2ff033e7-73ea-49aa-b81a-164963cc464d___Matt.S_CG 6638.JPG,Tomato___Septoria_leaf_spot,Tomato___Spider_mites Two-spotted_spider_mite,0.19265742599964142
C:\Users\siddh\Downloads\plant dataset\New Plant Diseases Dataset(Augmented)\New Plant Diseases Dataset(Augmented)\valid\Tomato___Septoria_leaf_spot\9cefe4b5-2da6-448b-b92d-82314f527bc1___Matt.S_CG 0665.JPG,Tomato___Septoria_leaf_spot,Strawberry___Leaf_scorch,0.1925661861896515
C:\Users\siddh\Downloads\plant dataset\New Plant Diseases Dataset(Augmented)\New Plant Diseases Dataset(Augmented)\valid\Tomato___Spider_mites Two-spotted_spider_mite\4fb875a3-1dd9-4694-92b9-92cd77af7ed9___Com.G_SpM_FL 9318_flipTB.JPG,Tomato___Spider_mites Two-spotted_spider_mite,Tomato___Late_blight,0.1909741759300232
C:\Users\siddh\Downloads\plant dataset\New Plant Diseases Dataset(Augmented)\New Plant Diseases Dataset(Augmented)\valid\Tomato___Septoria_leaf_spot\2fed0190-d484-415f-9ae2-84707eb8a294___Matt.S_CG 1617_180deg.JPG,Tomato___Septoria_leaf_spot,"Pepper,_bell___Bacterial_spot",0.19075098633766174
C:\Users\siddh\Downloads\plant dataset\New Plant Diseases Dataset(Augmented)\New Plant Diseases Dataset(Augmented)\valid\Potato___Early_blight\a4cc86e3-ac4d-4b72-89a2-6cf106831908___RS_Early.B 7346_flipTB.JPG,Potato___Early_blight,Potato___Late_blight,0.19056865572929382
C:\Users\siddh\Downloads\plant dataset\New Plant Diseases Dataset(Augmented)\New Plant Diseases Dataset(Augmented)\valid\Tomato___Late_blight\e131a4c1-21d7-40cd-a19f-02456e411750___GHLB Leaf 3 Day 1.JPG,Tomato___Late_blight,Grape___Black_rot,0.1904297024011612
C:\Users\siddh\Downloads\plant dataset\New Plant Diseases Dataset(Augmented)\New Plant Diseases Dataset(Augmented)\valid\Tomato___Early_blight\01f87f04-ff38-4aba-b7d1-587aa06e5282___RS_Erly.B 7851.JPG,Tomato___Early_blight,Tomato___Tomato_mosaic_virus,0.18982087075710297
C:\Users\siddh\Downloads\plant dataset\New Plant Diseases Dataset(Augmented)\New Plant Diseases Dataset(Augmented)\valid\Grape___healthy\6c83cc71-8d08-4568-8dc5-5a30c653c564___Mt.N.V_HL 9003.JPG,Grape___healthy,Tomato___healthy,0.18853536248207092
C:\Users\siddh\Downloads\plant dataset\New Plant Diseases Dataset(Augmented)\New Plant Diseases Dataset(Augmented)\valid\Tomato___Early_blight\bab7dc71-f5d2-4b07-a582-11a13f785b3d___RS_Erly.B 7764_180deg.JPG,Tomato___Early_blight,Peach___healthy,0.18755781650543213
C:\Users\siddh\Downloads\plant dataset\New Plant Diseases Dataset(Augmented)\New Plant Diseases Dataset(Augmented)\valid\Tomato___Early_blight\bb843f3f-a4cd-4a42-94ff-152199d78895___RS_Erly.B 7381_180deg.JPG,Tomato___Early_blight,Tomato___Spider_mites Two-spotted_spider_mite,0.18627668917179108
C:\Users\siddh\Downloads\plant dataset\New Plant Diseases Dataset(Augmented)\New Plant Diseases Dataset(Augmented)\valid\Peach___Bacterial_spot\7ecb6ec9-6757-4a82-ab62-3578bff30dc2___Rut._Bact.S 3472.JPG,Peach___Bacterial_spot,"Pepper,_bell___Bacterial_spot",0.18248221278190613
C:\Users\siddh\Downloads\plant dataset\New Plant Diseases Dataset(Augmented)\New Plant Diseases Dataset(Augmented)\valid\Apple___Apple_scab\4495850d-4478-4680-a657-c082a8ea69ed___FREC_Scab 3534_90deg.JPG,Apple___Apple_scab,Strawberry___healthy,0.18084344267845154
C:\Users\siddh\Downloads\plant dataset\New Plant Diseases Dataset(Augmented)\New Plant Diseases Dataset(Augmented)\valid\Tomato___Early_blight\9cd2e960-3941-4b60-84fb-0ed227c26ed7___RS_Erly.B 7839.JPG,Tomato___Early_blight,Cherry_(including_sour)___healthy,0.17870773375034332
C:\Users\siddh\Downloads\plant dataset\New Plant Diseases Dataset(Augmented)\New Plant Diseases Dataset(Augmented)\valid\Tomato___Target_Spot\2b9b189c-11a8-46ce-9553-acce775bd29d___Com.G_TgS_FL 9978.JPG,Tomato___Target_Spot,Tomato___Bacterial_spot,0.1762128621339798
C:\Users\siddh\Downloads\plant dataset\New Plant Diseases Dataset(Augmented)\New Plant Diseases Dataset(Augmented)\valid\Tomato___Target_Spot\f8d791bc-1b26-40e5-ad02-c45ed79aa128___Com.G_TgS_FL 9928.JPG,Tomato___Target_Spot,Soybean___healthy,0.17511482536792755
C:\Users\siddh\Downloads\plant dataset\New Plant Diseases Dataset(Augmented)\New Plant Diseases Dataset(Augmented)\valid\Potato___Early_blight\c3ce9bae-e62a-4dd9-afa0-f020c48b87cc___RS_Early.B 6704.JPG,Potato___Early_blight,"Pepper,_bell___Bacterial_spot",0.17470678687095642
C:\Users\siddh\Downloads\plant dataset\New Plant Diseases Dataset(Augmented)\New Plant Diseases Dataset(Augmented)\valid\Tomato___Tomato_mosaic_virus\274c03c3-c69a-4182-ba3f-d6e93b2dea0b___PSU_CG 2349_newPixel25.JPG,Tomato___Tomato_mosaic_virus,Apple___Cedar_apple_rust,0.1704486459493637
C:\Users\siddh\Downloads\plant dataset\New Plant Diseases Dataset(Augmented)\New Plant Diseases Dataset(Augmented)\valid\Apple___Apple_scab\bf9a1cb3-baa2-42f6-881b-c77864b3019c___FREC_Scab 3189.JPG,Apple___Apple_scab,Tomato___Bacterial_spot,0.1687815636396408
C:\Users\siddh\Downloads\plant dataset\New Plant Diseases Dataset(Augmented)\New Plant Diseases Dataset(Augmented)\valid\Grape___Leaf_blight_(Isariopsis_Leaf_Spot)\e8015556-3831-4558-a250-00296a0e9995___FAM_L.Blight 4981_flipLR.JPG,Grape___Leaf_blight_(Isariopsis_Leaf_Spot),Tomato___Target_Spot,0.16753697395324707
C:\Users\siddh\Downloads\plant dataset\New Plant Diseases Dataset(Augmented)\New Plant Diseases Dataset(Augmented)\valid\Tomato___Bacterial_spot\3811d01e-de9a-4159-8ab6-eb0e277f0acd___GCREC_Bact.Sp 3546.JPG,Tomato___Bacterial_spot,Squash___Powdery_mildew,0.16270209848880768
C:\Users\siddh\Downloads\plant dataset\New Plant Diseases Dataset(Augmented)\New Plant Diseases Dataset(Augmented)\valid\Peach___Bacterial_spot\ef7fe4d8-a170-472f-abf3-c6ce3c3be15d___Rut._Bact.S 1276.JPG,Peach___Bacterial_spot,"Pepper,_bell___healthy",0.15651100873947144
C:\Users\siddh\Downloads\plant dataset\New Plant Diseases Dataset(Augmented)\New Plant Diseases Dataset(Augmented)\valid\Grape___Black_rot\7994b175-d5f2-42a4-95e1-098e957766e6___FAM_B.Rot 0424.JPG,Grape___Black_rot,Tomato___Bacterial_spot,0.1471034437417984
C:\Users\siddh\Downloads\plant dataset\New Plant Diseases Dataset(Augmented)\New Plant Diseases Dataset(Augmented)\valid\Corn_(maize)___healthy\02ab8d66-0385-43db-855a-ea5f8811ebd5___R.S_HL 7954 copy_flipLR.jpg,Corn_(maize)___healthy,Tomato___healthy,0.13403254747390747
